model,horizon,scope,n_forecasts,MAE,RMSE,MASE
Historical Mean,1,all,86,47207.2458065167,53145.0755865307,14.3536226669163
Historical Mean,1,q1,22,45153.5113795482,50923.3880880211,13.8697121351709
Historical Mean,2,all,86,47701.4281122676,53655.681384941,14.7525797449367
Historical Mean,2,q1,22,45709.8738317095,51500.6588268013,14.3120409760852
Naive,1,all,86,5298.70581395349,7938.61852103008,1.59992635608474
Naive,1,q1,22,6709.55,10341.6991029916,1.8655444043937
Naive,2,all,86,6914.0488372093,9376.8863792839,2.2039488757085
Naive,2,q1,22,4905.25,6476.38012918693,1.79397220791958
Seasonal Naive,1,all,86,5991.50232558139,7023.88626808384,2.19482143196439
Seasonal Naive,1,q1,22,6967.46818181818,8851.86731206781,2.42929764824356
Seasonal Naive,2,all,86,5991.50232558139,7023.88626808384,2.24634881631154
Seasonal Naive,2,q1,22,6967.46818181818,8851.86731206781,2.48801781717908
