origin,n_train,n_training_q1,cny_training_center,p,d,q,P,D,Q,seasonal_period,selected_order,selected_seasonal_order,cny_beta,cny_beta_se,cny_beta_pvalue,converged,fit_attempt_count,same_protocol_retry_count
2004Q3,43,11,0.383682983682909,0,1,0,1,0,0,4,"(0,1,0)","(1,0,0,4)",-0.016993145089119,0.0333539642613988,0.610416499050652,True,1,0
2004Q4,44,11,0.383682983682909,1,1,0,1,0,0,4,"(1,1,0)","(1,0,0,4)",-0.017272328415474,0.0307451091207063,0.574258362308785,True,2,1
2005Q1,45,12,0.387820512820417,0,1,0,1,0,0,4,"(0,1,0)","(1,0,0,4)",-0.016876210085309,0.0316870776749535,0.594317657853948,True,1,0
2005Q2,46,12,0.387820512820417,1,1,0,1,0,0,4,"(1,1,0)","(1,0,0,4)",-0.0120166497819642,0.0293793358556525,0.682527136341894,True,1,0
2005Q3,47,12,0.387820512820417,0,1,0,1,0,0,4,"(0,1,0)","(1,0,0,4)",-0.0120310320418571,0.0302978375350917,0.691299542675752,True,1,0
2005Q4,48,12,0.387820512820417,0,1,0,1,0,0,4,"(0,1,0)","(1,0,0,4)",-0.0120067219128301,0.104333412420121,0.90838146299135,True,1,0
2006Q1,49,13,0.381919789612,1,1,0,1,0,0,4,"(1,1,0)","(1,0,0,4)",0.0052772445330877,0.139930411039622,0.969916232003139,True,1,0
2006Q2,50,13,0.381919789612,0,1,1,1,0,0,4,"(0,1,1)","(1,0,0,4)",-0.002868615468777,0.136138146874875,0.983188733771788,True,1,0
2006Q3,51,13,0.381919789612,1,1,0,1,0,0,4,"(1,1,0)","(1,0,0,4)",0.000701167120786167,0.141972211756619,0.996059453191512,True,1,0
2006Q4,52,13,0.381919789612,0,1,0,1,0,1,4,"(0,1,0)","(1,0,1,4)",-0.0254851137087378,0.109255783278681,0.815558737650204,True,1,0
2007Q1,53,14,0.392735042734929,1,1,0,1,0,1,4,"(1,1,0)","(1,0,1,4)",0.0128208102260199,0.114785312215469,0.911066178040992,True,1,0
2007Q2,54,14,0.392735042734929,1,1,0,1,0,1,4,"(1,1,0)","(1,0,1,4)",-0.00992653512394597,0.108204680047523,0.926905807162444,True,2,1
2007Q3,55,14,0.392735042734929,1,1,0,1,0,1,4,"(1,1,0)","(1,0,1,4)",-0.010986155775031,0.106078710637448,0.91751371052557,True,1,0
2007Q4,56,14,0.392735042734929,1,1,0,1,0,1,4,"(1,1,0)","(1,0,1,4)",-0.0118315365505091,0.106832971075211,0.911816191443147,True,1,0
2008Q1,57,15,0.3936589336588,1,1,0,1,0,1,4,"(1,1,0)","(1,0,1,4)",-0.00622937145185987,0.112396631542134,0.95580138091461,True,1,0
2008Q2,58,15,0.3936589336588,1,1,0,1,0,1,4,"(1,1,0)","(1,0,1,4)",-0.00229093429709999,0.111123091849486,0.983551828888886,True,1,0
2008Q3,59,15,0.3936589336588,1,1,0,1,0,1,4,"(1,1,0)","(1,0,1,4)",-0.00341571698525723,0.107943399571878,0.974756278726803,True,1,0
2008Q4,60,15,0.3936589336588,1,1,0,1,0,1,4,"(1,1,0)","(1,0,1,4)",0.00447342567572925,0.113384054856392,0.968528630300745,True,1,0
2009Q1,61,16,0.38641636141625,1,1,0,1,0,1,4,"(1,1,0)","(1,0,1,4)",0.00801905609255038,0.109268414563455,0.941496888115927,True,1,0
2009Q2,62,16,0.38641636141625,1,1,0,1,0,1,4,"(1,1,0)","(1,0,1,4)",0.0169603559234359,0.108397837472166,0.875667317687799,True,1,0
2009Q3,63,16,0.38641636141625,1,1,0,1,0,1,4,"(1,1,0)","(1,0,1,4)",0.0186755799357939,0.106435426019657,0.860715097498053,True,1,0
2009Q4,64,16,0.38641636141625,1,1,0,1,0,1,4,"(1,1,0)","(1,0,1,4)",0.0203983599677073,0.106507391089735,0.848117738944891,True,1,0
2010Q1,65,17,0.392444157149941,1,1,0,1,0,1,4,"(1,1,0)","(1,0,1,4)",0.0403299217647135,0.101176677110422,0.690181418803467,True,1,0
2010Q2,66,17,0.392444157149941,1,1,0,1,0,1,4,"(1,1,0)","(1,0,1,4)",0.0340917779909036,0.099535155916369,0.731967182141186,True,1,0
2010Q3,67,17,0.392444157149941,1,1,0,1,0,1,4,"(1,1,0)","(1,0,1,4)",0.0333325742401393,0.0979809144565025,0.733710013418541,True,1,0
2010Q4,68,17,0.392444157149941,1,1,0,1,0,1,4,"(1,1,0)","(1,0,1,4)",0.0341446316519112,0.0975840929811585,0.726414073756617,True,1,0
2011Q1,69,18,0.391012074345333,1,1,0,1,0,1,4,"(1,1,0)","(1,0,1,4)",0.0345582078895557,0.0959628458275641,0.718756868236286,True,1,0
2011Q2,70,18,0.391012074345333,1,1,0,1,0,1,4,"(1,1,0)","(1,0,1,4)",0.0353082406525343,0.0946611565973407,0.709151359022974,True,1,0
2011Q3,71,18,0.391012074345333,1,1,0,1,0,1,4,"(1,1,0)","(1,0,1,4)",0.0356151206777258,0.0932333548720296,0.702461530777694,True,1,0
2011Q4,72,18,0.391012074345333,0,1,1,1,0,1,4,"(0,1,1)","(1,0,1,4)",0.0345473233486559,0.092583370758158,0.709038104882914,True,1,0
2012Q1,73,19,0.383156609472316,0,1,1,1,0,1,4,"(0,1,1)","(1,0,1,4)",0.0383959723762932,0.0909218536505971,0.672808678298438,True,1,0
2012Q2,74,19,0.383156609472316,1,1,0,1,0,1,4,"(1,1,0)","(1,0,1,4)",0.03643615390187,0.0894369926048031,0.683718142554316,True,1,0
2012Q3,75,19,0.383156609472316,1,1,0,1,0,1,4,"(1,1,0)","(1,0,1,4)",0.0359884354015055,0.0882452281754095,0.683403612316754,True,1,0
2012Q4,76,19,0.383156609472316,1,1,0,1,0,1,4,"(1,1,0)","(1,0,1,4)",0.0359755791093274,0.0870795813340786,0.679508075492764,True,1,0
2013Q1,77,20,0.3862210012209,1,1,0,1,0,1,4,"(1,1,0)","(1,0,1,4)",0.0278636516712377,0.0849724420172168,0.742976702981771,True,1,0
2013Q2,78,20,0.3862210012209,1,1,0,1,0,1,4,"(1,1,0)","(1,0,1,4)",0.0277054400330399,0.08384395072292,0.741067116584011,True,1,0
2013Q3,79,20,0.3862210012209,1,1,0,1,0,1,4,"(1,1,0)","(1,0,1,4)",0.0275968929718436,0.0826865618671247,0.738565907583473,True,1,0
2013Q4,80,20,0.3862210012209,1,1,0,1,0,1,4,"(1,1,0)","(1,0,1,4)",0.0277052840132206,0.0816397997210292,0.734338533327406,True,1,0
2014Q1,81,21,0.383702540845286,1,1,0,1,0,1,4,"(1,1,0)","(1,0,1,4)",0.0307618429490741,0.0808939767116825,0.703742337588432,True,1,0
2014Q2,82,21,0.383702540845286,1,1,0,1,0,1,4,"(1,1,0)","(1,0,1,4)",0.0304608013669135,0.0798322728196149,0.70278776472259,True,1,0
2014Q3,83,21,0.383702540845286,1,1,0,1,0,1,4,"(1,1,0)","(1,0,1,4)",0.0304205862548224,0.0788088834066723,0.699493311470355,True,1,0
2014Q4,84,21,0.383702540845286,1,1,0,1,0,1,4,"(1,1,0)","(1,0,1,4)",0.0303968634126614,0.0777815941275497,0.695946819615847,True,1,0
2015Q1,85,22,0.391008991008864,1,1,0,1,0,1,4,"(1,1,0)","(1,0,1,4)",0.0289108955162092,0.0767950875669537,0.706568976843288,True,1,0
2015Q2,86,22,0.391008991008864,1,1,0,1,0,1,4,"(1,1,0)","(1,0,1,4)",0.0262419298205524,0.0757652586000595,0.729073423407543,True,1,0
2015Q3,87,22,0.391008991008864,1,1,0,1,0,1,4,"(1,1,0)","(1,0,1,4)",0.0258060861087743,0.074819969901673,0.730162732965978,True,1,0
2015Q4,88,22,0.391008991008864,1,1,0,1,0,1,4,"(1,1,0)","(1,0,1,4)",0.0256318361708987,0.0739380874345259,0.728842102085719,True,1,0
2016Q1,89,23,0.392164357381609,1,1,0,1,0,1,4,"(1,1,0)","(1,0,1,4)",0.0274571156716393,0.0745417442108901,0.71261563333555,True,1,0
2016Q2,90,23,0.392164357381609,1,1,0,1,0,1,4,"(1,1,0)","(1,0,1,4)",0.0271052530464661,0.0736467881246207,0.712840481097734,True,1,0
2016Q3,91,23,0.392164357381609,0,1,1,1,0,1,4,"(0,1,1)","(1,0,1,4)",0.026035032430672,0.0725565078752069,0.71972659180937,True,1,0
2016Q4,92,23,0.392164357381609,0,1,1,1,0,1,4,"(0,1,1)","(1,0,1,4)",0.0260444358164036,0.0717658991819181,0.716673434785842,True,1,0
2017Q1,93,24,0.388324175824042,0,1,1,1,0,1,4,"(0,1,1)","(1,0,1,4)",0.03387570535607,0.0700240710580258,0.628547481303391,True,1,0
2017Q2,94,24,0.388324175824042,0,1,1,1,0,1,4,"(0,1,1)","(1,0,1,4)",0.0332815121361594,0.0692283302617989,0.630694268687669,True,1,0
2017Q3,95,24,0.388324175824042,0,1,1,1,0,1,4,"(0,1,1)","(1,0,1,4)",0.0328919061552756,0.0684130068446813,0.630669741688801,True,1,0
2017Q4,96,24,0.388324175824042,0,1,1,1,0,1,4,"(0,1,1)","(1,0,1,4)",0.0333219700360778,0.0676763134877153,0.622455886065943,True,1,0
2018Q1,97,25,0.39323565323552,0,1,1,1,0,1,4,"(0,1,1)","(1,0,1,4)",0.0165584519883422,0.0633190516540465,0.793700617480412,True,1,0
2018Q2,98,25,0.39323565323552,0,1,1,1,0,1,4,"(0,1,1)","(1,0,1,4)",0.0219065902186121,0.0620618342326024,0.724103386411579,True,1,0
2018Q3,99,25,0.39323565323552,0,1,1,1,0,1,4,"(0,1,1)","(1,0,1,4)",0.0220038777989717,0.0613933806849231,0.720038017663938,True,1,0
2018Q4,100,25,0.39323565323552,0,1,1,1,0,1,4,"(0,1,1)","(1,0,1,4)",0.0221175899616303,0.0607859561582504,0.715962408667401,True,1,0
2019Q1,101,26,0.393068469991423,0,1,1,1,0,1,4,"(0,1,1)","(1,0,1,4)",0.0208466431420921,0.0601471181499202,0.728896193311112,True,1,0
2019Q2,102,26,0.393068469991423,0,1,1,1,0,1,4,"(0,1,1)","(1,0,1,4)",0.0205454113676773,0.0595192756473111,0.729952134694597,True,1,0
2019Q3,103,26,0.393068469991423,0,1,1,1,0,1,4,"(0,1,1)","(1,0,1,4)",0.0206825184598962,0.0589114580889976,0.725529812138455,True,1,0
2019Q4,104,26,0.393068469991423,0,1,1,1,0,1,4,"(0,1,1)","(1,0,1,4)",0.0206202035723895,0.0583293655154168,0.723703697171177,True,1,0
2020Q1,105,27,0.388278388278259,1,1,0,1,0,1,4,"(1,1,0)","(1,0,1,4)",0.093976879077365,0.0683286517269041,0.169018119161203,True,1,0
2020Q2,106,27,0.388278388278259,1,1,0,1,0,1,4,"(1,1,0)","(1,0,1,4)",0.10027635987867,0.0715193438360388,0.160889194963762,True,1,0
2020Q3,107,27,0.388278388278259,0,1,1,1,0,1,4,"(0,1,1)","(1,0,1,4)",0.103834596649215,0.0698958592667745,0.137395148262389,True,1,0
2020Q4,108,27,0.388278388278259,0,1,1,1,0,1,4,"(0,1,1)","(1,0,1,4)",0.106569177166198,0.0697486468805916,0.126536586404335,True,1,0
2021Q1,109,28,0.391077969649286,0,1,1,1,0,1,4,"(0,1,1)","(1,0,1,4)",0.13234769861607,0.0646710620105391,0.0407096794578981,True,1,0
2021Q2,110,28,0.391077969649286,0,1,1,1,0,1,4,"(0,1,1)","(1,0,1,4)",0.133978195338598,0.0639559891604917,0.0361843406596067,True,1,0
2021Q3,111,28,0.391077969649286,0,1,1,1,0,1,4,"(0,1,1)","(1,0,1,4)",0.136175641756044,0.0646468411090146,0.0351648748283115,True,1,0
2021Q4,112,28,0.391077969649286,0,1,1,1,0,1,4,"(0,1,1)","(1,0,1,4)",0.136356372651739,0.0640705841252863,0.0333187515019326,True,1,0
2022Q1,113,29,0.389469917056,0,1,1,1,0,1,4,"(0,1,1)","(1,0,1,4)",0.130725415079665,0.0647771226072416,0.0435829310727157,True,1,0
2022Q2,114,29,0.389469917056,0,1,1,1,0,1,4,"(0,1,1)","(1,0,1,4)",0.123161082777375,0.0659599039596063,0.0618720761450315,True,1,0
2022Q3,115,29,0.389469917056,0,1,1,1,0,1,4,"(0,1,1)","(1,0,1,4)",0.123197702744715,0.0654255723423267,0.0596975716271143,True,1,0
2022Q4,116,29,0.389469917056,0,1,1,1,0,1,4,"(0,1,1)","(1,0,1,4)",0.122965600553968,0.0656773466222944,0.0611695226149165,True,1,0
2023Q1,117,30,0.384265364265233,0,1,1,1,0,1,4,"(0,1,1)","(1,0,1,4)",0.0937501540757699,0.059941722781923,0.117812476691652,True,1,0
2023Q2,118,30,0.384265364265233,0,1,1,1,0,1,4,"(0,1,1)","(1,0,1,4)",0.0930341781598542,0.0594829559332893,0.117806375749761,True,1,0
2023Q3,119,30,0.384265364265233,0,1,1,1,0,1,4,"(0,1,1)","(1,0,1,4)",0.0913983113915941,0.0592514526437265,0.122940066710503,True,1,0
2023Q4,120,30,0.384265364265233,0,1,1,1,0,1,4,"(0,1,1)","(1,0,1,4)",0.0912949491408678,0.058713902617929,0.119967039598249,True,1,0
2024Q1,121,31,0.386049076371516,0,1,1,1,0,1,4,"(0,1,1)","(1,0,1,4)",0.0961431409156198,0.0576239799055423,0.0952250126715805,True,1,0
2024Q2,122,31,0.386049076371516,0,1,1,1,0,1,4,"(0,1,1)","(1,0,1,4)",0.0984686739482416,0.0568848244823565,0.0834484950256897,True,1,0
2024Q3,123,31,0.386049076371516,0,1,1,1,0,1,4,"(0,1,1)","(1,0,1,4)",0.0997283029102427,0.0563413945670122,0.0767152124700105,True,1,0
2024Q4,124,31,0.386049076371516,0,1,1,1,0,1,4,"(0,1,1)","(1,0,1,4)",0.0993979286626349,0.0559378415662292,0.0755788756669005,True,1,0
2025Q1,125,32,0.383707264957125,0,1,1,1,0,1,4,"(0,1,1)","(1,0,1,4)",0.0973358584098776,0.0555525382261414,0.079749632205205,True,1,0
2025Q2,126,32,0.383707264957125,0,1,1,1,0,1,4,"(0,1,1)","(1,0,1,4)",0.0967219265917321,0.0551215475394414,0.0793101792533512,True,1,0
2025Q3,127,32,0.383707264957125,0,1,1,1,0,1,4,"(0,1,1)","(1,0,1,4)",0.0964565851870012,0.0548124387444102,0.078448978264059,True,1,0
2025Q4,128,32,0.383707264957125,0,1,1,1,0,1,4,"(0,1,1)","(1,0,1,4)",0.0964163587230078,0.054410431409316,0.0763912798711496,True,1,0
2026Q1,129,33,0.387904687904546,0,1,1,1,0,1,4,"(0,1,1)","(1,0,1,4)",0.0970315461546936,0.0538910706955189,0.0717797524250253,True,1,0
