horizon,target,is_q1,sarima_absolute_error,cny_absolute_error,absolute_loss_difference,sarima_squared_error,cny_squared_error,squared_loss_difference,cny_absolute_error_win
1,2005Q1,True,39.0172341438138,13.5010011477061,-25.5162329961077,1522.34456023319,182.277031990362,-1340.06752824283,True
1,2005Q2,False,139.740913844089,189.107489623415,49.366575779326,19527.5230019811,35761.64263167,16234.1196296889,False
1,2005Q3,False,96.5794857541259,99.9185795331305,3.33909377900457,9327.59706853141,9983.72253591852,656.12546738711,False
1,2005Q4,False,3939.75506494046,3943.04021759544,3.2851526549839,15521669.971724,15547566.1575751,25896.1858511269,False
1,2006Q1,True,3116.27739628666,3147.49748859013,31.220092303472,9711184.81060718,9906740.44068119,195555.630074007,False
1,2006Q2,False,1071.55015153481,1073.26667197389,1.71652043907807,1148219.72725427,1151901.34916991,3681.62191563542,False
1,2006Q3,False,649.065234727626,647.846128314904,-1.21910641272154,421285.678932029,419704.605972612,-1581.0729594173,True
1,2006Q4,False,5335.61690812605,5334.99308337362,-0.623824752427936,28468807.7902806,28462151.1996444,-6656.5906362161,True
1,2007Q1,True,1412.14429317796,1485.61722818438,73.4729350064192,1994151.50475508,2207058.54867824,212907.043923158,False
1,2007Q2,False,833.306772650682,870.413230703565,37.1064580528832,694400.177345495,757619.192183818,63219.0148383229,False
1,2007Q3,False,104.102276234338,100.500049817529,-3.60222641680937,10837.2839171705,10100.2600133257,-737.023903844763,True
1,2007Q4,False,1175.60272166558,1190.9811548863,15.3784332207163,1382041.75918752,1418436.1112943,36394.3521067761,False
1,2008Q1,True,1597.0986442235,1560.16605669394,-36.9325875295647,2550724.07938054,2434118.1244599,-116605.954920636,True
1,2008Q2,False,1225.97919140198,1228.0803714623,2.10118006031985,1503024.97775066,1508181.39877098,5156.42102032038,False
1,2008Q3,False,384.526299339424,379.911806884447,-4.6144924549767,147860.474883673,144332.981010206,-3527.49387346744,True
1,2008Q4,False,1784.82694872409,1800.65673698572,15.8297882616321,3185607.23689175,3242364.68445207,56757.4475603183,False
1,2009Q1,True,345.08171314024,338.455112230207,-6.62660091003272,119081.388743803,114551.862994762,-4529.52574904078,True
1,2009Q2,False,632.917794899167,603.188818853236,-29.7289760459313,400584.935100024,363836.751189562,-36748.1839104624,True
1,2009Q3,False,380.954297433891,357.833729976239,-23.1205674576522,145126.17673335,128044.978308708,-17081.1984246422,True
1,2009Q4,False,865.126558273878,838.657688388528,-26.4688698853498,748443.961830805,703346.71829319,-45097.2435376154,True
1,2010Q1,True,1833.16427536402,1746.67081461687,-86.4934607471525,3360491.26047089,3050858.93463435,-309632.325836538,True
1,2010Q2,False,892.963097600375,991.663476958238,98.7003793578629,797383.093676058,983396.451532902,186013.357856844,False
1,2010Q3,False,305.423045481148,336.702081104107,31.2790356229595,93283.2367109792,113368.291419837,20085.0547088578,False
1,2010Q4,False,1040.09201768153,1013.69457564857,-26.3974420329571,1081791.40524485,1027576.69269934,-54214.7125455097,True
1,2011Q1,True,292.845133164541,236.421543144315,-56.4235900202256,85758.2720181578,55895.1460627394,-29863.1259554184,True
1,2011Q2,False,302.969264697145,235.211702881657,-67.7575618154876,91790.3753511289,55324.5451724891,-36465.8301786398,True
1,2011Q3,False,124.075320101489,148.279824294106,24.2045041926172,15394.6850582869,21986.906292691,6592.22123440411,False
1,2011Q4,False,1344.28294039627,1316.34232365363,-27.9406167426446,1807096.62384044,1732757.11304183,-74339.510798614,True
1,2012Q1,True,780.861631102765,516.606668877983,-264.254962224782,609744.886928471,266882.450329206,-342862.436599265,True
1,2012Q2,False,402.376899448711,627.691879038292,225.314979589581,161907.169209958,393997.095010621,232089.925800663,False
1,2012Q3,False,234.064288184039,302.10990181144,68.0456136274011,54786.0910031011,91270.392772518,36484.3017694169,False
1,2012Q4,False,466.407181740033,430.458577594807,-35.9486041452259,217535.65917868,185294.587024945,-32241.0721537354,True
1,2013Q1,True,1483.35547340927,1710.93471421792,227.579240808648,2200343.46049324,2927297.59631595,726954.135822707,False
1,2013Q2,False,170.944909334918,35.2066743834512,-135.738234951467,29222.1620275232,1239.50992114236,-27982.6521063808,True
1,2013Q3,False,84.6324129579443,127.343443085709,42.7110301277644,7162.64532308402,16216.3524969231,9053.70717383912,False
1,2013Q4,False,95.0798143767752,77.794388425842,-17.2854259509332,9040.17110192202,6051.96687055079,-2988.20423137123,True
1,2014Q1,True,1878.12404222542,1789.52064082346,-88.603401401961,3527349.91798515,3202384.1239332,-324965.794051947,True
1,2014Q2,False,168.073278095748,223.337850650169,55.2645725544205,28248.6268098506,49879.795533037,21631.1687231864,False
1,2014Q3,False,115.775101967236,138.247127289113,22.4720253218765,13403.8742355239,19112.2682036921,5708.39396816819,False
1,2014Q4,False,132.556663927855,115.723110978608,-16.833552949247,17571.2691516823,13391.8384145672,-4179.43073711507,True
1,2015Q1,True,71.4121170963044,315.055067344932,243.642950248628,5099.6904681763,99259.6954597199,94160.0049915436,False
1,2015Q2,False,305.003112400358,587.521865778064,282.518753377706,93026.8985739055,345181.942767338,252155.044193432,False
1,2015Q3,False,375.473635403221,462.326150392997,86.8525149897761,140980.450882911,213745.469337208,72765.0184542971,False
1,2015Q4,False,961.530694356727,975.43993383713,13.9092394804024,924541.276190129,951483.064524184,26941.7883340546,False
1,2016Q1,True,3684.5317745325,3645.91286830136,-38.618906231145,13575774.3975396,13292680.6432454,-283093.754294187,True
1,2016Q2,False,864.333356700823,878.709450278009,14.3760935771862,747072.151505712,772130.298007881,25058.1465021691,False
1,2016Q3,False,467.03050189442,456.568311804003,-10.4621900904167,218117.489699754,208454.623343558,-9662.86635619641,True
1,2016Q4,False,819.611602658188,825.756318603366,6.14471594517784,671763.179211923,681873.497713383,10110.3185014604,False
1,2017Q1,True,2883.05077788413,2556.73644933822,-326.314328545911,8311981.78785827,6536901.2713746,-1775080.51648367,True
1,2017Q2,False,25.5015292012977,288.422200679197,262.920671477899,650.327991604638,83187.365844631,82537.0378530263,False
1,2017Q3,False,105.33521172039,171.178065647327,65.8428539269375,11095.5068281795,29301.9301587607,18206.4233305812,False
1,2017Q4,False,190.95923393243,176.87306733898,-14.08616659345,36465.4290240605,31284.0819498994,-5181.34707416113,True
1,2018Q1,True,5960.19666719223,6368.84312285934,408.64645566711,35523944.3116093,40562162.7235927,5038218.41198341,False
1,2018Q2,False,2390.55074055407,2204.99398614044,-185.556754413628,5714732.84316361,4861998.47891552,-852734.364248095,True
1,2018Q3,False,498.450272606831,423.496847995077,-74.9534246117543,248452.674261824,179349.580261765,-69103.0940000589,True
1,2018Q4,False,191.574242218689,168.115920043856,-23.458322174833,36700.6902816648,28262.9625721922,-8437.72770947261,True
1,2019Q1,True,864.141374978353,1013.52671660842,149.38534163007,746740.315949479,1027236.40527905,280496.089329572,False
1,2019Q2,False,174.694244913437,235.046546493031,60.3523015795942,30518.0792058758,55246.8790183007,24728.7998124249,False
1,2019Q3,False,827.253782937085,841.88643085731,14.6326479202252,684348.821383718,708772.762461661,24423.9410779425,False
1,2019Q4,False,47.7581289914669,46.4583627147658,-1.29976627670107,2280.8388847656,2158.37946613674,-122.459418628857,True
1,2020Q1,True,26414.1046627135,26076.4919192176,-337.612743495854,697704925.132783,679983430.813023,-17721494.3197598,True
1,2020Q2,False,8957.57646399496,8543.11314791164,-414.463316083315,80238176.1083165,72984782.2580208,-7253393.85029568,True
1,2020Q3,False,9926.95655560096,8924.74424077942,-1002.21231482155,98544466.4567889,79651059.7633253,-18893406.6934636,True
1,2020Q4,False,7150.69489540304,6829.27257459934,-321.422320803703,51132437.4871431,46638963.8981747,-4493473.58896843,True
1,2021Q1,True,13485.829979025,11694.6921725418,-1791.13780648322,181867610.223168,136765825.01051,-45101785.212658,True
1,2021Q2,False,2358.92349185806,1662.26933006114,-696.654161796917,5564520.04043983,2763139.32566192,-2801380.71477791,True
1,2021Q3,False,7430.60953495566,7219.96010040805,-210.649434547613,55213958.0609739,52127823.8514842,-3086134.20948973,True
1,2021Q4,False,1339.51402014597,1134.14856811722,-205.36545202875,1794297.81016763,1286292.97456234,-508004.83560529,True
1,2022Q1,True,3870.4728867162,4969.33061191425,1098.85772519805,14980560.3668053,24694246.7305081,9713686.36370276,False
1,2022Q2,False,10456.148725989,11107.1627227473,651.013996758278,109331046.180002,123369063.749587,14038017.5695847,False
1,2022Q3,False,1062.39393779841,1102.7580401708,40.3641023723865,1128680.8790708,1216075.29516134,87394.4160905359,False
1,2022Q4,False,6077.45015307602,6118.26209791705,40.8119448410262,36935400.3631237,37433131.0988083,497730.735684596,False
1,2023Q1,True,9797.15197948572,11796.6751481231,1999.5231686374,95984186.9091409,139161544.550346,43177357.6412047,False
1,2023Q2,False,520.57425780622,399.312882577899,-121.261375228321,270997.557890497,159450.778192671,-111546.779697826,True
1,2023Q3,False,3529.47515647583,3867.9091453498,338.433988873967,12457194.8801801,14960721.1566806,2503526.2765005,False
1,2023Q4,False,645.843423988103,618.404740302503,-27.4386836855997,417113.728308676,382424.422828607,-34689.3054800694,True
1,2024Q1,True,3768.9895472057,2373.07370023112,-1395.91584697458,14205282.2069458,5631478.78672863,-8573803.42021717,True
1,2024Q2,False,3021.04407022643,2125.36015860214,-895.68391162429,9126707.27425028,4517155.80377331,-4609551.47047697,True
1,2024Q3,False,3487.79772959219,3068.4079347918,-419.389794800389,12164733.0025484,9415127.25429329,-2749605.74825511,True
1,2024Q4,False,864.055298027466,1141.51358516805,277.458287140587,746591.558049333,1303053.26512322,556461.70707389,False
1,2025Q1,True,2400.91623111705,2950.70959826787,549.793367150823,5764398.74884131,8706687.13331015,2942288.38446884,False
1,2025Q2,False,1053.68539660495,1384.03264376691,330.347247161964,1110252.91501854,1915546.35901243,805293.443993893,False
1,2025Q3,False,4332.95445547574,4341.65545445363,8.70099897789351,18774494.3132271,18849972.085187,75477.7719598934,False
1,2025Q4,False,2228.21267429707,2176.12360260179,-52.0890716952831,4964931.72189811,4735513.93380058,-229417.788097531,True
1,2026Q1,True,2391.16301593509,77.0882230794377,-2314.07479285565,5717660.56877579,5942.59413754516,-5711717.97463825,True
1,2026Q2,False,3060.14187870052,1661.88663622408,-1398.25524247644,9364468.31777677,2761867.19166019,-6602601.12611658,True
2,2005Q1,True,38.8350186158114,6.31349948239586,-32.5215191334155,1508.15867089041,39.8602757142127,-1468.2983951762,True
2,2005Q2,False,178.049155635803,177.65786520594,-0.391290429863261,31701.5018226224,31562.3170695319,-139.184753090543,True
2,2005Q3,False,62.9773057180955,115.572065753202,52.5947600351065,3966.14103551047,13356.9023824624,9390.76134695197,False
2,2005Q4,False,4057.32884826721,4061.5163831535,4.18753488628545,16461917.3829814,16495915.3306243,33997.9476428535,False
2,2006Q1,True,741.596911494438,718.385348555581,-23.211562938857,549965.97913809,516077.509019324,-33888.4701187664,True
2,2006Q2,False,2708.56496214898,2708.32247039204,-0.242491756945128,7336324.15418108,7335010.60363042,-1313.55055066478,True
2,2006Q3,False,985.791121876679,994.97707506549,9.1859531888108,971784.13597088,989979.379905877,18195.2439349972,False
2,2006Q4,False,5950.65240131324,5948.96220581046,-1.69019550278244,35410264.001255,35390151.3261612,-20112.67509377,True
2,2007Q1,True,1090.28043672611,1093.52164485063,3.24120812451883,1188711.43070767,1195789.58775683,7078.1570491551,False
2,2007Q2,False,1773.25201727532,1751.55661632847,-21.6954009468452,3144422.71677101,3067950.58020406,-76472.1365669542,True
2,2007Q3,False,762.01920549088,800.15214285639,38.1329373655101,580673.269536952,640243.451717673,59570.182180721,False
2,2007Q4,False,1090.60392537042,1092.9252118551,2.32128648467756,1189416.92203337,1194485.51870851,5068.59667513985,False
2,2008Q1,True,737.763039745492,687.254517254543,-50.5085224909487,544294.302814509,472318.771486775,-71975.5313277337,True
2,2008Q2,False,2350.71418336112,2332.68125187814,-18.0329314829792,5525857.17185516,5441401.82286377,-84455.3489913903,True
2,2008Q3,False,1365.46371484359,1373.55587276543,8.09215792183795,1864491.15655446,1886655.7356084,22164.5790539363,False
2,2008Q4,False,1424.74163455771,1412.4722437991,-12.2693907586061,2029888.72524219,1995077.83950288,-34810.8857393144,True
2,2009Q1,True,1441.76069239906,1431.84075963986,-9.91993275920254,2078673.89414703,2050167.96096604,-28505.9331809862,True
2,2009Q2,False,334.569207809,316.239035950246,-18.3301718587539,111936.554813942,100007.127858741,-11929.426955201,True
2,2009Q3,False,913.131907903877,879.9289714763,-33.2029364275771,833809.881232174,774274.994843339,-59534.8863888349,True
2,2009Q4,False,523.268901107156,506.592964091455,-16.6759370157014,273810.342865891,256636.431266966,-17173.9115989252,True
2,2010Q1,True,1249.79283981193,1178.5457499828,-71.2470898291328,1561982.14244516,1388970.08480251,-173012.057642646,True
2,2010Q2,False,2285.3759785884,2280.70458588826,-4.67139270014422,5222943.36350887,5201613.40809172,-21329.9554171497,True
2,2010Q3,False,1023.878437923,1147.39774226475,123.519304341751,1048327.05564364,1316521.57895425,268194.523310609,False
2,2010Q4,False,765.534880328625,708.858412969028,-56.676467359597,586043.652999762,502480.249636969,-83563.4033627929,True
2,2011Q1,True,1007.4650198103,945.820699094045,-61.6443207162547,1014985.76614136,894576.794834748,-120408.971306612,True
2,2011Q2,False,80.3868685056877,55.3415327583207,-25.045335747367,6462.04862815073,3062.68524804028,-3399.36338011045,True
2,2011Q3,False,125.076722664111,48.9294109379261,-76.1473117261849,15644.1865523949,2394.08725473245,-13250.0992976625,True
2,2011Q4,False,1431.83604395497,1424.31151451766,-7.52452943731373,2050154.4567686,2028663.29038758,-21491.1663810206,True
2,2012Q1,True,1746.24255437631,1460.27662529642,-285.965929079889,3049363.0587147,2132407.8223871,-916955.236327596,True
2,2012Q2,False,994.016857315743,998.942215075345,4.92535775960232,988069.512627865,997885.549059637,9816.03643177252,False
2,2012Q3,False,590.021903531524,825.958725283461,235.936821751937,348125.846646963,682207.815871879,334081.969224916,False
2,2012Q4,False,654.698231317452,684.036128815977,29.3378974985245,428629.7740902,467905.425525547,39275.6514353473,False
2,2013Q1,True,1820.96046429492,2025.95599109086,204.995526795945,3315897.01252517,4104497.67783697,788600.665311798,False
2,2013Q2,False,1279.21774924413,1283.69661484812,4.47886560398524,1636398.04998121,1647876.99897251,11478.9489913001,False
2,2013Q3,False,42.0041902071025,107.617193571416,65.613003364313,1764.35199495445,11581.4603521875,9817.10835723308,False
2,2013Q4,False,4.17767329950584,47.8738822421947,43.6962089426888,17.452954197404,2291.90860093952,2274.45564674212,False
2,2014Q1,True,1939.86182073576,1841.73889033244,-98.1229304033209,3763063.88354828,3392002.14016296,-371061.743385316,True
2,2014Q2,False,1568.91895236693,1565.65263542769,-3.26631693923605,2461506.67909613,2451268.17482168,-10238.504274447,True
2,2014Q3,False,238.646902068351,307.035056815868,68.3881547475173,56952.343866821,94270.5261139235,37318.1822471025,False
2,2014Q4,False,217.450641614807,221.303882645079,3.85324103027227,47284.7815386912,48975.408473787,1690.62693509582,False
2,2015Q1,True,18.3081772840524,389.172843221168,370.864665937115,335.189355464291,151455.501900847,151120.312545383,False
2,2015Q2,False,366.261470835481,372.956977468159,6.69550663267756,134147.46501857,139096.907042185,4949.44202361457,False
2,2015Q3,False,625.396071830532,945.973617309719,320.577545479187,391120.246661059,894866.084646035,503745.837984976,False
2,2015Q4,False,1293.58469473806,1382.54965970034,88.9649649622766,1673361.36246057,1911443.56153752,238082.199076947,False
2,2016Q1,True,2969.83853577981,2913.37984498852,-56.4586907912885,8819940.92860277,8487782.12118534,-332158.807417428,True
2,2016Q2,False,3621.98657506592,3621.00937557014,-0.977199495781861,13118786.7499578,13111708.8979668,-7077.85199095681,True
2,2016Q3,False,198.962075931442,226.543797717793,27.5817217863515,39585.9076589489,51322.0922844005,11736.1846254516,False
2,2016Q4,False,1280.17512459574,1280.73325252217,0.55812792643178,1638848.34963372,1640277.66411602,1429.31448230124,False
2,2017Q1,True,2280.69027604835,1951.50581609413,-329.184459954224,5201548.1352615,3808374.9502492,-1393173.1850123,True
2,2017Q2,False,2200.41852577757,2174.12086360808,-26.2976621694852,4841841.68858513,4726801.52957596,-115040.159009166,True
2,2017Q3,False,114.055836238302,391.775378834005,277.719542595703,13008.7337800183,153487.947460528,140479.21368051,False
2,2017Q4,False,114.780548694078,43.3379765534482,-71.4425721406298,13174.5743585136,1878.18021174723,-11296.3941467664,True
2,2018Q1,True,5815.60736962895,6229.76810364585,414.160734016902,33821289.0776826,38810010.6252032,4988721.54752064,False
2,2018Q2,False,6871.07931717997,6847.55390244182,-23.5254147381447,47211730.9829784,46888994.4468463,-322736.536132142,True
2,2018Q3,False,2399.6717403193,2204.91245881618,-194.759281503121,5758424.46128707,4861638.95104281,-896785.51024426,True
2,2018Q4,False,607.25321106195,521.479327463574,-85.773883598376,368756.46234505,271940.688971861,-96815.7733731886,True
2,2019Q1,True,745.857259239026,905.410334808665,159.553075569639,556303.051159552,819767.874378338,263464.823218786,False
2,2019Q2,False,506.603019160888,560.631977801342,54.0289586404542,256646.619022927,314308.214533445,57661.5955105176,False
2,2019Q3,False,955.699898861247,1017.87785483981,62.1779559785643,913362.296683397,1036075.3273733,122713.030689899,False
2,2019Q4,False,647.385275859167,662.155962322024,14.7706864628567,419107.69539925,438450.518438605,19342.8230393552,False
2,2020Q1,True,26371.2081459334,26037.0208930292,-334.187252904216,695440619.076144,677926456.984038,-17514162.0921057,True
2,2020Q2,False,11153.5296867569,11138.0217839814,-15.5079027754855,124401224.473368,124055529.260445,-345695.212923482,True
2,2020Q3,False,14329.5509598568,13562.668562259,-766.882397597843,205336030.711133,183945978.529687,-21390052.1814455,True
2,2020Q4,False,12830.3712680896,12312.0124371444,-518.35883094519,164618426.877019,151585650.252399,-13032776.6246203,True
2,2021Q1,True,17183.9033930611,15475.8730485706,-1708.03034449054,295286535.822057,239502646.615473,-55783889.2065844,True
2,2021Q2,False,6566.86065200949,6158.07256845488,-408.788083554608,43123658.8229105,37921857.7583565,-5201801.064554,True
2,2021Q3,False,9149.8638244926,8467.16663136517,-682.697193127435,83720008.0067583,71692910.7633037,-12027097.2434546,True
2,2021Q4,False,7134.79117019848,6981.442693135,-153.348477063478,50905245.0423423,48740542.0775281,-2164702.96481418,True
2,2022Q1,True,3139.00667826354,4327.36102223204,1188.3543439685,9853362.92618311,18726053.4167331,8872690.49055004,False
2,2022Q2,False,7752.67082041551,7527.41271200222,-225.258108413293,60103904.8497222,56661942.1368126,-3441962.71290963,True
2,2022Q3,False,6221.57226896939,6805.31831433567,583.746045366282,38707961.498009,46312357.3594325,7604395.86142352,False
2,2022Q4,False,5172.52377436208,5218.95024093884,46.4264665767569,26755002.196341,27237441.6173955,482439.421054542,False
2,2023Q1,True,6327.79492633179,8288.05603029144,1960.26110395965,40040988.6297103,68691872.7612503,28650884.13154,False
2,2023Q2,False,6927.57711579873,7175.69379466043,248.1166788617,47991324.6953383,51490581.4347282,3499256.7393899,False
2,2023Q3,False,3136.5149981822,4117.87440140641,981.359403224214,9837726.33382191,16956889.5857582,7119163.25193632,False
2,2023Q4,False,3209.10738864161,3464.23308742257,255.125698780963,10298370.2318342,12000910.8839933,1702540.65215914,False
2,2024Q1,True,3425.53411449549,2034.24364068122,-1391.29047381427,11734283.9695724,4138147.18965198,-7596136.77992042,True
2,2024Q2,False,628.797452424566,669.586116628736,40.7886642041699,395386.236175624,448345.567581951,52959.3314063271,False
2,2024Q3,False,5492.49185834001,4499.64580099433,-992.84605734568,30167466.8139313,20246812.3344059,-9920654.47952539,True
2,2024Q4,False,1656.08095990645,1102.63151420801,-553.449445698437,2742604.14576468,1215796.25612466,-1526807.88964002,True
2,2025Q1,True,2915.9898258683,3624.77202895537,708.782203087069,8502996.66456741,13138972.2618972,4635975.59732981,False
2,2025Q2,False,438.661788786078,472.176785995485,33.5149972094073,192424.164941001,222950.917233026,30526.7522920253,False
2,2025Q3,False,4996.0449829932,5245.21905928357,249.174076290368,24960465.4720916,27512322.9798716,2551857.50778,False
2,2025Q4,False,5360.86378082455,5340.19373201072,-20.6700488138258,28738860.4765565,28517669.0954066,-221191.381149869,True
2,2026Q1,True,1120.4745683996,1199.03005865526,78.5554902556621,1255463.25843027,1437673.08155884,182209.823128571,False
2,2026Q2,False,1568.00720896537,1594.79970042351,26.7924914581376,2458646.60736737,2543386.08447091,84739.4771035397,False
