row_type,model,origin,n_origins,n_train,selected_order,selected_seasonal_order,cny_training_center,pmi_beta,pmi_beta_se,pmi_beta_pvalue,cny_beta,cny_beta_se,cny_beta_pvalue,pmi_beta_mean,pmi_beta_median,pmi_beta_min,pmi_beta_max,pmi_beta_positive_count,pmi_beta_negative_count,pmi_beta_zero_count,pmi_beta_sign_changes,cny_beta_mean,cny_beta_median,cny_beta_min,cny_beta_max,cny_beta_positive_count,cny_beta_negative_count,cny_beta_zero_count,cny_beta_sign_changes
origin,SARIMA-common,2010Q2,,20,"(1,1,0)","(1,0,1,4)",,,,,,,,,,,,,,,,,,,,,,,
origin,SARIMA+PMI,2010Q2,,20,"(1,1,0)","(1,0,1,4)",,0.00203016292014246,0.00957868359411285,0.832149224226157,,,,,,,,,,,,,,,,,,,
origin,SARIMA+CNY+PMI,2010Q2,,20,"(1,1,0)","(1,0,1,4)",0.4035409035408,0.00209855278133385,0.0125551850516473,0.867254932879663,0.0374606271344015,0.32490190014143,0.908208709245848,,,,,,,,,,,,,,,,
origin,SARIMA-common,2010Q3,,21,"(1,1,0)","(1,0,1,4)",,,,,,,,,,,,,,,,,,,,,,,
origin,SARIMA+PMI,2010Q3,,21,"(1,1,0)","(1,0,1,4)",,0.00235384863511277,0.00893668748771254,0.792248745440812,,,,,,,,,,,,,,,,,,,
origin,SARIMA+CNY+PMI,2010Q3,,21,"(1,1,0)","(1,0,1,4)",0.4035409035408,0.00222344860973445,0.0117024476006632,0.849310230999957,0.0209532155745827,0.324347600241854,0.948491599498844,,,,,,,,,,,,,,,,
origin,SARIMA-common,2010Q4,,22,"(1,1,0)","(1,0,1,4)",,,,,,,,,,,,,,,,,,,,,,,
origin,SARIMA+PMI,2010Q4,,22,"(1,1,0)","(1,0,1,4)",,0.00186876196428191,0.00717040089543449,0.794384265166284,,,,,,,,,,,,,,,,,,,
origin,SARIMA+CNY+PMI,2010Q4,,22,"(1,1,0)","(1,0,1,4)",0.4035409035408,0.00168240069564778,0.00876924167808558,0.84785776742003,0.0310930180330944,0.271603506192357,0.908857741577228,,,,,,,,,,,,,,,,
origin,SARIMA-common,2011Q1,,23,"(1,1,0)","(1,0,1,4)",,,,,,,,,,,,,,,,,,,,,,,
origin,SARIMA+PMI,2011Q1,,23,"(1,1,0)","(1,0,1,4)",,0.00196497751036763,0.00691462847841816,0.776274836573701,,,,,,,,,,,,,,,,,,,
origin,SARIMA+CNY+PMI,2011Q1,,23,"(1,1,0)","(1,0,1,4)",0.397395197395167,0.0018504136761826,0.00821709660156486,0.821830929619596,0.0321488450724457,0.26680249412023,0.904089619457447,,,,,,,,,,,,,,,,
origin,SARIMA-common,2011Q2,,24,"(1,1,0)","(1,0,1,4)",,,,,,,,,,,,,,,,,,,,,,,
origin,SARIMA+PMI,2011Q2,,24,"(1,1,0)","(1,0,1,4)",,0.00193503494689369,0.0063739894256629,0.761445590960608,,,,,,,,,,,,,,,,,,,
origin,SARIMA+CNY+PMI,2011Q2,,24,"(1,1,0)","(1,0,1,4)",0.397395197395167,0.00178683257748284,0.00768619165535986,0.816170600653254,0.0321426165657575,0.254628372114877,0.899547137957296,,,,,,,,,,,,,,,,
origin,SARIMA-common,2011Q3,,25,"(1,1,0)","(1,0,1,4)",,,,,,,,,,,,,,,,,,,,,,,
origin,SARIMA+PMI,2011Q3,,25,"(1,1,0)","(1,0,1,4)",,0.00193306112615578,0.00606837212550639,0.75007012513246,,,,,,,,,,,,,,,,,,,
origin,SARIMA+CNY+PMI,2011Q3,,25,"(1,1,0)","(1,0,1,4)",0.397395197395167,0.0017725585274081,0.00709835040236876,0.802808415751592,0.02743958814759,0.241622218465623,0.909583418211084,,,,,,,,,,,,,,,,
origin,SARIMA-common,2011Q4,,26,"(0,1,1)","(1,0,1,4)",,,,,,,,,,,,,,,,,,,,,,,
origin,SARIMA+PMI,2011Q4,,26,"(0,1,1)","(1,0,1,4)",,0.00132584161266716,0.00635391313952763,0.834709478639754,,,,,,,,,,,,,,,,,,,
origin,SARIMA+CNY+PMI,2011Q4,,26,"(0,1,1)","(1,0,1,4)",0.397395197395167,0.000897898203592434,0.00707137032642332,0.898958959160491,0.109231661543331,0.194921958536564,0.575215741887045,,,,,,,,,,,,,,,,
origin,SARIMA-common,2012Q1,,27,"(0,1,1)","(1,0,1,4)",,,,,,,,,,,,,,,,,,,,,,,
origin,SARIMA+PMI,2012Q1,,27,"(0,1,1)","(1,0,1,4)",,0.00138903276725685,0.00620710992311612,0.822927777357666,,,,,,,,,,,,,,,,,,,
origin,SARIMA+CNY+PMI,2012Q1,,27,"(0,1,1)","(1,0,1,4)",0.375161346589857,0.000912547415121705,0.00672863317441615,0.892120497251446,0.114353445352072,0.188167379254126,0.543371907007614,,,,,,,,,,,,,,,,
origin,SARIMA-common,2012Q2,,28,"(1,1,0)","(1,0,1,4)",,,,,,,,,,,,,,,,,,,,,,,
origin,SARIMA+PMI,2012Q2,,28,"(1,1,0)","(1,0,1,4)",,0.00193861049629307,0.00535642034597471,0.717409742764932,,,,,,,,,,,,,,,,,,,
origin,SARIMA+CNY+PMI,2012Q2,,28,"(1,1,0)","(1,0,1,4)",0.375161346589857,0.00169897292934724,0.00616847689500494,0.782987226147491,0.0412354514647698,0.202478155141077,0.838624025529533,,,,,,,,,,,,,,,,
origin,SARIMA-common,2012Q3,,29,"(1,1,0)","(1,0,1,4)",,,,,,,,,,,,,,,,,,,,,,,
origin,SARIMA+PMI,2012Q3,,29,"(1,1,0)","(1,0,1,4)",,0.00210906201663744,0.00503855831536199,0.675519876941497,,,,,,,,,,,,,,,,,,,
origin,SARIMA+CNY+PMI,2012Q3,,29,"(1,1,0)","(1,0,1,4)",0.375161346589857,0.00177453900401576,0.0059289300526083,0.764709836997529,0.0328584327719284,0.195891855104909,0.866789702128284,,,,,,,,,,,,,,,,
origin,SARIMA-common,2012Q4,,30,"(1,1,0)","(1,0,1,4)",,,,,,,,,,,,,,,,,,,,,,,
origin,SARIMA+PMI,2012Q4,,30,"(1,1,0)","(1,0,1,4)",,0.00213337017961884,0.00484284176942326,0.659560302370156,,,,,,,,,,,,,,,,,,,
origin,SARIMA+CNY+PMI,2012Q4,,30,"(1,1,0)","(1,0,1,4)",0.375161346589857,0.00181853302252964,0.00570501879985587,0.749908349049595,0.0294840309712468,0.189944228165312,0.87664419668492,,,,,,,,,,,,,,,,
origin,SARIMA-common,2013Q1,,31,"(1,1,0)","(1,0,1,4)",,,,,,,,,,,,,,,,,,,,,,,
origin,SARIMA+PMI,2013Q1,,31,"(1,1,0)","(1,0,1,4)",,0.00214832231061034,0.00470900596072376,0.64823489806001,,,,,,,,,,,,,,,,,,,
origin,SARIMA+CNY+PMI,2013Q1,,31,"(1,1,0)","(1,0,1,4)",0.383821733821625,0.00199568255262488,0.00554317969966773,0.718828535082113,0.0127203299225412,0.182121218506927,0.944316708932653,,,,,,,,,,,,,,,,
origin,SARIMA-common,2013Q2,,32,"(1,1,0)","(1,0,1,4)",,,,,,,,,,,,,,,,,,,,,,,
origin,SARIMA+PMI,2013Q2,,32,"(1,1,0)","(1,0,1,4)",,0.00219264733112182,0.00446992629509238,0.623756629675073,,,,,,,,,,,,,,,,,,,
origin,SARIMA+CNY+PMI,2013Q2,,32,"(1,1,0)","(1,0,1,4)",0.383821733821625,0.00205457429253255,0.00531307668144484,0.698977265443462,0.013659791148715,0.180030286065897,0.939518576700394,,,,,,,,,,,,,,,,
origin,SARIMA-common,2013Q3,,33,"(1,1,0)","(1,0,1,4)",,,,,,,,,,,,,,,,,,,,,,,
origin,SARIMA+PMI,2013Q3,,33,"(1,1,0)","(1,0,1,4)",,0.00219388051223234,0.00432052694941234,0.611607095389159,,,,,,,,,,,,,,,,,,,
origin,SARIMA+CNY+PMI,2013Q3,,33,"(1,1,0)","(1,0,1,4)",0.383821733821625,0.00211787476105316,0.0051064384521756,0.678327877223656,0.00824931276236004,0.176724970268179,0.962769212550568,,,,,,,,,,,,,,,,
origin,SARIMA-common,2013Q4,,34,"(1,1,0)","(1,0,1,4)",,,,,,,,,,,,,,,,,,,,,,,
origin,SARIMA+PMI,2013Q4,,34,"(1,1,0)","(1,0,1,4)",,0.00224305580914074,0.00409795898577272,0.584131936681028,,,,,,,,,,,,,,,,,,,
origin,SARIMA+CNY+PMI,2013Q4,,34,"(1,1,0)","(1,0,1,4)",0.383821733821625,0.00211132373503407,0.0049447683526334,0.669392931102368,0.0082510761031303,0.171550508352528,0.961638884584426,,,,,,,,,,,,,,,,
origin,SARIMA-common,2014Q1,,35,"(1,1,0)","(1,0,1,4)",,,,,,,,,,,,,,,,,,,,,,,
origin,SARIMA+PMI,2014Q1,,35,"(1,1,0)","(1,0,1,4)",,0.00221992943921622,0.00389858453299162,0.569071593793337,,,,,,,,,,,,,,,,,,,
origin,SARIMA+CNY+PMI,2014Q1,,35,"(1,1,0)","(1,0,1,4)",0.378211911545111,0.00207053624173199,0.00472535067394072,0.661258553830692,0.0140960038288579,0.165468218248858,0.932111463262074,,,,,,,,,,,,,,,,
origin,SARIMA-common,2014Q2,,36,"(1,1,0)","(1,0,1,4)",,,,,,,,,,,,,,,,,,,,,,,
origin,SARIMA+PMI,2014Q2,,36,"(1,1,0)","(1,0,1,4)",,0.00221159235642633,0.00373345060769199,0.553601376784609,,,,,,,,,,,,,,,,,,,
origin,SARIMA+CNY+PMI,2014Q2,,36,"(1,1,0)","(1,0,1,4)",0.378211911545111,0.00205851554850065,0.00457856435059089,0.652999988094368,0.0134977746198554,0.161996029564972,0.933595795053196,,,,,,,,,,,,,,,,
origin,SARIMA-common,2014Q3,,37,"(1,1,0)","(1,0,1,4)",,,,,,,,,,,,,,,,,,,,,,,
origin,SARIMA+PMI,2014Q3,,37,"(1,1,0)","(1,0,1,4)",,0.00220109776600297,0.00361777391452263,0.542914125739116,,,,,,,,,,,,,,,,,,,
origin,SARIMA+CNY+PMI,2014Q3,,37,"(1,1,0)","(1,0,1,4)",0.378211911545111,0.00208023905552094,0.00443717873504896,0.63919815458898,0.0138446802365292,0.158363762202459,0.930335061883109,,,,,,,,,,,,,,,,
origin,SARIMA-common,2014Q4,,38,"(1,1,0)","(1,0,1,4)",,,,,,,,,,,,,,,,,,,,,,,
origin,SARIMA+PMI,2014Q4,,38,"(1,1,0)","(1,0,1,4)",,0.00224020996281078,0.00346216006847928,0.517595977900264,,,,,,,,,,,,,,,,,,,
origin,SARIMA+CNY+PMI,2014Q4,,38,"(1,1,0)","(1,0,1,4)",0.378211911545111,0.00209972405371229,0.0043057386048097,0.625792734724792,0.0145728269211428,0.154726133671128,0.924962477191655,,,,,,,,,,,,,,,,
origin,SARIMA-common,2015Q1,,39,"(1,1,0)","(1,0,1,4)",,,,,,,,,,,,,,,,,,,,,,,
origin,SARIMA+PMI,2015Q1,,39,"(1,1,0)","(1,0,1,4)",,0.0022842722079325,0.00335254173881666,0.495646676030681,,,,,,,,,,,,,,,,,,,
origin,SARIMA+CNY+PMI,2015Q1,,39,"(1,1,0)","(1,0,1,4)",0.394835164835,0.00208834120805759,0.00416248843116817,0.615875055356783,0.0201670024793681,0.147046567735349,0.890914565958708,,,,,,,,,,,,,,,,
origin,SARIMA-common,2015Q2,,40,"(1,1,0)","(1,0,1,4)",,,,,,,,,,,,,,,,,,,,,,,
origin,SARIMA+PMI,2015Q2,,40,"(1,1,0)","(1,0,1,4)",,0.00224221066802012,0.00329446340815545,0.49612484355927,,,,,,,,,,,,,,,,,,,
origin,SARIMA+CNY+PMI,2015Q2,,40,"(1,1,0)","(1,0,1,4)",0.394835164835,0.00207726637614291,0.00405947412831785,0.608855215820135,0.0180925176853694,0.14380608290072,0.899880815381585,,,,,,,,,,,,,,,,
origin,SARIMA-common,2015Q3,,41,"(1,1,0)","(1,0,1,4)",,,,,,,,,,,,,,,,,,,,,,,
origin,SARIMA+PMI,2015Q3,,41,"(1,1,0)","(1,0,1,4)",,0.00224500508166133,0.00317103522368943,0.478962463090775,,,,,,,,,,,,,,,,,,,
origin,SARIMA+CNY+PMI,2015Q3,,41,"(1,1,0)","(1,0,1,4)",0.394835164835,0.00208715113191578,0.0039700859133144,0.599083191777015,0.0119131965706108,0.139723921866407,0.932052785060737,,,,,,,,,,,,,,,,
origin,SARIMA-common,2015Q4,,42,"(1,1,0)","(1,0,1,4)",,,,,,,,,,,,,,,,,,,,,,,
origin,SARIMA+PMI,2015Q4,,42,"(1,1,0)","(1,0,1,4)",,0.00211180865903446,0.00319105301796374,0.508105477894214,,,,,,,,,,,,,,,,,,,
origin,SARIMA+CNY+PMI,2015Q4,,42,"(1,1,0)","(1,0,1,4)",0.394835164835,0.00212447404176241,0.00389337500723926,0.585297017417804,0.0117347670357062,0.13817907707864,0.932321540514091,,,,,,,,,,,,,,,,
origin,SARIMA-common,2016Q1,,43,"(1,1,0)","(1,0,1,4)",,,,,,,,,,,,,,,,,,,,,,,
origin,SARIMA+PMI,2016Q1,,43,"(1,1,0)","(1,0,1,4)",,0.00213369352563483,0.00318413962699738,0.502793732285756,,,,,,,,,,,,,,,,,,,
origin,SARIMA+CNY+PMI,2016Q1,,43,"(1,1,0)","(1,0,1,4)",0.396903096902909,0.00213080229319474,0.0038626389991348,0.581192166318397,0.0192202854813603,0.13347247848569,0.885498998981862,,,,,,,,,,,,,,,,
origin,SARIMA-common,2016Q2,,44,"(1,1,0)","(1,0,1,4)",,,,,,,,,,,,,,,,,,,,,,,
origin,SARIMA+PMI,2016Q2,,44,"(1,1,0)","(1,0,1,4)",,0.00210383487466247,0.0032350651864077,0.515484086981572,,,,,,,,,,,,,,,,,,,
origin,SARIMA+CNY+PMI,2016Q2,,44,"(1,1,0)","(1,0,1,4)",0.396903096902909,0.00206976532090147,0.0039220431011762,0.597689311737498,0.018033736959102,0.132209092670309,0.891502582058422,,,,,,,,,,,,,,,,
origin,SARIMA-common,2016Q3,,45,"(0,1,1)","(1,0,1,4)",,,,,,,,,,,,,,,,,,,,,,,
origin,SARIMA+PMI,2016Q3,,45,"(0,1,1)","(1,0,1,4)",,0.00150797248195873,0.00358191029731842,0.67375747790612,,,,,,,,,,,,,,,,,,,
origin,SARIMA+CNY+PMI,2016Q3,,45,"(0,1,1)","(1,0,1,4)",0.396903096902909,0.00130365209852757,0.00413480616183006,0.752543484964658,0.058621873996769,0.0984678227380719,0.551615949036871,,,,,,,,,,,,,,,,
origin,SARIMA-common,2016Q4,,46,"(0,1,1)","(1,0,1,4)",,,,,,,,,,,,,,,,,,,,,,,
origin,SARIMA+PMI,2016Q4,,46,"(0,1,1)","(1,0,1,4)",,0.00151085476579349,0.00349777241021247,0.665779421501949,,,,,,,,,,,,,,,,,,,
origin,SARIMA+CNY+PMI,2016Q4,,46,"(0,1,1)","(1,0,1,4)",0.396903096902909,0.00132974731335315,0.00404915022561878,0.742608051945837,0.0585535648198717,0.096013803987706,0.541964305935338,,,,,,,,,,,,,,,,
origin,SARIMA-common,2017Q1,,47,"(0,1,1)","(1,0,1,4)",,,,,,,,,,,,,,,,,,,,,,,
origin,SARIMA+PMI,2017Q1,,47,"(0,1,1)","(1,0,1,4)",,0.00158701242959489,0.00341752034228002,0.642378800479454,,,,,,,,,,,,,,,,,,,
origin,SARIMA+CNY+PMI,2017Q1,,47,"(0,1,1)","(1,0,1,4)",0.388827838827667,0.00130914515586843,0.00390964839375474,0.73773835845844,0.0650323491597307,0.0934981388707506,0.4867125731062,,,,,,,,,,,,,,,,
origin,SARIMA-common,2017Q2,,48,"(0,1,1)","(1,0,1,4)",,,,,,,,,,,,,,,,,,,,,,,
origin,SARIMA+PMI,2017Q2,,48,"(0,1,1)","(1,0,1,4)",,0.00155276748489477,0.00331153141932486,0.63914318803451,,,,,,,,,,,,,,,,,,,
origin,SARIMA+CNY+PMI,2017Q2,,48,"(0,1,1)","(1,0,1,4)",0.388827838827667,0.0012792860262854,0.00376771039467408,0.734203441200749,0.0625087641102751,0.0912654406769406,0.493399670258884,,,,,,,,,,,,,,,,
origin,SARIMA-common,2017Q3,,49,"(0,1,1)","(1,0,1,4)",,,,,,,,,,,,,,,,,,,,,,,
origin,SARIMA+PMI,2017Q3,,49,"(0,1,1)","(1,0,1,4)",,0.00153108491208344,0.00322202223689886,0.634648863163397,,,,,,,,,,,,,,,,,,,
origin,SARIMA+CNY+PMI,2017Q3,,49,"(0,1,1)","(1,0,1,4)",0.388827838827667,0.00125236880851868,0.00364685048203058,0.731289236330085,0.0625068550614267,0.0892615044463449,0.483760792385894,,,,,,,,,,,,,,,,
origin,SARIMA-common,2017Q4,,50,"(0,1,1)","(1,0,1,4)",,,,,,,,,,,,,,,,,,,,,,,
origin,SARIMA+PMI,2017Q4,,50,"(0,1,1)","(1,0,1,4)",,0.00152868052746356,0.00314894352970245,0.627351341014931,,,,,,,,,,,,,,,,,,,
origin,SARIMA+CNY+PMI,2017Q4,,50,"(0,1,1)","(1,0,1,4)",0.388827838827667,0.00125595679110369,0.00357205930412885,0.725133910278768,0.0625034787314133,0.0874681208535953,0.474865010275819,,,,,,,,,,,,,,,,
origin,SARIMA-common,2018Q1,,51,"(0,1,1)","(1,0,1,4)",,,,,,,,,,,,,,,,,,,,,,,
origin,SARIMA+PMI,2018Q1,,51,"(0,1,1)","(1,0,1,4)",,0.00159512826865958,0.00315437156705705,0.613075600285016,,,,,,,,,,,,,,,,,,,
origin,SARIMA+CNY+PMI,2018Q1,,51,"(0,1,1)","(1,0,1,4)",0.398234244387923,0.00146606193432088,0.00361309453285779,0.684916369504833,0.0243103544917059,0.0770462116572537,0.752359638130737,,,,,,,,,,,,,,,,
origin,SARIMA-common,2018Q2,,52,"(0,1,1)","(1,0,1,4)",,,,,,,,,,,,,,,,,,,,,,,
origin,SARIMA+PMI,2018Q2,,52,"(0,1,1)","(1,0,1,4)",,0.00156918431692516,0.00319825932839182,0.623683222238185,,,,,,,,,,,,,,,,,,,
origin,SARIMA+CNY+PMI,2018Q2,,52,"(0,1,1)","(1,0,1,4)",0.398234244387923,0.00147337943547577,0.00368375637880342,0.689181133101268,0.0342533714494196,0.0756494773145752,0.650699540350374,,,,,,,,,,,,,,,,
origin,SARIMA-common,2018Q3,,53,"(0,1,1)","(1,0,1,4)",,,,,,,,,,,,,,,,,,,,,,,
origin,SARIMA+PMI,2018Q3,,53,"(0,1,1)","(1,0,1,4)",,0.00155197120532781,0.00317383444879361,0.624849245421113,,,,,,,,,,,,,,,,,,,
origin,SARIMA+CNY+PMI,2018Q3,,53,"(0,1,1)","(1,0,1,4)",0.398234244387923,0.00148948698910196,0.00368148689373707,0.685780067239687,0.0387554831672903,0.0745177607891114,0.603005141256521,,,,,,,,,,,,,,,,
origin,SARIMA-common,2018Q4,,54,"(0,1,1)","(1,0,1,4)",,,,,,,,,,,,,,,,,,,,,,,
origin,SARIMA+PMI,2018Q4,,54,"(0,1,1)","(1,0,1,4)",,0.00171153577123532,0.00312469359578063,0.583866903611503,,,,,,,,,,,,,,,,,,,
origin,SARIMA+CNY+PMI,2018Q4,,54,"(0,1,1)","(1,0,1,4)",0.398234244387923,0.00149068134135922,0.00360975458426511,0.679636511310265,0.0387603304035059,0.0731384777221233,0.596140965628193,,,,,,,,,,,,,,,,
origin,SARIMA-common,2019Q1,,55,"(0,1,1)","(1,0,1,4)",,,,,,,,,,,,,,,,,,,,,,,
origin,SARIMA+PMI,2019Q1,,55,"(0,1,1)","(1,0,1,4)",,0.00161098968765946,0.0030638166734956,0.599019263609492,,,,,,,,,,,,,,,,,,,
origin,SARIMA+CNY+PMI,2019Q1,,55,"(0,1,1)","(1,0,1,4)",0.397566718995143,0.00133139843217168,0.00353845708794748,0.706719712602734,0.0327825311536067,0.0725719651260523,0.65146750086776,,,,,,,,,,,,,,,,
origin,SARIMA-common,2019Q2,,56,"(0,1,1)","(1,0,1,4)",,,,,,,,,,,,,,,,,,,,,,,
origin,SARIMA+PMI,2019Q2,,56,"(0,1,1)","(1,0,1,4)",,0.00147988021625601,0.00297451782235253,0.618822850927217,,,,,,,,,,,,,,,,,,,
origin,SARIMA+CNY+PMI,2019Q2,,56,"(0,1,1)","(1,0,1,4)",0.397566718995143,0.00123671382383394,0.0034144038678315,0.717198915448191,0.0343307171490185,0.0714583059452864,0.63092163454749,,,,,,,,,,,,,,,,
origin,SARIMA-common,2019Q3,,57,"(0,1,1)","(1,0,1,4)",,,,,,,,,,,,,,,,,,,,,,,
origin,SARIMA+PMI,2019Q3,,57,"(0,1,1)","(1,0,1,4)",,0.00147942194609838,0.00291857622700329,0.61222602992074,,,,,,,,,,,,,,,,,,,
origin,SARIMA+CNY+PMI,2019Q3,,57,"(0,1,1)","(1,0,1,4)",0.397566718995143,0.00123769531282223,0.00335225439869037,0.711969098059827,0.0343304972003235,0.0702093185009733,0.624860448125994,,,,,,,,,,,,,,,,
origin,SARIMA-common,2019Q4,,58,"(0,1,1)","(1,0,1,4)",,,,,,,,,,,,,,,,,,,,,,,
origin,SARIMA+PMI,2019Q4,,58,"(0,1,1)","(1,0,1,4)",,0.00146811671331295,0.00285607707001109,0.607229200704277,,,,,,,,,,,,,,,,,,,
origin,SARIMA+CNY+PMI,2019Q4,,58,"(0,1,1)","(1,0,1,4)",0.397566718995143,0.0012312180517497,0.00328208263759416,0.707561432027476,0.0343308387796046,0.068959911425662,0.618598491579141,,,,,,,,,,,,,,,,
origin,SARIMA-common,2020Q1,,59,"(1,1,0)","(1,0,1,4)",,,,,,,,,,,,,,,,,,,,,,,
origin,SARIMA+PMI,2020Q1,,59,"(1,1,0)","(1,0,1,4)",,0.00174979862312765,0.00537762081970348,0.744889499417751,,,,,,,,,,,,,,,,,,,
origin,SARIMA+CNY+PMI,2020Q1,,59,"(1,1,0)","(1,0,1,4)",0.388644688644533,0.000748414723402726,0.00581615579121269,0.897611977662361,0.135297802593899,0.112623859140352,0.229625345751689,,,,,,,,,,,,,,,,
origin,SARIMA-common,2020Q2,,60,"(1,1,0)","(1,0,1,4)",,,,,,,,,,,,,,,,,,,,,,,
origin,SARIMA+PMI,2020Q2,,60,"(1,1,0)","(1,0,1,4)",,0.00158090559965129,0.00531807876551009,0.766260336815693,,,,,,,,,,,,,,,,,,,
origin,SARIMA+CNY+PMI,2020Q2,,60,"(1,1,0)","(1,0,1,4)",0.388644688644533,0.000734405356840118,0.00569004093966095,0.897303404041268,0.135292048177311,0.110618443221587,0.221310261531537,,,,,,,,,,,,,,,,
origin,SARIMA-common,2020Q3,,61,"(0,1,1)","(1,0,1,4)",,,,,,,,,,,,,,,,,,,,,,,
origin,SARIMA+PMI,2020Q3,,61,"(0,1,1)","(1,0,1,4)",,0.00141796369320931,0.00480218510743929,0.767784053560211,,,,,,,,,,,,,,,,,,,
origin,SARIMA+CNY+PMI,2020Q3,,61,"(0,1,1)","(1,0,1,4)",0.388644688644533,0.000429836186626346,0.0045979643796131,0.925519045567555,0.167375110895813,0.0966657834241658,0.0833657461427986,,,,,,,,,,,,,,,,
origin,SARIMA-common,2020Q4,,62,"(0,1,1)","(1,0,1,4)",,,,,,,,,,,,,,,,,,,,,,,
origin,SARIMA+PMI,2020Q4,,62,"(0,1,1)","(1,0,1,4)",,0.00188308854320743,0.00469442207994679,0.688322059882436,,,,,,,,,,,,,,,,,,,
origin,SARIMA+CNY+PMI,2020Q4,,62,"(0,1,1)","(1,0,1,4)",0.388644688644533,0.000960467874848614,0.00477225557552206,0.840494668835023,0.165205937254188,0.0983058388153789,0.0928541911083732,,,,,,,,,,,,,,,,
origin,SARIMA-common,2021Q1,,63,"(0,1,1)","(1,0,1,4)",,,,,,,,,,,,,,,,,,,,,,,
origin,SARIMA+PMI,2021Q1,,63,"(0,1,1)","(1,0,1,4)",,0.00142875674042008,0.00543671598309806,0.792706468044982,,,,,,,,,,,,,,,,,,,
origin,SARIMA+CNY+PMI,2021Q1,,63,"(0,1,1)","(1,0,1,4)",0.393521062270938,0.000369924974659159,0.00510417330460703,0.94222389800166,0.244499777945366,0.098608386425935,0.0131565668296465,,,,,,,,,,,,,,,,
origin,SARIMA-common,2021Q2,,64,"(0,1,1)","(1,0,1,4)",,,,,,,,,,,,,,,,,,,,,,,
origin,SARIMA+PMI,2021Q2,,64,"(0,1,1)","(1,0,1,4)",,0.00145278276953716,0.00534956814228831,0.785952590371093,,,,,,,,,,,,,,,,,,,
origin,SARIMA+CNY+PMI,2021Q2,,64,"(0,1,1)","(1,0,1,4)",0.393521062270938,0.000417867476995217,0.0050717792085781,0.934336025312715,0.242404609526974,0.0974347237816923,0.0128511873331293,,,,,,,,,,,,,,,,
origin,SARIMA-common,2021Q3,,65,"(0,1,1)","(1,0,1,4)",,,,,,,,,,,,,,,,,,,,,,,
origin,SARIMA+PMI,2021Q3,,65,"(0,1,1)","(1,0,1,4)",,0.00115490018934854,0.00532084792024868,0.828167892892401,,,,,,,,,,,,,,,,,,,
origin,SARIMA+CNY+PMI,2021Q3,,65,"(0,1,1)","(1,0,1,4)",0.393521062270938,0.000125007794970199,0.00483389143815527,0.979368449933338,0.247391100502374,0.0962560518181164,0.0101658729719671,,,,,,,,,,,,,,,,
origin,SARIMA-common,2021Q4,,66,"(0,1,1)","(1,0,1,4)",,,,,,,,,,,,,,,,,,,,,,,
origin,SARIMA+PMI,2021Q4,,66,"(0,1,1)","(1,0,1,4)",,0.00119578649565206,0.00524680841147698,0.819718224953844,,,,,,,,,,,,,,,,,,,
origin,SARIMA+CNY+PMI,2021Q4,,66,"(0,1,1)","(1,0,1,4)",0.393521062270938,0.000173111804883731,0.00479445462069481,0.971197301567477,0.247392886460309,0.0948954288843208,0.00913379453534954,,,,,,,,,,,,,,,,
origin,SARIMA-common,2022Q1,,67,"(0,1,1)","(1,0,1,4)",,,,,,,,,,,,,,,,,,,,,,,
origin,SARIMA+PMI,2022Q1,,67,"(0,1,1)","(1,0,1,4)",,0.000991376426806022,0.00518118625735748,0.848257977328188,,,,,,,,,,,,,,,,,,,
origin,SARIMA+CNY+PMI,2022Q1,,67,"(0,1,1)","(1,0,1,4)",0.390634202398765,-6.93793699949106e-05,0.00471653304907464,0.988263681965573,0.238592812628402,0.0962862881825561,0.013213887347214,,,,,,,,,,,,,,,,
origin,SARIMA-common,2022Q2,,68,"(0,1,1)","(1,0,1,4)",,,,,,,,,,,,,,,,,,,,,,,
origin,SARIMA+PMI,2022Q2,,68,"(0,1,1)","(1,0,1,4)",,0.00136102870233165,0.00518061152432035,0.792769607872141,,,,,,,,,,,,,,,,,,,
origin,SARIMA+CNY+PMI,2022Q2,,68,"(0,1,1)","(1,0,1,4)",0.390634202398765,0.000393828645640933,0.00490086228318891,0.93595169353968,0.227614569180805,0.0989268901181103,0.0214008918704738,,,,,,,,,,,,,,,,
origin,SARIMA-common,2022Q3,,69,"(0,1,1)","(1,0,1,4)",,,,,,,,,,,,,,,,,,,,,,,
origin,SARIMA+PMI,2022Q3,,69,"(0,1,1)","(1,0,1,4)",,0.00135503670909338,0.00510398465608573,0.790635057394546,,,,,,,,,,,,,,,,,,,
origin,SARIMA+CNY+PMI,2022Q3,,69,"(0,1,1)","(1,0,1,4)",0.390634202398765,0.000388822093275455,0.00482368761580166,0.935754646586467,0.227614137482346,0.0973598276523678,0.0193942502728837,,,,,,,,,,,,,,,,
origin,SARIMA-common,2022Q4,,70,"(0,1,1)","(1,0,1,4)",,,,,,,,,,,,,,,,,,,,,,,
origin,SARIMA+PMI,2022Q4,,70,"(0,1,1)","(1,0,1,4)",,0.00154381039613143,0.00508033474944598,0.761219574467206,,,,,,,,,,,,,,,,,,,
origin,SARIMA+CNY+PMI,2022Q4,,70,"(0,1,1)","(1,0,1,4)",0.390634202398765,0.000546227460340379,0.00491919929849039,0.911584696709593,0.226727714452151,0.0976380807277326,0.0202262686153753,,,,,,,,,,,,,,,,
origin,SARIMA-common,2023Q1,,71,"(0,1,1)","(1,0,1,4)",,,,,,,,,,,,,,,,,,,,,,,
origin,SARIMA+PMI,2023Q1,,71,"(0,1,1)","(1,0,1,4)",,0.00160148495201097,0.00508548877789526,0.752827946092126,,,,,,,,,,,,,,,,,,,
origin,SARIMA+CNY+PMI,2023Q1,,71,"(0,1,1)","(1,0,1,4)",0.381895265228444,0.00100910842400624,0.00517002520926296,0.845248567634683,0.174204803537887,0.0937188700828333,0.0630552385535794,,,,,,,,,,,,,,,,
origin,SARIMA-common,2023Q2,,72,"(0,1,1)","(1,0,1,4)",,,,,,,,,,,,,,,,,,,,,,,
origin,SARIMA+PMI,2023Q2,,72,"(0,1,1)","(1,0,1,4)",,0.0014655590798201,0.00504224147616294,0.771314222782959,,,,,,,,,,,,,,,,,,,
origin,SARIMA+CNY+PMI,2023Q2,,72,"(0,1,1)","(1,0,1,4)",0.381895265228444,0.000911917762016531,0.00506615495680312,0.857151038752916,0.177243988159079,0.0916222495286003,0.0530506813583059,,,,,,,,,,,,,,,,
origin,SARIMA-common,2023Q3,,73,"(0,1,1)","(1,0,1,4)",,,,,,,,,,,,,,,,,,,,,,,
origin,SARIMA+PMI,2023Q3,,73,"(0,1,1)","(1,0,1,4)",,0.00125684061751474,0.00495529654763132,0.799776934312544,,,,,,,,,,,,,,,,,,,
origin,SARIMA+CNY+PMI,2023Q3,,73,"(0,1,1)","(1,0,1,4)",0.381895265228444,0.000697114679052085,0.00487521012767003,0.886296720876522,0.174949770996522,0.0909655310412444,0.0544482281322905,,,,,,,,,,,,,,,,
origin,SARIMA-common,2023Q4,,74,"(0,1,1)","(1,0,1,4)",,,,,,,,,,,,,,,,,,,,,,,
origin,SARIMA+PMI,2023Q4,,74,"(0,1,1)","(1,0,1,4)",,0.00125956006253923,0.00488786422990328,0.796645164960801,,,,,,,,,,,,,,,,,,,
origin,SARIMA+CNY+PMI,2023Q4,,74,"(0,1,1)","(1,0,1,4)",0.381895265228444,0.000700401991096954,0.00480936164918546,0.884211078369491,0.174949778464021,0.0896457709267357,0.0509895677868687,,,,,,,,,,,,,,,,
origin,SARIMA-common,2024Q1,,75,"(0,1,1)","(1,0,1,4)",,,,,,,,,,,,,,,,,,,,,,,
origin,SARIMA+PMI,2024Q1,,75,"(0,1,1)","(1,0,1,4)",,0.00132545037435892,0.0048191413263474,0.783286504703462,,,,,,,,,,,,,,,,,,,
origin,SARIMA+CNY+PMI,2024Q1,,75,"(0,1,1)","(1,0,1,4)",0.38493027440379,0.000701479281697758,0.00474196977382322,0.882398063179223,0.174954542399836,0.0882593994505166,0.047448291340213,,,,,,,,,,,,,,,,
origin,SARIMA-common,2024Q2,,76,"(0,1,1)","(1,0,1,4)",,,,,,,,,,,,,,,,,,,,,,,
origin,SARIMA+PMI,2024Q2,,76,"(0,1,1)","(1,0,1,4)",,0.00132342499894449,0.00476050398621171,0.781011570105316,,,,,,,,,,,,,,,,,,,
origin,SARIMA+CNY+PMI,2024Q2,,76,"(0,1,1)","(1,0,1,4)",0.38493027440379,0.000694330809267441,0.00467706271420939,0.881984125046075,0.174964339997124,0.0869669972806446,0.0442360102626293,,,,,,,,,,,,,,,,
origin,SARIMA-common,2024Q3,,77,"(0,1,1)","(1,0,1,4)",,,,,,,,,,,,,,,,,,,,,,,
origin,SARIMA+PMI,2024Q3,,77,"(0,1,1)","(1,0,1,4)",,0.00134121976451722,0.00471077791788487,0.77586402180294,,,,,,,,,,,,,,,,,,,
origin,SARIMA+CNY+PMI,2024Q3,,77,"(0,1,1)","(1,0,1,4)",0.38493027440379,0.000727916735469241,0.0046002660656507,0.87427271545267,0.179003392454805,0.0854016780523244,0.0360806585918707,,,,,,,,,,,,,,,,
origin,SARIMA-common,2024Q4,,78,"(0,1,1)","(1,0,1,4)",,,,,,,,,,,,,,,,,,,,,,,
origin,SARIMA+PMI,2024Q4,,78,"(0,1,1)","(1,0,1,4)",,0.00141075830151547,0.00462310122706554,0.76024878779132,,,,,,,,,,,,,,,,,,,
origin,SARIMA+CNY+PMI,2024Q4,,78,"(0,1,1)","(1,0,1,4)",0.38493027440379,0.000765472383429177,0.00454843683248741,0.866352382104755,0.178643535189725,0.0844322936276626,0.0343601197512778,,,,,,,,,,,,,,,,
origin,SARIMA-common,2025Q1,,79,"(0,1,1)","(1,0,1,4)",,,,,,,,,,,,,,,,,,,,,,,
origin,SARIMA+PMI,2025Q1,,79,"(0,1,1)","(1,0,1,4)",,0.00141956140576922,0.00455972748194646,0.755552855637002,,,,,,,,,,,,,,,,,,,
origin,SARIMA+CNY+PMI,2025Q1,,79,"(0,1,1)","(1,0,1,4)",0.38123931623915,0.000801688066300418,0.00450052859965079,0.858619327981012,0.173580237338655,0.0842408051558493,0.0393484324764262,,,,,,,,,,,,,,,,
origin,SARIMA-common,2025Q2,,80,"(0,1,1)","(1,0,1,4)",,,,,,,,,,,,,,,,,,,,,,,
origin,SARIMA+PMI,2025Q2,,80,"(0,1,1)","(1,0,1,4)",,0.00140416712024805,0.0045021119361199,0.755123543785147,,,,,,,,,,,,,,,,,,,
origin,SARIMA+CNY+PMI,2025Q2,,80,"(0,1,1)","(1,0,1,4)",0.38123931623915,0.000778118138191408,0.00443542986528943,0.860739878168254,0.173577587488187,0.0831209296313029,0.0367749570511703,,,,,,,,,,,,,,,,
origin,SARIMA-common,2025Q3,,81,"(0,1,1)","(1,0,1,4)",,,,,,,,,,,,,,,,,,,,,,,
origin,SARIMA+PMI,2025Q3,,81,"(0,1,1)","(1,0,1,4)",,0.00146685221842579,0.00445204487220272,0.741794186062493,,,,,,,,,,,,,,,,,,,
origin,SARIMA+CNY+PMI,2025Q3,,81,"(0,1,1)","(1,0,1,4)",0.38123931623915,0.000842251990383484,0.00441251779522259,0.848621279937965,0.169790374536688,0.0829266651243882,0.0406113497534803,,,,,,,,,,,,,,,,
origin,SARIMA-common,2025Q4,,82,"(0,1,1)","(1,0,1,4)",,,,,,,,,,,,,,,,,,,,,,,
origin,SARIMA+PMI,2025Q4,,82,"(0,1,1)","(1,0,1,4)",,0.00148063488207463,0.00440284716812507,0.736651948996799,,,,,,,,,,,,,,,,,,,
origin,SARIMA+CNY+PMI,2025Q4,,82,"(0,1,1)","(1,0,1,4)",0.38123931623915,0.000858108805267475,0.00437076507504499,0.844352508762935,0.169799121473139,0.0820283306229429,0.0384517998095699,,,,,,,,,,,,,,,,
origin,SARIMA-common,2026Q1,,83,"(0,1,1)","(1,0,1,4)",,,,,,,,,,,,,,,,,,,,,,,
origin,SARIMA+PMI,2026Q1,,83,"(0,1,1)","(1,0,1,4)",,0.00148063495924174,0.00434971748360426,0.733556854536532,,,,,,,,,,,,,,,,,,,
origin,SARIMA+CNY+PMI,2026Q1,,83,"(0,1,1)","(1,0,1,4)",0.387952787952619,0.000877241173966396,0.00435523434212791,0.840368405544059,0.161657633480976,0.0816541733585039,0.0477277946208023,,,,,,,,,,,,,,,,
summary,SARIMA-common,,64,,,,,,,,,,,,,,,0,0,0,0,,,,,0,0,0,0
summary,SARIMA+PMI,,64,,,,,,,,,,,0.00169983295363586,0.00156097590090997,0.000991376426806022,0.00235384863511277,64,0,0,0,,,,,0,0,0,0
summary,SARIMA+CNY+PMI,,64,,,,,,,,,,,0.00128052257550323,0.00126762140869454,-6.93793699949106e-05,0.00222344860973445,63,1,0,2,0.0954806696355689,0.0585877194083203,0.00824931276236004,0.247392886460309,64,0,0,0
