model,horizon,scope,n,MAE,RMSE,MASE
SARIMA-common,1,all,63,2740.0881328799,5219.52576964804,0.434945849559684
SARIMA-common,1,q1,16,5014.41747992754,8564.80329539315,0.80345032892065
SARIMA-common,2,all,63,3459.95777895147,5906.20021846377,0.549654350537093
SARIMA-common,2,q1,16,4785.79719472492,8665.32520329839,0.770756005612801
SARIMA+PMI,1,all,63,2818.05497573192,5275.01736424071,0.448145788600883
SARIMA+PMI,1,q1,16,5011.94574161951,8614.68461284613,0.801766524395254
SARIMA+PMI,2,all,63,3512.17413909169,5926.59142318686,0.558121648467839
SARIMA+PMI,2,q1,16,4754.47581643954,8663.09438263268,0.762026305537624
SARIMA+CNY+PMI,1,all,63,2745.88500384849,5092.09249790962,0.436585730423008
SARIMA+CNY+PMI,1,q1,16,5046.27248903185,8395.17235077937,0.803959868689281
SARIMA+CNY+PMI,2,all,63,3523.10110696541,5707.31434184717,0.560431598036365
SARIMA+CNY+PMI,2,q1,16,5002.98365105516,8396.21180020331,0.799389839810792
