origin,n_train,training_start,training_end,selected_order,selected_seasonal_order,selected_D,aic,aicc,candidate_count,successful_fit_count,failed_fit_count,ljung_box_lag,ljung_box_model_df,ljung_box_statistic,ljung_box_pvalue,ljung_box_n_residuals
2004Q3,43,1994Q1,2004Q3,"(0,1,0)","(1,0,0,4)",0,-193.442757098127,-193.142757098127,46,43,3,8,1,1.49943051484229,0.982329368789723,42
2004Q4,44,1994Q1,2004Q4,"(1,1,0)","(1,0,0,4)",0,-197.825558664594,-197.225558664594,46,42,4,8,2,1.51865211555353,0.958245949635605,43
2005Q1,45,1994Q1,2005Q1,"(0,1,0)","(1,0,0,4)",0,-205.594171741905,-205.30845745619,46,42,4,8,1,1.59539837031527,0.97882202888827,44
2005Q2,46,1994Q1,2005Q2,"(1,1,0)","(1,0,0,4)",0,-209.744043504602,-209.172614933174,46,43,3,8,2,1.6885476186577,0.946001983640677,45
2005Q3,47,1994Q1,2005Q3,"(0,1,0)","(1,0,0,4)",0,-217.446966603135,-217.174239330408,46,41,5,8,1,1.75720093618058,0.972049923729006,46
2005Q4,48,1994Q1,2005Q4,"(0,1,0)","(1,0,0,4)",0,-166.705374903809,-166.438708237142,46,44,2,8,1,0.388563370711042,0.999760942519794,47
2006Q1,49,1994Q1,2006Q1,"(1,1,0)","(1,0,0,4)",0,-161.42721917286,-160.893885839527,46,45,1,8,2,2.80113344289725,0.833360764743835,48
2006Q2,50,1994Q1,2006Q2,"(0,1,1)","(1,0,0,4)",0,-164.8409817198,-164.319242589365,46,46,0,8,2,3.04563389982191,0.803097891870622,49
2006Q3,51,1994Q1,2006Q3,"(1,1,0)","(1,0,0,4)",0,-168.862319193309,-168.351680895437,46,46,0,8,2,2.02675156316346,0.917221884539012,50
2006Q4,52,1994Q1,2006Q4,"(0,1,0)","(1,0,1,4)",0,-161.994918784189,-161.494918784189,46,44,2,8,2,1.56020198888624,0.95539572426694,51
2007Q1,53,1994Q1,2007Q1,"(1,1,0)","(1,0,1,4)",0,-164.854030209252,-164.020696875919,46,46,0,8,3,4.30509531647429,0.506376389139549,52
2007Q2,54,1994Q1,2007Q2,"(1,1,0)","(1,0,1,4)",0,-168.473245317561,-167.656918786949,46,46,0,8,3,3.68598657688466,0.595450744160518,53
2007Q3,55,1994Q1,2007Q3,"(1,1,0)","(1,0,1,4)",0,-173.113938411402,-172.313938411401,46,45,1,8,3,3.78635472575768,0.58056715021107,54
2007Q4,56,1994Q1,2007Q4,"(1,1,0)","(1,0,1,4)",0,-176.477064877139,-175.692751151649,46,43,3,8,3,3.00965625735771,0.698497034784485,55
2008Q1,57,1994Q1,2008Q1,"(1,1,0)","(1,0,1,4)",0,-178.58555172721,-177.816320957979,46,43,3,8,3,2.99686235310181,0.700469599179836,56
2008Q2,58,1994Q1,2008Q2,"(1,1,0)","(1,0,1,4)",0,-181.736739945652,-180.98202296452,46,45,1,8,3,2.58483092152528,0.763668661388519,57
2008Q3,59,1994Q1,2008Q3,"(1,1,0)","(1,0,1,4)",0,-186.141287968559,-185.400547227818,46,42,4,8,3,2.66218991114809,0.75189496866593,58
2008Q4,60,1994Q1,2008Q4,"(1,1,0)","(1,0,1,4)",0,-188.975431891902,-188.248159164629,46,46,0,8,3,1.89252851764928,0.863806974699418,59
2009Q1,61,1994Q1,2009Q1,"(1,1,0)","(1,0,1,4)",0,-193.445833127326,-192.73154741304,46,43,3,8,3,1.91510834399858,0.860762336260703,60
2009Q2,62,1994Q1,2009Q2,"(1,1,0)","(1,0,1,4)",0,-197.708260823015,-197.00650643705,46,45,1,8,3,1.98886023039418,0.850684280384111,61
2009Q3,63,1994Q1,2009Q3,"(1,1,0)","(1,0,1,4)",0,-202.152862238755,-201.463207066342,46,46,0,8,3,2.05780100246415,0.841090758517132,62
2009Q4,64,1994Q1,2009Q4,"(1,1,0)","(1,0,1,4)",0,-206.43873761138,-205.760771509685,46,46,0,8,3,1.98775877917401,0.850836238581237,63
2010Q1,65,1994Q1,2010Q1,"(1,1,0)","(1,0,1,4)",0,-209.377127361821,-208.710460695155,46,42,4,8,3,1.8548627754217,0.868840907605563,64
2010Q2,66,1994Q1,2010Q2,"(1,1,0)","(1,0,1,4)",0,-213.555897475186,-212.900159770267,46,44,2,8,3,1.77015227934152,0.879945929012488,65
2010Q3,67,1994Q1,2010Q3,"(1,1,0)","(1,0,1,4)",0,-218.071521056681,-217.426359766358,46,44,2,8,3,1.81150578488825,0.874563258439077,66
2010Q4,68,1994Q1,2010Q4,"(1,1,0)","(1,0,1,4)",0,-222.352642891513,-221.717722256592,46,44,2,8,3,1.72410603645948,0.885848922864687,67
2011Q1,69,1994Q1,2011Q1,"(1,1,0)","(1,0,1,4)",0,-226.916952285568,-226.291952285568,46,44,2,8,3,1.76070578214298,0.88116485232758,68
2011Q2,70,1994Q1,2011Q2,"(1,1,0)","(1,0,1,4)",0,-231.478993647113,-230.863609031728,46,46,0,8,3,1.81397200916678,0.874239893468405,69
2011Q3,71,1994Q1,2011Q3,"(1,1,0)","(1,0,1,4)",0,-236.091588521482,-235.485527915421,46,43,3,8,3,1.82948563847961,0.872199833587824,70
2011Q4,72,1994Q1,2011Q4,"(0,1,1)","(1,0,1,4)",0,-240.332288981126,-239.735274055753,46,44,2,8,3,2.39851017020948,0.791695964993773,71
2012Q1,73,1994Q1,2012Q1,"(0,1,1)","(1,0,1,4)",0,-244.823897512694,-244.235662218576,46,44,2,8,3,2.43390552858585,0.786414453865836,72
2012Q2,74,1994Q1,2012Q2,"(1,1,0)","(1,0,1,4)",0,-249.438521614754,-248.858811469827,46,46,0,8,3,1.94421062335425,0.856809474688495,73
2012Q3,75,1994Q1,2012Q3,"(1,1,0)","(1,0,1,4)",0,-254.090783889555,-253.519355318127,46,46,0,8,3,1.98753175333118,0.850867554181446,74
2012Q4,76,1994Q1,2012Q4,"(1,1,0)","(1,0,1,4)",0,-258.731396446639,-258.168016164949,46,45,1,8,3,2.02458968046763,0.845732231274656,75
2013Q1,77,1994Q1,2013Q1,"(1,1,0)","(1,0,1,4)",0,-262.968628906048,-262.413073350493,46,45,1,8,3,2.07944459196094,0.838046778589157,76
2013Q2,78,1994Q1,2013Q2,"(1,1,0)","(1,0,1,4)",0,-267.660714896803,-267.112769691324,46,46,0,8,3,2.12744171930545,0.831244865022112,77
2013Q3,79,1994Q1,2013Q3,"(1,1,0)","(1,0,1,4)",0,-272.366955722719,-271.826415182179,46,43,3,8,3,2.14751422074264,0.828380072072723,78
2013Q4,80,1994Q1,2013Q4,"(1,1,0)","(1,0,1,4)",0,-277.089371544717,-276.556038211383,46,46,0,8,3,2.18493059850716,0.823009646034238,79
2014Q1,81,1994Q1,2014Q1,"(1,1,0)","(1,0,1,4)",0,-281.220268681476,-280.693952892002,46,44,2,8,3,2.18342806334041,0.823226046090423,80
2014Q2,82,1994Q1,2014Q2,"(1,1,0)","(1,0,1,4)",0,-285.958091399437,-285.438610879956,46,44,2,8,3,2.22542229400643,0.817155499060945,81
2014Q3,83,1994Q1,2014Q3,"(1,1,0)","(1,0,1,4)",0,-290.71064985696,-290.19782934414,46,46,0,8,3,2.25847946174055,0.812345391276238,82
2014Q4,84,1994Q1,2014Q4,"(1,1,0)","(1,0,1,4)",0,-295.4757444025,-294.969415288576,46,45,1,8,3,2.296796613027,0.806737245995415,83
2015Q1,85,1994Q1,2015Q1,"(1,1,0)","(1,0,1,4)",0,-300.2522996442,-299.7522996442,46,44,2,8,3,2.31822968498626,0.80358574650326,84
2015Q2,86,1994Q1,2015Q2,"(1,1,0)","(1,0,1,4)",0,-305.024343018879,-304.530515858385,46,45,1,8,3,2.33985280121449,0.800396222913805,85
2015Q3,87,1994Q1,2015Q3,"(1,1,0)","(1,0,1,4)",0,-309.80225119432,-309.314446316271,46,45,1,8,3,2.37372568323252,0.79538034936372,86
2015Q4,88,1994Q1,2015Q4,"(1,1,0)","(1,0,1,4)",0,-314.506918918251,-314.024991207408,46,46,0,8,3,2.38655712521792,0.793474333384062,87
2016Q1,89,1994Q1,2016Q1,"(1,1,0)","(1,0,1,4)",0,-317.725845451064,-317.249654974873,46,45,1,8,3,2.37348200012544,0.795416515745568,88
2016Q2,90,1994Q1,2016Q2,"(1,1,0)","(1,0,1,4)",0,-322.462179506227,-321.991591270933,46,45,1,8,3,2.38833472320319,0.793210034477529,89
2016Q3,91,1994Q1,2016Q3,"(0,1,1)","(1,0,1,4)",0,-327.270061953815,-326.804945674746,46,43,3,8,3,3.08602130722893,0.686725729564696,90
2016Q4,92,1994Q1,2016Q4,"(0,1,1)","(1,0,1,4)",0,-332.040348264379,-331.580578149436,46,45,1,8,3,3.10172069676997,0.684306936973204,91
2017Q1,93,1994Q1,2017Q1,"(0,1,1)","(1,0,1,4)",0,-336.071173393929,-335.616627939383,46,45,1,8,3,3.10777109677588,0.683374917721123,92
2017Q2,94,1994Q1,2017Q2,"(0,1,1)","(1,0,1,4)",0,-340.92371346054,-340.474275258292,46,44,2,8,3,3.15304037846256,0.67640498266515,93
2017Q3,95,1994Q1,2017Q3,"(0,1,1)","(1,0,1,4)",0,-345.787257350459,-345.342812906014,46,46,0,8,3,3.1939320796151,0.670115561853339,94
2017Q4,96,1994Q1,2017Q4,"(0,1,1)","(1,0,1,4)",0,-350.657172335908,-350.217611896347,46,46,0,8,3,3.22642293671896,0.665123733981069,95
2018Q1,97,1994Q1,2018Q1,"(0,1,1)","(1,0,1,4)",0,-352.344358220863,-351.909575612168,46,45,1,8,3,3.12088402571086,0.681355310871419,96
2018Q2,98,1994Q1,2018Q2,"(0,1,1)","(1,0,1,4)",0,-356.683517987653,-356.253410460771,46,44,2,8,3,3.06084266618609,0.690606048397219,97
2018Q3,99,1994Q1,2018Q3,"(0,1,1)","(1,0,1,4)",0,-361.53238123556,-361.106849320667,46,44,2,8,3,3.08972807631891,0.686154579359407,98
2018Q4,100,1994Q1,2018Q4,"(0,1,1)","(1,0,1,4)",0,-366.407954666463,-365.986902034884,46,46,0,8,3,3.12464327608779,0.680776416687684,99
2019Q1,101,1994Q1,2019Q1,"(0,1,1)","(1,0,1,4)",0,-371.224183854989,-370.807517188322,46,45,1,8,3,3.13880702820304,0.678595713496177,100
2019Q2,102,1994Q1,2019Q2,"(0,1,1)","(1,0,1,4)",0,-376.119938888761,-375.70756775474,46,45,1,8,3,3.17983455737676,0.672283053317871,101
2019Q3,103,1994Q1,2019Q3,"(0,1,1)","(1,0,1,4)",0,-380.978414853296,-380.57025158799,46,45,1,8,3,3.23610383715105,0.663637446111271,102
2019Q4,104,1994Q1,2019Q4,"(0,1,1)","(1,0,1,4)",0,-385.894132950891,-385.49009254685,46,46,0,8,3,3.27190888323184,0.658145087445552,103
2020Q1,105,1994Q1,2020Q1,"(1,1,0)","(1,0,1,4)",0,-336.212186895784,-335.812186895784,46,46,0,8,3,1.88602260414784,0.864680526825178,104
2020Q2,106,1994Q1,2020Q2,"(1,1,0)","(1,0,1,4)",0,-337.426319950098,-337.030280346138,46,46,0,8,3,1.85756869906204,0.868481179100853,105
2020Q3,107,1994Q1,2020Q3,"(0,1,1)","(1,0,1,4)",0,-339.626595970009,-339.234439107264,46,46,0,8,3,2.94036079431764,0.709180110729183,106
2020Q4,108,1994Q1,2020Q4,"(0,1,1)","(1,0,1,4)",0,-342.054671506728,-341.666321992165,46,45,1,8,3,2.9273197048402,0.71119004348478,107
2021Q1,109,1994Q1,2021Q1,"(0,1,1)","(1,0,1,4)",0,-340.357180592539,-339.972565207924,46,46,0,8,3,3.14179550761191,0.678135681254954,108
2021Q2,110,1994Q1,2021Q2,"(0,1,1)","(1,0,1,4)",0,-344.47809315467,-344.097140773718,46,46,0,8,3,3.60136869851576,0.608107799802679,109
2021Q3,111,1994Q1,2021Q3,"(0,1,1)","(1,0,1,4)",0,-346.727326795045,-346.349968304479,46,44,2,8,3,4.16841680103621,0.525431799821946,110
2021Q4,112,1994Q1,2021Q4,"(0,1,1)","(1,0,1,4)",0,-350.99265148285,-350.618819707149,46,45,1,8,3,4.19683467858637,0.521438725827156,111
2022Q1,113,1994Q1,2022Q1,"(0,1,1)","(1,0,1,4)",0,-354.67498591383,-354.30461554346,46,45,1,8,3,3.66347546412653,0.598808626420416,112
2022Q2,114,1994Q1,2022Q2,"(0,1,1)","(1,0,1,4)",0,-354.629647431249,-354.262674954185,46,46,0,8,3,2.38560940391342,0.793615218931907,113
2022Q3,115,1994Q1,2022Q3,"(0,1,1)","(1,0,1,4)",0,-358.894734380901,-358.531098017264,46,46,0,8,3,2.51576634096019,0.774118779503629,114
2022Q4,116,1994Q1,2022Q4,"(0,1,1)","(1,0,1,4)",0,-362.111851111082,-361.751490750721,46,45,1,8,3,2.38812227449796,0.793241625194673,115
2023Q1,117,1994Q1,2023Q1,"(0,1,1)","(1,0,1,4)",0,-362.756965140717,-362.399822283574,46,46,0,8,3,2.17296843574035,0.824730783939184,116
2023Q2,118,1994Q1,2023Q2,"(0,1,1)","(1,0,1,4)",0,-367.014983782605,-366.66100148172,46,44,2,8,3,2.19265046657237,0.821896851802478,117
2023Q3,119,1994Q1,2023Q3,"(0,1,1)","(1,0,1,4)",0,-370.908016311473,-370.557139118491,46,46,0,8,3,2.34470760459557,0.799678760859612,118
2023Q4,120,1994Q1,2023Q4,"(0,1,1)","(1,0,1,4)",0,-375.186967502679,-374.839141415723,46,46,0,8,3,2.36189270448554,0.797135195658706,119
2024Q1,121,1994Q1,2024Q1,"(0,1,1)","(1,0,1,4)",0,-378.989901089381,-378.645073503174,46,46,0,8,3,2.30058703991915,0.806180645732138,120
2024Q2,122,1994Q1,2024Q2,"(0,1,1)","(1,0,1,4)",0,-383.007557960947,-382.665677619066,46,45,1,8,3,2.41680430090379,0.788969028803931,121
2024Q3,123,1994Q1,2024Q3,"(0,1,1)","(1,0,1,4)",0,-386.944660726609,-386.605677675761,46,44,2,8,3,2.30906170259628,0.804935037707089,122
2024Q4,124,1994Q1,2024Q4,"(0,1,1)","(1,0,1,4)",0,-391.227172140358,-390.891037686577,46,44,2,8,3,2.30414420385156,0.805658006836925,123
2025Q1,125,1994Q1,2025Q1,"(0,1,1)","(1,0,1,4)",0,-395.350077582681,-395.016744249347,46,44,2,8,3,2.42182944271741,0.788218913250584,124
2025Q2,126,1994Q1,2025Q2,"(0,1,1)","(1,0,1,4)",0,-399.645382835696,-399.3148043233,46,45,1,8,3,2.42816811940317,0.787272081683685,125
2025Q3,127,1994Q1,2025Q3,"(0,1,1)","(1,0,1,4)",0,-403.419748691609,-403.09187983915,46,46,0,8,3,2.47774515469601,0.779842901887035,126
2025Q4,128,1994Q1,2025Q4,"(0,1,1)","(1,0,1,4)",0,-407.642244113183,-407.31704086115,46,45,1,8,3,2.51237019254103,0.774630954103575,127
2026Q1,129,1994Q1,2026Q1,"(0,1,1)","(1,0,1,4)",0,-411.794962710132,-411.472382064971,46,45,1,8,3,2.59073120659242,0.762773042083139,128
