model,horizon,scope,sample,excluded_targets,n_forecasts,MAE,RMSE,MASE
SARIMA,2,all,full,,86,2970.23648767576,5115.5228212922,0.947892964636094
SARIMA,2,all,exclude_shocks,2020Q1|2022Q2,84,2634.7197496877,4218.6558699171,0.869410498483842
SARIMA,2,q1,full,,22,3824.03509401561,7159.17120761119,1.1085826917115
SARIMA,2,q1,exclude_shocks,2020Q1|2022Q2,21,2750.36018678144,4536.31638521114,0.841493784424474
SARIMA+CNY,2,all,full,,86,2965.72967000945,5021.59283475073,0.946406838794801
SARIMA+CNY,2,all,exclude_shocks,2020Q1|2022Q2,84,2636.76569066407,4131.78955853973,0.869514938805172
SARIMA+CNY,2,q1,full,,22,3852.9657904887,7044.61774430093,1.10853693500365
SARIMA+CNY,2,q1,exclude_shocks,2020Q1|2022Q2,21,2796.58221417726,4439.32429762415,0.845499487035853
ETS,2,all,full,,86,3242.31926143174,5211.83647730642,1.05975993511162
ETS,2,all,exclude_shocks,2020Q1|2022Q2,84,2926.03162302655,4415.39561161887,0.987205101846006
ETS,2,q1,full,,22,4146.71888048381,7194.90545494412,1.22948678140289
ETS,2,q1,exclude_shocks,2020Q1|2022Q2,21,3141.86616206179,4886.19779088149,0.981771954948858
