quarter,year,quarter_num,retail_bn,log_retail,is_q1,cny_date,cny_month,cny_position_fraction,pmi,pmi_lag1,pmi_lag2
1994Q1,1994,1,3569.6,8.180209,1,1994-02-10,2,0.444444444444,,,
1994Q2,1994,2,3713.8,8.219811,0,1994-02-10,2,0.444444444444,,,
1994Q3,1994,3,3985.9,8.290518,0,1994-02-10,2,0.444444444444,,,
1994Q4,1994,4,4995.4,8.516273,0,1994-02-10,2,0.444444444444,,,
1995Q1,1995,1,4660.1,8.446792,1,1995-01-31,1,0.333333333333,,,
1995Q2,1995,2,4783.8,8.472990,0,1995-01-31,1,0.333333333333,,,
1995Q3,1995,3,5051.9,8.527520,0,1995-01-31,1,0.333333333333,,,
1995Q4,1995,4,6124.2,8.720003,0,1995-01-31,1,0.333333333333,,,
1996Q1,1996,1,5726.4,8.652842,1,1996-02-19,2,0.538461538462,,,
1996Q2,1996,2,5765.4,8.659630,0,1996-02-19,2,0.538461538462,,,
1996Q3,1996,3,5936.3,8.688841,0,1996-02-19,2,0.538461538462,,,
1996Q4,1996,4,7346.0,8.901911,0,1996-02-19,2,0.538461538462,,,
1997Q1,1997,1,6672.3,8.805720,1,1997-02-07,2,0.411111111111,,,
1997Q2,1997,2,6411.3,8.765817,0,1997-02-07,2,0.411111111111,,,
1997Q3,1997,3,6484.9,8.777232,0,1997-02-07,2,0.411111111111,,,
1997Q4,1997,4,7730.4,8.952916,0,1997-02-07,2,0.411111111111,,,
1998Q1,1998,1,7082.2,8.865340,1,1998-01-28,1,0.300000000000,,,
1998Q2,1998,2,6779.1,8.821600,0,1998-01-28,1,0.300000000000,,,
1998Q3,1998,3,6971.6,8.849600,0,1998-01-28,1,0.300000000000,,,
1998Q4,1998,4,8319.6,9.026369,0,1998-01-28,1,0.300000000000,,,
1999Q1,1999,1,7603.6,8.936377,1,1999-02-16,2,0.511111111111,,,
1999Q2,1999,2,7149.6,8.874812,0,1999-02-16,2,0.511111111111,,,
1999Q3,1999,3,7395.5,8.908627,0,1999-02-16,2,0.511111111111,,,
1999Q4,1999,4,8986.0,9.103423,0,1999-02-16,2,0.511111111111,,,
2000Q1,2000,1,8394.4,9.035320,1,2000-02-05,2,0.384615384615,,,
2000Q2,2000,2,7853.6,8.968727,0,2000-02-05,2,0.384615384615,,,
2000Q3,2000,3,8087.5,8.998075,0,2000-02-05,2,0.384615384615,,,
2000Q4,2000,4,9817.1,9.191881,0,2000-02-05,2,0.384615384615,,,
2001Q1,2001,1,9256.0,9.133027,1,2001-01-24,1,0.255555555556,,,
2001Q2,2001,2,8659.2,9.066378,0,2001-01-24,1,0.255555555556,,,
2001Q3,2001,3,8877.7,9.091298,0,2001-01-24,1,0.255555555556,,,
2001Q4,2001,4,10802.3,9.287514,0,2001-01-24,1,0.255555555556,,,
2002Q1,2002,1,10035.3,9.213864,1,2002-02-12,2,0.466666666667,,,
2002Q2,2002,2,9413.1,9.149858,0,2002-02-12,2,0.466666666667,,,
2002Q3,2002,3,9662.7,9.176028,0,2002-02-12,2,0.466666666667,,,
2002Q4,2002,4,11799.4,9.375804,0,2002-02-12,2,0.466666666667,,,
2003Q1,2003,1,11108.6,9.315475,1,2003-02-01,2,0.344444444444,,,
2003Q2,2003,2,10447.1,9.254080,0,2003-02-01,2,0.344444444444,,,
2003Q3,2003,3,11143.5,9.318612,0,2003-02-01,2,0.344444444444,,,
2003Q4,2003,4,13142.8,9.483629,0,2003-02-01,2,0.344444444444,,,
2004Q1,2004,1,12830.6,9.459588,1,2004-01-22,1,0.230769230769,,,
2004Q2,2004,2,12418.6,9.426951,0,2004-01-22,1,0.230769230769,,,
2004Q3,2004,3,13189.6,9.487184,0,2004-01-22,1,0.230769230769,,,
2004Q4,2004,4,15511.3,9.649324,0,2004-01-22,1,0.230769230769,,,
2005Q1,2005,1,15112.2,9.623258,1,2005-02-09,2,0.433333333333,55.70,,
2005Q2,2005,2,14497.5,9.581731,0,2005-02-09,2,0.433333333333,53.77,55.70,
2005Q3,2005,3,15470.9,9.646716,0,2005-02-09,2,0.433333333333,52.93,53.77,55.70
2005Q4,2005,4,22096.0,10.003152,0,2005-02-09,2,0.433333333333,54.17,52.93,53.77
2006Q1,2006,1,18440.2,9.822288,1,2006-01-29,1,0.311111111111,53.17,54.17,52.93
2006Q2,2006,2,18008.0,9.798571,0,2006-01-29,1,0.311111111111,55.67,53.17,54.17
2006Q3,2006,3,18643.2,9.833237,0,2006-01-29,1,0.311111111111,54.17,55.67,53.17
2006Q4,2006,4,21318.6,9.967335,0,2006-01-29,1,0.311111111111,54.93,54.17,55.67
2007Q1,2007,1,21187.8,9.961181,1,2007-02-18,2,0.533333333333,54.77,54.93,54.17
2007Q2,2007,2,20856.0,9.945397,0,2007-02-18,2,0.533333333333,56.27,54.77,54.93
2007Q3,2007,3,21783.2,9.988894,0,2007-02-18,2,0.533333333333,54.47,56.27,54.77
2007Q4,2007,4,25383.0,10.141835,0,2007-02-18,2,0.533333333333,54.63,54.47,56.27
2008Q1,2008,1,25555.2,10.148596,1,2008-02-07,2,0.406593406593,54.93,54.63,54.47
2008Q2,2008,2,25487.5,10.145943,0,2008-02-07,2,0.406593406593,54.83,54.93,54.63
2008Q3,2008,3,26843.0,10.197760,0,2008-02-07,2,0.406593406593,49.33,54.83,54.93
2008Q4,2008,4,30602.0,10.328821,0,2008-02-07,2,0.406593406593,41.53,49.33,54.83
2009Q1,2009,1,29398.0,10.288682,1,2009-01-26,1,0.277777777778,48.90,41.53,49.33
2009Q2,2009,2,29313.2,10.285793,0,2009-01-26,1,0.277777777778,53.27,48.90,41.53
2009Q3,2009,3,30964.9,10.340610,0,2009-01-26,1,0.277777777778,53.87,53.27,48.90
2009Q4,2009,4,35666.6,10.481970,0,2009-01-26,1,0.277777777778,55.67,53.87,53.27
2010Q1,2010,1,36374.0,10.501610,1,2010-02-14,2,0.488888888889,54.30,55.67,53.87
2010Q2,2010,2,36295.4,10.499446,0,2010-02-14,2,0.488888888889,53.90,54.30,55.67
2010Q3,2010,3,38359.1,10.554747,0,2010-02-14,2,0.488888888889,52.23,53.90,54.30
2010Q4,2010,4,43525.2,10.681095,0,2010-02-14,2,0.488888888889,54.60,52.23,53.90
2011Q1,2011,1,42921.8,10.667135,1,2011-02-03,2,0.366666666667,52.83,54.60,52.23
2011Q2,2011,2,42910.9,10.666881,0,2011-02-03,2,0.366666666667,51.93,52.83,54.60
2011Q3,2011,3,44978.1,10.713931,0,2011-02-03,2,0.366666666667,50.93,51.93,52.83
2011Q4,2011,4,50415.0,10.828044,0,2011-02-03,2,0.366666666667,49.90,50.93,51.93
2012Q1,2012,1,49318.8,10.806061,1,2012-01-23,1,0.241758241758,51.53,49.90,50.93
2012Q2,2012,2,48902.8,10.797590,0,2012-01-23,1,0.241758241758,51.30,51.53,49.90
2012Q3,2012,3,51200.4,10.843503,0,2012-01-23,1,0.241758241758,49.70,51.30,51.53
2012Q4,2012,4,57744.7,10.963787,0,2012-01-23,1,0.241758241758,50.47,49.70,51.30
2013Q1,2013,1,55451.0,10.923255,1,2013-02-10,2,0.444444444444,50.47,50.47,49.70
2013Q2,2013,2,55313.3,10.920769,0,2013-02-10,2,0.444444444444,50.50,50.47,50.47
2013Q3,2013,3,58052.7,10.969106,0,2013-02-10,2,0.444444444444,50.80,50.50,50.47
2013Q4,2013,4,65563.0,11.090767,0,2013-02-10,2,0.444444444444,51.27,50.80,50.50
2014Q1,2014,1,62081.2,11.036198,1,2014-01-31,1,0.333333333333,50.33,51.27,50.80
2014Q2,2014,2,62117.5,11.036783,0,2014-01-31,1,0.333333333333,50.73,50.33,51.27
2014Q3,2014,3,64952.1,11.081405,0,2014-01-31,1,0.333333333333,51.30,50.73,50.33
2014Q4,2014,4,73243.3,11.201542,0,2014-01-31,1,0.333333333333,50.40,51.30,50.73
2015Q1,2015,1,70715.3,11.166417,1,2015-02-19,2,0.544444444444,49.93,50.40,51.30
2015Q2,2015,2,70861.8,11.168487,0,2015-02-19,2,0.544444444444,50.17,49.93,50.40
2015Q3,2015,3,74502.8,11.218592,0,2015-02-19,2,0.544444444444,49.83,50.17,49.93
2015Q4,2015,4,84850.9,11.348651,0,2015-02-19,2,0.544444444444,49.70,49.83,50.17
2016Q1,2016,1,78024.4,11.264777,1,2016-02-08,2,0.417582417582,49.53,49.70,49.83
2016Q2,2016,2,78113.9,11.265923,0,2016-02-08,2,0.417582417582,50.07,49.53,49.70
2016Q3,2016,3,82343.5,11.318655,0,2016-02-08,2,0.417582417582,50.23,50.07,49.53
2016Q4,2016,4,93834.2,11.449285,0,2016-02-08,2,0.417582417582,51.43,50.23,50.07
2017Q1,2017,1,85823.4,11.360047,1,2017-01-28,1,0.300000000000,51.57,51.43,50.23
2017Q2,2017,2,86545.3,11.368423,0,2017-01-28,1,0.300000000000,51.37,51.57,51.43
2017Q3,2017,3,90809.7,11.416521,0,2017-01-28,1,0.300000000000,51.83,51.37,51.57
2017Q4,2017,4,103083.2,11.543292,0,2017-01-28,1,0.300000000000,51.67,51.83,51.37
2018Q1,2018,1,90275.4,11.410620,1,2018-02-16,2,0.511111111111,51.03,51.67,51.83
2018Q2,2018,2,89742.5,11.404700,0,2018-02-16,2,0.511111111111,51.60,51.03,51.67
2018Q3,2018,3,94281.4,11.454039,0,2018-02-16,2,0.511111111111,51.10,51.60,51.03
2018Q4,2018,4,106687.6,11.577660,0,2018-02-16,2,0.511111111111,49.87,51.10,51.60
2019Q1,2019,1,97789.7,11.490575,1,2019-02-05,2,0.388888888889,49.73,49.87,51.10
2019Q2,2019,2,97420.0,11.486787,0,2019-02-05,2,0.388888888889,49.63,49.73,49.87
2019Q3,2019,3,101464.5,11.527464,0,2019-02-05,2,0.388888888889,49.67,49.63,49.73
2019Q4,2019,4,114974.8,11.652468,0,2019-02-05,2,0.388888888889,49.90,49.67,49.63
2020Q1,2020,1,78579.7,11.271869,1,2020-01-25,1,0.263736263736,45.90,49.90,49.67
2020Q2,2020,2,93676.5,11.447603,0,2020-01-25,1,0.263736263736,50.77,45.90,49.90
2020Q3,2020,3,101067.8,11.523547,0,2020-01-25,1,0.263736263736,51.20,50.77,45.90
2020Q4,2020,4,118656.6,11.683989,0,2020-01-25,1,0.263736263736,51.80,51.20,50.77
2021Q1,2021,1,105220.8,11.563816,1,2021-02-12,2,0.466666666667,51.27,51.80,51.20
2021Q2,2021,2,106683.5,11.577622,0,2021-02-12,2,0.466666666667,51.00,51.27,51.80
2021Q3,2021,3,106152.9,11.572636,0,2021-02-12,2,0.466666666667,50.03,51.00,51.27
2021Q4,2021,4,122766.0,11.718035,0,2021-02-12,2,0.466666666667,49.87,50.03,51.00
2022Q1,2022,1,108659.1,11.595971,1,2022-02-01,2,0.344444444444,49.93,49.87,50.03
2022Q2,2022,2,101772.6,11.530496,0,2022-02-01,2,0.344444444444,49.07,49.93,49.87
2022Q3,2022,3,109872.9,11.607080,0,2022-02-01,2,0.344444444444,49.50,49.07,49.93
2022Q4,2022,4,119427.9,11.690468,0,2022-02-01,2,0.344444444444,48.07,49.50,49.07
2023Q1,2023,1,114922.4,11.652012,1,2023-01-22,1,0.233333333333,51.53,48.07,49.50
2023Q2,2023,2,112665.2,11.632176,0,2023-01-22,1,0.233333333333,49.00,51.53,48.07
2023Q3,2023,3,114519.4,11.648500,0,2023-01-22,1,0.233333333333,49.73,49.00,51.53
2023Q4,2023,4,129388.2,11.770572,0,2023-01-22,1,0.233333333333,49.30,49.73,49.00
2024Q1,2024,1,120326.8,11.697967,1,2024-02-10,2,0.439560439560,49.70,49.30,49.73
2024Q2,2024,2,115642.2,11.658256,0,2024-02-10,2,0.439560439560,49.80,49.70,49.30
2024Q3,2024,3,117595.0,11.675002,0,2024-02-10,2,0.439560439560,49.43,49.80,49.70
2024Q4,2024,4,134330.8,11.808061,0,2024-02-10,2,0.439560439560,50.17,49.43,49.80
2025Q1,2025,1,124671.1,11.733434,1,2025-01-29,1,0.311111111111,49.93,50.17,49.43
2025Q2,2025,2,120787.3,11.701786,0,2025-01-29,1,0.311111111111,49.40,49.93,50.17
2025Q3,2025,3,120418.8,11.698731,0,2025-01-29,1,0.311111111111,49.50,49.40,49.93
2025Q4,2025,4,135325.2,11.815436,0,2025-01-29,1,0.311111111111,49.43,49.50,49.40
2026Q1,2026,1,127694.9,11.757399,1,2026-02-17,2,0.522222222222,49.57,49.43,49.50
2026Q2,2026,2,121027.2,11.703771,0,2026-02-17,2,0.522222222222,50.20,49.57,49.43
