quarter,pmi
2005Q1,55.7
2005Q2,53.77
2005Q3,52.93
2005Q4,54.17
2006Q1,53.17
2006Q2,55.67
2006Q3,54.17
2006Q4,54.93
2007Q1,54.77
2007Q2,56.27
2007Q3,54.47
2007Q4,54.63
2008Q1,54.93
2008Q2,54.83
2008Q3,49.33
2008Q4,41.53
2009Q1,48.9
2009Q2,53.27
2009Q3,53.87
2009Q4,55.67
2010Q1,54.3
2010Q2,53.9
2010Q3,52.23
2010Q4,54.6
2011Q1,52.83
2011Q2,51.93
2011Q3,50.93
2011Q4,49.9
2012Q1,51.53
2012Q2,51.3
2012Q3,49.7
2012Q4,50.47
2013Q1,50.47
2013Q2,50.5
2013Q3,50.8
2013Q4,51.27
2014Q1,50.33
2014Q2,50.73
2014Q3,51.3
2014Q4,50.4
2015Q1,49.93
2015Q2,50.17
2015Q3,49.83
2015Q4,49.7
2016Q1,49.53
2016Q2,50.07
2016Q3,50.23
2016Q4,51.43
2017Q1,51.57
2017Q2,51.37
2017Q3,51.83
2017Q4,51.67
2018Q1,51.03
2018Q2,51.6
2018Q3,51.1
2018Q4,49.87
2019Q1,49.73
2019Q2,49.63
2019Q3,49.67
2019Q4,49.9
2020Q1,45.9
2020Q2,50.77
2020Q3,51.2
2020Q4,51.8
2021Q1,51.27
2021Q2,51.0
2021Q3,50.03
2021Q4,49.87
2022Q1,49.93
2022Q2,49.07
2022Q3,49.5
2022Q4,48.07
2023Q1,51.53
2023Q2,49.0
2023Q3,49.73
2023Q4,49.3
2024Q1,49.7
2024Q2,49.8
2024Q3,49.43
2024Q4,50.17
2025Q1,49.93
2025Q2,49.4
2025Q3,49.5
2025Q4,49.43
2026Q1,49.57
2026Q2,50.2
