quarter,value_bn,log_value
1994Q1,3569.6,8.180209
1994Q2,3713.8,8.219811
1994Q3,3985.9,8.290518
1994Q4,4995.4,8.516273
1995Q1,4660.1,8.446792
1995Q2,4783.8,8.47299
1995Q3,5051.9,8.52752
1995Q4,6124.2,8.720003
1996Q1,5726.4,8.652842
1996Q2,5765.4,8.65963
1996Q3,5936.3,8.688841
1996Q4,7346.0,8.901911
1997Q1,6672.3,8.80572
1997Q2,6411.3,8.765817
1997Q3,6484.9,8.777232
1997Q4,7730.4,8.952916
1998Q1,7082.2,8.86534
1998Q2,6779.1,8.8216
1998Q3,6971.6,8.8496
1998Q4,8319.6,9.026369
1999Q1,7603.6,8.936377
1999Q2,7149.6,8.874812
1999Q3,7395.5,8.908627
1999Q4,8986.0,9.103423
2000Q1,8394.4,9.03532
2000Q2,7853.6,8.968727
2000Q3,8087.5,8.998075
2000Q4,9817.1,9.191881
2001Q1,9256.0,9.133027
2001Q2,8659.2,9.066378
2001Q3,8877.7,9.091298
2001Q4,10802.3,9.287514
2002Q1,10035.3,9.213864
2002Q2,9413.1,9.149858
2002Q3,9662.7,9.176028
2002Q4,11799.4,9.375804
2003Q1,11108.6,9.315475
2003Q2,10447.1,9.25408
2003Q3,11143.5,9.318612
2003Q4,13142.8,9.483629
2004Q1,12830.6,9.459588
2004Q2,12418.6,9.426951
2004Q3,13189.6,9.487184
2004Q4,15511.3,9.649324
2005Q1,15112.2,9.623258
2005Q2,14497.5,9.581731
2005Q3,15470.9,9.646716
2005Q4,22096.0,10.003152
2006Q1,18440.2,9.822288
2006Q2,18008.0,9.798571
2006Q3,18643.2,9.833237
2006Q4,21318.6,9.967335
2007Q1,21187.8,9.961181
2007Q2,20856.0,9.945397
2007Q3,21783.2,9.988894
2007Q4,25383.0,10.141835
2008Q1,25555.2,10.148596
2008Q2,25487.5,10.145943
2008Q3,26843.0,10.19776
2008Q4,30602.0,10.328821
2009Q1,29398.0,10.288682
2009Q2,29313.2,10.285793
2009Q3,30964.9,10.34061
2009Q4,35666.6,10.48197
2010Q1,36374.0,10.50161
2010Q2,36295.4,10.499446
2010Q3,38359.1,10.554747
2010Q4,43525.2,10.681095
2011Q1,42921.8,10.667135
2011Q2,42910.9,10.666881
2011Q3,44978.1,10.713931
2011Q4,50415.0,10.828044
2012Q1,49318.8,10.806061
2012Q2,48902.8,10.79759
2012Q3,51200.4,10.843503
2012Q4,57744.7,10.963787
2013Q1,55451.0,10.923255
2013Q2,55313.3,10.920769
2013Q3,58052.7,10.969106
2013Q4,65563.0,11.090767
2014Q1,62081.2,11.036198
2014Q2,62117.5,11.036783
2014Q3,64952.1,11.081405
2014Q4,73243.3,11.201542
2015Q1,70715.3,11.166417
2015Q2,70861.8,11.168487
2015Q3,74502.8,11.218592
2015Q4,84850.9,11.348651
2016Q1,78024.4,11.264777
2016Q2,78113.9,11.265923
2016Q3,82343.5,11.318655
2016Q4,93834.2,11.449285
2017Q1,85823.4,11.360047
2017Q2,86545.3,11.368423
2017Q3,90809.7,11.416521
2017Q4,103083.2,11.543292
2018Q1,90275.4,11.41062
2018Q2,89742.5,11.4047
2018Q3,94281.4,11.454039
2018Q4,106687.6,11.57766
2019Q1,97789.7,11.490575
2019Q2,97420.0,11.486787
2019Q3,101464.5,11.527464
2019Q4,114974.8,11.652468
2020Q1,78579.7,11.271869
2020Q2,93676.5,11.447603
2020Q3,101067.8,11.523547
2020Q4,118656.6,11.683989
2021Q1,105220.8,11.563816
2021Q2,106683.5,11.577622
2021Q3,106152.9,11.572636
2021Q4,122766.0,11.718035
2022Q1,108659.1,11.595971
2022Q2,101772.6,11.530496
2022Q3,109872.9,11.60708
2022Q4,119427.9,11.690468
2023Q1,114922.4,11.652012
2023Q2,112665.2,11.632176
2023Q3,114519.4,11.6485
2023Q4,129388.2,11.770572
2024Q1,120326.8,11.697967
2024Q2,115642.2,11.658256
2024Q3,117595.0,11.675002
2024Q4,134330.8,11.808061
2025Q1,124671.1,11.733434
2025Q2,120787.3,11.701786
2025Q3,120418.8,11.698731
2025Q4,135325.2,11.815436
2026Q1,127694.9,11.757399
2026Q2,121027.2,11.703771
