model,horizon,origin,target,training_start,training_end,n_train,actual,forecast,error,absolute_error,squared_error,mase_scale,scaled_absolute_error
Historical Mean,1,2004Q4,2005Q1,1994Q1,2004Q4,44,15112.2,8220.34772727273,6891.85227272728,6891.85227272728,47497627.7490961,942.135,7.31514302379943
Naive,1,2004Q4,2005Q1,1994Q1,2004Q4,44,15112.2,15511.3,-399.099999999999,399.099999999999,159280.809999999,942.135,0.423612327320393
Seasonal Naive,1,2004Q4,2005Q1,1994Q1,2004Q4,44,15112.2,12830.6,2281.6,2281.6,5205698.56,942.135,2.42173361567079
Historical Mean,1,2005Q1,2005Q2,1994Q1,2005Q1,45,14497.5,8373.5,6124,6124,37503376,974.80487804878,6.28228288337879
Naive,1,2005Q1,2005Q2,1994Q1,2005Q1,45,14497.5,15112.2,-614.700000000001,614.700000000001,377856.090000001,974.80487804878,0.630587734881278
Seasonal Naive,1,2005Q1,2005Q2,1994Q1,2005Q1,45,14497.5,12418.6,2078.9,2078.9,4321825.21,974.80487804878,2.1326319213351
Historical Mean,1,2005Q2,2005Q3,1994Q1,2005Q2,46,15470.9,8506.63043478261,6964.26956521739,6964.26956521739,48501050.5770133,1001.09285714286,6.95666692208112
Naive,1,2005Q2,2005Q3,1994Q1,2005Q2,46,15470.9,14497.5,973.4,973.4,947507.559999999,1001.09285714286,0.972337374155387
Seasonal Naive,1,2005Q2,2005Q3,1994Q1,2005Q2,46,15470.9,13189.6,2281.3,2281.3,5204329.69,1001.09285714286,2.278809586666
Historical Mean,1,2005Q3,2005Q4,1994Q1,2005Q3,47,22096,8654.80638297872,13441.1936170213,13441.1936170213,180665685.850254,1030.86511627907,13.0387510497373
Naive,1,2005Q3,2005Q4,1994Q1,2005Q3,47,22096,15470.9,6625.1,6625.1,43891950.01,1030.86511627907,6.42673798480391
Seasonal Naive,1,2005Q3,2005Q4,1994Q1,2005Q3,47,22096,15511.3,6584.7,6584.7,43358274.09,1030.86511627907,6.38754760057031
Historical Mean,1,2005Q4,2006Q1,1994Q1,2005Q4,48,18440.2,8934.83125,9505.36875,9505.36875,90352035.0734766,1157.08863636364,8.21490113313391
Naive,1,2005Q4,2006Q1,1994Q1,2005Q4,48,18440.2,22096,-3655.8,3655.8,13364873.64,1157.08863636364,3.15948137861679
Seasonal Naive,1,2005Q4,2006Q1,1994Q1,2005Q4,48,18440.2,15112.2,3328,3328,11075584,1157.08863636364,2.87618415341011
Historical Mean,1,2006Q1,2006Q2,1994Q1,2006Q1,49,18008,9128.81836734694,8879.18163265306,8879.18163265306,78839866.4656435,1205.33111111111,7.36659126343131
Naive,1,2006Q1,2006Q2,1994Q1,2006Q1,49,18008,18440.2,-432.200000000001,432.200000000001,186796.840000001,1205.33111111111,0.358573669936708
Seasonal Naive,1,2006Q1,2006Q2,1994Q1,2006Q1,49,18008,14497.5,3510.5,3510.5,12323610.25,1205.33111111111,2.91247771474505
Historical Mean,1,2006Q2,2006Q3,1994Q1,2006Q2,50,18643.2,9306.402,9336.798,9336.798,87175796.892804,1255.44347826087,7.43705165678506
Naive,1,2006Q2,2006Q3,1994Q1,2006Q2,50,18643.2,18008,635.200000000001,635.200000000001,403479.040000001,1255.44347826087,0.505956668698399
Seasonal Naive,1,2006Q2,2006Q3,1994Q1,2006Q2,50,18643.2,15470.9,3172.3,3172.3,10063487.29,1255.44347826087,2.52683617775808
Historical Mean,1,2006Q3,2006Q4,1994Q1,2006Q3,51,21318.6,9489.47647058824,11829.1235294118,11829.1235294118,139928163.474083,1296.22765957447,9.12580706177423
Naive,1,2006Q3,2006Q4,1994Q1,2006Q3,51,21318.6,18643.2,2675.4,2675.4,7157765.15999999,1296.22765957447,2.06398928478219
Seasonal Naive,1,2006Q3,2006Q4,1994Q1,2006Q3,51,21318.6,22096,-777.400000000001,777.400000000001,604350.760000002,1296.22765957447,0.599740326676265
Historical Mean,1,2006Q4,2007Q1,1994Q1,2006Q4,52,21187.8,9716.95961538462,11470.8403846154,11470.8403846154,131580179.129323,1285.41875,8.92381598184668
Naive,1,2006Q4,2007Q1,1994Q1,2006Q4,52,21187.8,21318.6,-130.799999999999,130.799999999999,17108.6399999998,1285.41875,0.101756723246801
Seasonal Naive,1,2006Q4,2007Q1,1994Q1,2006Q4,52,21187.8,18440.2,2747.6,2747.6,7549305.75999999,1285.41875,2.13751355346264
Historical Mean,1,2007Q1,2007Q2,1994Q1,2007Q1,53,20856,9933.39056603774,10922.6094339623,10922.6094339623,119303396.846881,1315.25918367347,8.30453006490768
Naive,1,2007Q1,2007Q2,1994Q1,2007Q1,53,20856,21187.8,-331.799999999999,331.799999999999,110091.24,1315.25918367347,0.2522696698253
Seasonal Naive,1,2007Q1,2007Q2,1994Q1,2007Q1,53,20856,18008,2848,2848,8111104,1315.25918367347,2.16535268132144
Historical Mean,1,2007Q2,2007Q3,1994Q1,2007Q2,54,21783.2,10135.6611111111,11647.5388888889,11647.5388888889,135665162.168179,1345.914,8.65399935574553
Naive,1,2007Q2,2007Q3,1994Q1,2007Q2,54,21783.2,20856,927.200000000001,927.200000000001,859699.840000001,1345.914,0.68889988513382
Seasonal Naive,1,2007Q2,2007Q3,1994Q1,2007Q2,54,21783.2,18643.2,3140,3140,9859600,1345.914,2.33298710021591
Historical Mean,1,2007Q3,2007Q4,1994Q1,2007Q3,55,25383,10347.4345454545,15035.5654545455,15035.5654545455,226068228.537921,1381.09215686275,10.8867213384948
Naive,1,2007Q3,2007Q4,1994Q1,2007Q3,55,25383,21783.2,3599.8,3599.8,12958560.04,1381.09215686275,2.60648790315138
Seasonal Naive,1,2007Q3,2007Q4,1994Q1,2007Q3,55,25383,21318.6,4064.4,4064.4,16519347.36,1381.09215686275,2.94288833645438
Historical Mean,1,2007Q4,2008Q1,1994Q1,2007Q4,56,25555.2,10615.9267857143,14939.2732142857,14939.2732142857,223181884.171075,1432.69423076923,10.4273981799066
Naive,1,2007Q4,2008Q1,1994Q1,2007Q4,56,25555.2,25383,172.200000000001,172.200000000001,29652.8400000003,1432.69423076923,0.120193127257548
Seasonal Naive,1,2007Q4,2008Q1,1994Q1,2007Q4,56,25555.2,21187.8,4367.4,4367.4,19074182.76,1432.69423076923,3.04838248539264
Historical Mean,1,2008Q1,2008Q2,1994Q1,2008Q1,57,25487.5,10878.0192982456,14609.4807017544,14609.4807017544,213436926.374934,1488.06603773585,9.81776368203611
Naive,1,2008Q1,2008Q2,1994Q1,2008Q1,57,25487.5,25555.2,-67.7000000000007,67.7000000000007,4583.2900000001,1488.06603773585,0.0454952927378202
Seasonal Naive,1,2008Q1,2008Q2,1994Q1,2008Q1,57,25487.5,20856,4631.5,4631.5,21450792.25,1488.06603773585,3.11242907407994
Historical Mean,1,2008Q2,2008Q3,1994Q1,2008Q2,58,26843,11129.9068965517,15713.0931034483,15713.0931034483,246901294.877634,1546.27777777778,10.1618825086074
Naive,1,2008Q2,2008Q3,1994Q1,2008Q2,58,26843,25487.5,1355.5,1355.5,1837380.25,1546.27777777778,0.87662127690152
Seasonal Naive,1,2008Q2,2008Q3,1994Q1,2008Q2,58,26843,21783.2,5059.8,5059.8,25601576.04,1546.27777777778,3.27224517658894
Historical Mean,1,2008Q3,2008Q4,1994Q1,2008Q3,59,30602,11396.2305084746,19205.7694915254,19205.7694915254,368861581.761609,1610.16,11.9278639958299
Naive,1,2008Q3,2008Q4,1994Q1,2008Q3,59,30602,26843,3759,3759,14130081,1610.16,2.33455060366672
Seasonal Naive,1,2008Q3,2008Q4,1994Q1,2008Q3,59,30602,25383,5219,5219,27237961,1610.16,3.24129279077856
Historical Mean,1,2008Q4,2009Q1,1994Q1,2008Q4,60,29398,11716.3266666667,17681.6733333333,17681.6733333333,312641571.866711,1674.60357142857,10.5587218581228
Naive,1,2008Q4,2009Q1,1994Q1,2008Q4,60,29398,30602,-1204,1204,1449616,1674.60357142857,0.718976132944044
Seasonal Naive,1,2008Q4,2009Q1,1994Q1,2008Q4,60,29398,25555.2,3842.8,3842.8,14767111.84,1674.60357142857,2.29475206285496
Historical Mean,1,2009Q1,2009Q2,1994Q1,2009Q1,61,29313.2,12006.1901639344,17307.0098360656,17307.0098360656,299532589.465671,1712.64210526316,10.105444554282
Naive,1,2009Q1,2009Q2,1994Q1,2009Q1,61,29313.2,29398,-84.7999999999993,84.7999999999993,7191.03999999988,1712.64210526316,0.0495141394336847
Seasonal Naive,1,2009Q1,2009Q2,1994Q1,2009Q1,61,29313.2,25487.5,3825.7,3825.7,14635980.49,1712.64210526316,2.23380003810671
Historical Mean,1,2009Q2,2009Q3,1994Q1,2009Q2,62,30964.9,12285.335483871,18679.564516129,18679.564516129,348926130.512227,1749.07413793103,10.6796871047587
Naive,1,2009Q2,2009Q3,1994Q1,2009Q2,62,30964.9,29313.2,1651.7,1651.7,2728112.89,1749.07413793103,0.944328181510809
Seasonal Naive,1,2009Q2,2009Q3,1994Q1,2009Q2,62,30964.9,26843,4121.9,4121.9,16990059.61,1749.07413793103,2.35661823053182
Historical Mean,1,2009Q3,2009Q4,1994Q1,2009Q3,63,35666.6,12581.8365079365,23084.7634920635,23084.7634920635,532906305.484507,1789.29152542373,12.9016223259632
Naive,1,2009Q3,2009Q4,1994Q1,2009Q3,63,35666.6,30964.9,4701.7,4701.7,22105982.89,1789.29152542373,2.62768807273402
Seasonal Naive,1,2009Q3,2009Q4,1994Q1,2009Q3,63,35666.6,30602,5064.6,5064.6,25650173.16,1789.29152542373,2.83050577730794
Historical Mean,1,2009Q4,2010Q1,1994Q1,2009Q4,64,36374,12942.5359375,23431.4640625,23431.4640625,549033508.112229,1843.88,12.707694677799
Naive,1,2009Q4,2010Q1,1994Q1,2009Q4,64,36374,35666.6,707.400000000001,707.400000000001,500414.760000002,1843.88,0.383647525869363
Seasonal Naive,1,2009Q4,2010Q1,1994Q1,2009Q4,64,36374,29398,6976,6976,48664576,1843.88,3.7833264637612
Historical Mean,1,2010Q1,2010Q2,1994Q1,2010Q1,65,36295.4,13303.02,22992.38,22992.38,528649538.0644,1928.0131147541,11.9254271789186
Naive,1,2010Q1,2010Q2,1994Q1,2010Q1,65,36295.4,36374,-78.5999999999985,78.5999999999985,6177.95999999977,1928.0131147541,0.0407673575446728
Seasonal Naive,1,2010Q1,2010Q2,1994Q1,2010Q1,65,36295.4,29313.2,6982.2,6982.2,48751116.84,1928.0131147541,3.62144839501806
Historical Mean,1,2010Q2,2010Q3,1994Q1,2010Q2,66,38359.1,13651.3893939394,24707.7106060606,24707.7106060606,610470963.39284,2009.53225806452,12.2952545334395
Naive,1,2010Q2,2010Q3,1994Q1,2010Q2,66,38359.1,36295.4,2063.7,2063.7,4258857.68999999,2009.53225806452,1.02695539806246
Seasonal Naive,1,2010Q2,2010Q3,1994Q1,2010Q2,66,38359.1,30964.9,7394.2,7394.2,54674193.64,2009.53225806452,3.6795627292501
Historical Mean,1,2010Q3,2010Q4,1994Q1,2010Q3,67,43525.2,14020.1611940299,29505.0388059701,29505.0388059701,870547314.941804,2095.00317460318,14.0835294016005
Naive,1,2010Q3,2010Q4,1994Q1,2010Q3,67,43525.2,38359.1,5166.1,5166.1,26688589.21,2095.00317460318,2.46591511775563
Seasonal Naive,1,2010Q3,2010Q4,1994Q1,2010Q3,67,43525.2,35666.6,7858.6,7858.6,61757593.96,2095.00317460318,3.75111603422202
Historical Mean,1,2010Q4,2011Q1,1994Q1,2010Q4,68,42921.8,14454.0588235294,28467.7411764706,28467.7411764706,810412287.690519,2185.059375,13.0283604657062
Naive,1,2010Q4,2011Q1,1994Q1,2010Q4,68,42921.8,43525.2,-603.399999999994,603.399999999994,364091.559999993,2185.059375,0.276148102382799
Seasonal Naive,1,2010Q4,2011Q1,1994Q1,2010Q4,68,42921.8,36374,6547.8,6547.8,42873684.84,2185.059375,2.99662337550896
Historical Mean,1,2011Q1,2011Q2,1994Q1,2011Q1,69,42910.9,14866.6347826087,28044.2652173913,28044.2652173913,786480811.583384,2252.17846153846,12.4520617243779
Naive,1,2011Q1,2011Q2,1994Q1,2011Q1,69,42910.9,42921.8,-10.9000000000015,10.9000000000015,118.810000000032,2252.17846153846,0.00483975856538281
Seasonal Naive,1,2011Q1,2011Q2,1994Q1,2011Q1,69,42910.9,36295.4,6615.5,6615.5,43764840.25,2252.17846153846,2.93737823754915
Historical Mean,1,2011Q2,2011Q3,1994Q1,2011Q2,70,44978.1,15267.2671428571,29710.8328571429,29710.8328571429,882733589.06508,2318.28939393939,12.815842980956
Naive,1,2011Q2,2011Q3,1994Q1,2011Q2,70,44978.1,42910.9,2067.2,2067.2,4273315.83999999,2318.28939393939,0.891691954164217
Seasonal Naive,1,2011Q2,2011Q3,1994Q1,2011Q2,70,44978.1,38359.1,6619,6619,43811161,2318.28939393939,2.85512240935225
Historical Mean,1,2011Q3,2011Q4,1994Q1,2011Q3,71,50415,15685.7295774648,34729.2704225352,34729.2704225352,1206122224.08158,2382.47910447761,14.5769464912684
Naive,1,2011Q3,2011Q4,1994Q1,2011Q3,71,50415,44978.1,5436.9,5436.9,29559881.61,2382.47910447761,2.2820347048509
Seasonal Naive,1,2011Q3,2011Q4,1994Q1,2011Q3,71,50415,43525.2,6889.8,6889.8,47469344.04,2382.47910447761,2.8918616692383
Historical Mean,1,2011Q4,2012Q1,1994Q1,2011Q4,72,49318.8,16168.0805555556,33150.7194444444,33150.7194444444,1098970199.68427,2448.76323529412,13.5377397727317
Naive,1,2011Q4,2012Q1,1994Q1,2011Q4,72,49318.8,50415,-1096.2,1096.2,1201654.43999999,2448.76323529412,0.447654548304395
Seasonal Naive,1,2011Q4,2012Q1,1994Q1,2011Q4,72,49318.8,42921.8,6397,6397,40921609,2448.76323529412,2.61233912196973
Historical Mean,1,2012Q1,2012Q2,1994Q1,2012Q1,73,48902.8,16622.2,32280.6,32280.6,1042037136.36,2505.98405797101,12.8814067660655
Naive,1,2012Q1,2012Q2,1994Q1,2012Q1,73,48902.8,49318.8,-416,416,173056,2505.98405797101,0.166002652202352
Seasonal Naive,1,2012Q1,2012Q2,1994Q1,2012Q1,73,48902.8,42910.9,5991.9,5991.9,35902865.61,2505.98405797101,2.3910367589694
Historical Mean,1,2012Q2,2012Q3,1994Q1,2012Q2,74,51200.4,17058.4243243243,34141.9756756757,34141.9756756757,1165674503.03843,2555.78285714286,13.3587153463591
Naive,1,2012Q2,2012Q3,1994Q1,2012Q2,74,51200.4,48902.8,2297.6,2297.6,5278965.75999999,2555.78285714286,0.898980910517772
Seasonal Naive,1,2012Q2,2012Q3,1994Q1,2012Q2,74,51200.4,44978.1,6222.3,6222.3,38717017.29,2555.78285714286,2.43459650048518
Historical Mean,1,2012Q3,2012Q4,1994Q1,2012Q3,75,57744.7,17513.6506666667,40231.0493333333,40231.0493333333,1618537330.4611,2607.42394366197,15.4294239075028
Naive,1,2012Q3,2012Q4,1994Q1,2012Q3,75,57744.7,51200.4,6544.3,6544.3,42827862.4899999,2607.42394366197,2.50987186640962
Seasonal Naive,1,2012Q3,2012Q4,1994Q1,2012Q3,75,57744.7,50415,7329.7,7329.7,53724502.09,2607.42394366197,2.81108870608355
Historical Mean,1,2012Q4,2013Q1,1994Q1,2012Q4,76,55451,18043.0065789474,37407.9934210526,37407.9934210526,1399357971.78952,2673.01111111111,13.9947018048507
Naive,1,2012Q4,2013Q1,1994Q1,2012Q4,76,55451,57744.7,-2293.7,2293.7,5261059.68999999,2673.01111111111,0.858095946726745
Seasonal Naive,1,2012Q4,2013Q1,1994Q1,2012Q4,76,55451,49318.8,6132.2,6132.2,37603876.84,2673.01111111111,2.29411691350994
Historical Mean,1,2013Q1,2013Q2,1994Q1,2013Q1,77,55313.3,18528.8246753247,36784.4753246753,36784.4753246753,1353097624.91165,2720.39726027397,13.5217292936734
Naive,1,2013Q1,2013Q2,1994Q1,2013Q1,77,55313.3,55451,-137.699999999997,137.699999999997,18961.2899999992,2720.39726027397,0.0506176072189285
Seasonal Naive,1,2013Q1,2013Q2,1994Q1,2013Q1,77,55313.3,48902.8,6410.5,6410.5,41094510.25,2720.39726027397,2.35645730629592
Historical Mean,1,2013Q2,2013Q3,1994Q1,2013Q2,78,58052.7,19000.4205128205,39052.2794871795,39052.2794871795,1525080533.14478,2770.26351351351,14.0969547830667
Naive,1,2013Q2,2013Q3,1994Q1,2013Q2,78,58052.7,55313.3,2739.39999999999,2739.39999999999,7504312.35999997,2770.26351351351,0.988858997217064
Seasonal Naive,1,2013Q2,2013Q3,1994Q1,2013Q2,78,58052.7,51200.4,6852.3,6852.3,46954015.2899999,2770.26351351351,2.47351920370537
Historical Mean,1,2013Q3,2013Q4,1994Q1,2013Q3,79,65563,19494.753164557,46068.246835443,46068.246835443,2122283366.49131,2824.69066666667,16.3091298382087
Naive,1,2013Q3,2013Q4,1994Q1,2013Q3,79,65563,58052.7,7510.3,7510.3,56404606.09,2824.69066666667,2.65880440949758
Seasonal Naive,1,2013Q3,2013Q4,1994Q1,2013Q3,79,65563,57744.7,7818.3,7818.3,61125814.89,2824.69066666667,2.76784289772379
Historical Mean,1,2013Q4,2014Q1,1994Q1,2013Q4,80,62081.2,20070.60625,42010.59375,42010.59375,1764889987.22754,2890.39605263158,14.5345457802405
Naive,1,2013Q4,2014Q1,1994Q1,2013Q4,80,62081.2,65563,-3481.8,3481.8,12122931.24,2890.39605263158,1.20461000381936
Seasonal Naive,1,2013Q4,2014Q1,1994Q1,2013Q4,80,62081.2,55451,6630.2,6630.2,43959552.04,2890.39605263158,2.29387249334343
Historical Mean,1,2014Q1,2014Q2,1994Q1,2014Q1,81,62117.5,20589.2555555556,41528.2444444444,41528.2444444444,1724595086.63753,2938.96493506493,14.1302279414664
Naive,1,2014Q1,2014Q2,1994Q1,2014Q1,81,62117.5,62081.2,36.3000000000029,36.3000000000029,1317.69000000021,2938.96493506493,0.0123512872055416
Seasonal Naive,1,2014Q1,2014Q2,1994Q1,2014Q1,81,62117.5,55313.3,6804.2,6804.2,46297137.64,2938.96493506493,2.3151688265548
Historical Mean,1,2014Q2,2014Q3,1994Q1,2014Q2,82,64952.1,21095.6975609756,43856.4024390244,43856.4024390244,1923384034.89366,2988.51923076923,14.6749607589896
Naive,1,2014Q2,2014Q3,1994Q1,2014Q2,82,64952.1,62117.5,2834.6,2834.6,8034957.15999999,2988.51923076923,0.948496489771754
Seasonal Naive,1,2014Q2,2014Q3,1994Q1,2014Q2,82,64952.1,58052.7,6899.4,6899.4,47601720.36,2988.51923076923,2.3086349684369
Historical Mean,1,2014Q3,2014Q4,1994Q1,2014Q3,83,73243.3,21624.0879518072,51619.2120481928,51619.2120481928,2664543052.47629,3038.02405063291,16.9910478613357
Naive,1,2014Q3,2014Q4,1994Q1,2014Q3,83,73243.3,64952.1,8291.2,8291.2,68743997.4400001,3038.02405063291,2.729142318104
Seasonal Naive,1,2014Q3,2014Q4,1994Q1,2014Q3,83,73243.3,65563,7680.3,7680.3,58987008.09,3038.02405063291,2.52805766906288
Historical Mean,1,2014Q4,2015Q1,1994Q1,2014Q4,84,70715.3,22238.6023809524,48476.6976190476,48476.6976190476,2349990212.04858,3096.0525,15.6575825568357
Naive,1,2014Q4,2015Q1,1994Q1,2014Q4,84,70715.3,73243.3,-2528,2528,6390784,3096.0525,0.816523621611714
Seasonal Naive,1,2014Q4,2015Q1,1994Q1,2014Q4,84,70715.3,62081.2,8634.10000000001,8634.10000000001,74547682.8100001,3096.0525,2.78874469990415
Historical Mean,1,2015Q1,2015Q2,1994Q1,2015Q1,85,70861.8,22808.9164705882,48052.8835294118,48052.8835294118,2309079615.49121,3164.42345679012,15.1853518296679
Naive,1,2015Q1,2015Q2,1994Q1,2015Q1,85,70861.8,70715.3,146.5,146.5,21462.25,3164.42345679012,0.0462959531176666
Seasonal Naive,1,2015Q1,2015Q2,1994Q1,2015Q1,85,70861.8,62117.5,8744.3,8744.3,76462782.4900001,3164.42345679012,2.76331537779394
Historical Mean,1,2015Q2,2015Q3,1994Q1,2015Q2,86,74502.8,23367.6709302326,51135.1290697674,51135.1290697674,2614801424.98178,3232.47073170732,15.8192086839899
Naive,1,2015Q2,2015Q3,1994Q1,2015Q2,86,74502.8,70861.8,3641,3641,13256881,3232.47073170732,1.12638297519152
Seasonal Naive,1,2015Q2,2015Q3,1994Q1,2015Q2,86,74502.8,64952.1,9550.7,9550.7,91215870.4900001,3232.47073170732,2.95461298576261
Historical Mean,1,2015Q3,2015Q4,1994Q1,2015Q3,87,84850.9,23955.4310344828,60895.4689655172,60895.4689655172,3708258140.53027,3308.59397590361,18.4052408391652
Naive,1,2015Q3,2015Q4,1994Q1,2015Q3,87,84850.9,74502.8,10348.1,10348.1,107083173.61,3308.59397590361,3.12764276165794
Seasonal Naive,1,2015Q3,2015Q4,1994Q1,2015Q3,87,84850.9,73243.3,11607.6,11607.6,134736377.76,3308.59397590361,3.50831806034158
Historical Mean,1,2015Q4,2016Q1,1994Q1,2015Q4,88,78024.4,24647.425,53376.975,53376.975,2849101460.15062,3407.39166666667,15.6650541592176
Naive,1,2015Q4,2016Q1,1994Q1,2015Q4,88,78024.4,84850.9,-6826.5,6826.5,46601102.25,3407.39166666667,2.00343860284137
Seasonal Naive,1,2015Q4,2016Q1,1994Q1,2015Q4,88,78024.4,70715.3,7309.09999999999,7309.09999999999,53422942.8099999,3407.39166666667,2.14507186582112
Historical Mean,1,2016Q1,2016Q2,1994Q1,2016Q1,89,78113.9,25247.1662921348,52866.7337078652,52866.7337078652,2794891532.93833,3453.29411764706,15.309073570567
Naive,1,2016Q1,2016Q2,1994Q1,2016Q1,89,78113.9,78024.4,89.5,89.5,8010.25,3453.29411764706,0.0259172827308963
Seasonal Naive,1,2016Q1,2016Q2,1994Q1,2016Q1,89,78113.9,70861.8,7252.09999999999,7252.09999999999,52592954.4099999,3453.29411764706,2.1000528055054
Historical Mean,1,2016Q2,2016Q3,1994Q1,2016Q2,90,82343.5,25834.5744444444,56508.9255555556,56508.9255555556,3193258667.44332,3497.46627906977,16.1571037564329
Naive,1,2016Q2,2016Q3,1994Q1,2016Q2,90,82343.5,78113.9,4229.60000000001,4229.60000000001,17889516.16,3497.46627906977,1.2093326032367
Seasonal Naive,1,2016Q2,2016Q3,1994Q1,2016Q2,90,82343.5,74502.8,7840.7,7840.7,61476576.49,3497.46627906977,2.24182290103035
Historical Mean,1,2016Q3,2016Q4,1994Q1,2016Q3,91,93834.2,26455.5516483516,67378.6483516484,67378.6483516484,4539882253.69509,3547.38850574713,18.9938734487323
Naive,1,2016Q3,2016Q4,1994Q1,2016Q3,91,93834.2,82343.5,11490.7,11490.7,132036186.49,3547.38850574713,3.23919976100275
Seasonal Naive,1,2016Q3,2016Q4,1994Q1,2016Q3,91,93834.2,84850.9,8983.3,8983.3,80699678.89,3547.38850574713,2.53236993507933
Historical Mean,1,2016Q4,2017Q1,1994Q1,2016Q4,92,85823.4,27187.9282608696,58635.4717391304,58635.4717391304,3438118546.07036,3609.16022727273,16.2462922250029
Naive,1,2016Q4,2017Q1,1994Q1,2016Q4,92,85823.4,93834.2,-8010.8,8010.8,64172916.64,3609.16022727273,2.21957449809686
Seasonal Naive,1,2016Q4,2017Q1,1994Q1,2016Q4,92,85823.4,78024.4,7799,7799,60824401,3609.16022727273,2.16089048667516
Historical Mean,1,2017Q1,2017Q2,1994Q1,2017Q1,93,86545.3,27818.4172043011,58726.8827956989,58726.8827956989,3448846762.89976,3656.23707865169,16.0621101784121
Naive,1,2017Q1,2017Q2,1994Q1,2017Q1,93,86545.3,85823.4,721.900000000009,721.900000000009,521139.610000013,3656.23707865169,0.197443432816513
Seasonal Naive,1,2017Q1,2017Q2,1994Q1,2017Q1,93,86545.3,78113.9,8431.40000000001,8431.40000000001,71088505.9600001,3656.23707865169,2.30603208124274
Historical Mean,1,2017Q2,2017Q3,1994Q1,2017Q2,94,90809.7,28443.1712765957,62366.5287234043,62366.5287234043,3889583905.00721,3709.29444444444,16.8135826523055
Naive,1,2017Q2,2017Q3,1994Q1,2017Q2,94,90809.7,86545.3,4264.39999999999,4264.39999999999,18185107.36,3709.29444444444,1.1496525994012
Seasonal Naive,1,2017Q2,2017Q3,1994Q1,2017Q2,94,90809.7,82343.5,8466.2,8466.2,71676542.44,3709.29444444444,2.28242867391672
Historical Mean,1,2017Q3,2017Q4,1994Q1,2017Q3,95,103083.2,29099.6610526316,73983.5389473684,73983.5389473684,5473564035.17678,3761.56813186813,19.6682703472994
Naive,1,2017Q3,2017Q4,1994Q1,2017Q3,95,103083.2,90809.7,12273.5,12273.5,150638802.25,3761.56813186813,3.26286792362432
Seasonal Naive,1,2017Q3,2017Q4,1994Q1,2017Q3,95,103083.2,93834.2,9249,9249,85544001,3761.56813186813,2.45881496114404
Historical Mean,1,2017Q4,2018Q1,1994Q1,2017Q4,96,90275.4,29870.3229166667,60405.0770833333,60405.0770833333,3648773337.44344,3821.21413043478,15.8078231215115
Naive,1,2017Q4,2018Q1,1994Q1,2017Q4,96,90275.4,103083.2,-12807.8,12807.8,164039740.84,3821.21413043478,3.35176191723721
Seasonal Naive,1,2017Q4,2018Q1,1994Q1,2017Q4,96,90275.4,85823.4,4452,4452,19820304,3821.21413043478,1.16507472442887
Historical Mean,1,2018Q1,2018Q2,1994Q1,2018Q1,97,89742.5,30493.0556701031,59249.4443298969,59249.4443298969,3510496653.40155,3827.99677419355,15.4779243100013
Naive,1,2018Q1,2018Q2,1994Q1,2018Q1,97,89742.5,90275.4,-532.899999999994,532.899999999994,283982.409999994,3827.99677419355,0.139211193591526
Seasonal Naive,1,2018Q1,2018Q2,1994Q1,2018Q1,97,89742.5,86545.3,3197.2,3197.2,10222087.84,3827.99677419355,0.835214914901165
Historical Mean,1,2018Q2,2018Q3,1994Q1,2018Q2,98,94281.4,31097.6418367347,63183.7581632653,63183.7581632653,3992187295.63399,3821.28617021277,16.534683703039
Naive,1,2018Q2,2018Q3,1994Q1,2018Q2,98,94281.4,89742.5,4538.89999999999,4538.89999999999,20601613.2099999,3821.28617021277,1.1877937945033
Seasonal Naive,1,2018Q2,2018Q3,1994Q1,2018Q2,98,94281.4,90809.7,3471.7,3471.7,12052700.89,3821.28617021277,0.908516097816013
Historical Mean,1,2018Q3,2018Q4,1994Q1,2018Q3,99,106687.6,31735.8616161616,74951.7383838384,74951.7383838384,5617763086.75935,3817.60631578947,19.6331764419607
Naive,1,2018Q3,2018Q4,1994Q1,2018Q3,99,106687.6,94281.4,12406.2,12406.2,153913798.44,3817.60631578947,3.24973267900581
Seasonal Naive,1,2018Q3,2018Q4,1994Q1,2018Q3,99,106687.6,103083.2,3604.40000000001,3604.40000000001,12991699.3600001,3817.60631578947,0.94415183281009
Historical Mean,1,2018Q4,2019Q1,1994Q1,2018Q4,100,97789.7,32485.379,65304.321,65304.321,4264654341.27104,3815.38541666667,17.1160482803998
Naive,1,2018Q4,2019Q1,1994Q1,2018Q4,100,97789.7,106687.6,-8897.90000000001,8897.90000000001,79172624.4100002,3815.38541666667,2.33211039732225
Seasonal Naive,1,2018Q4,2019Q1,1994Q1,2018Q4,100,97789.7,90275.4,7514.3,7514.3,56464704.49,3815.38541666667,1.9694733767067
Historical Mean,1,2019Q1,2019Q2,1994Q1,2019Q1,101,97420,33131.9564356436,64288.0435643564,64288.0435643564,4132952545.33259,3853.51855670103,16.6829464081764
Naive,1,2019Q1,2019Q2,1994Q1,2019Q1,101,97420,97789.7,-369.699999999997,369.699999999997,136678.089999998,3853.51855670103,0.0959382949790424
Seasonal Naive,1,2019Q1,2019Q2,1994Q1,2019Q1,101,97420,89742.5,7677.5,7677.5,58944006.25,3853.51855670103,1.99233502759428
Historical Mean,1,2019Q2,2019Q3,1994Q1,2019Q2,102,101464.5,33762.231372549,67702.268627451,67702.268627451,4583597177.30353,3892.5387755102,17.3928308828669
Naive,1,2019Q2,2019Q3,1994Q1,2019Q2,102,101464.5,97420,4044.5,4044.5,16357980.25,3892.5387755102,1.03903910359117
Seasonal Naive,1,2019Q2,2019Q3,1994Q1,2019Q2,102,101464.5,94281.4,7183.10000000001,7183.10000000001,51596925.6100001,3892.5387755102,1.84535091729651
Historical Mean,1,2019Q3,2019Q4,1994Q1,2019Q3,103,114974.8,34419.5349514563,80555.2650485437,80555.2650485437,6489150727.04112,3925.77676767677,20.5195735304673
Naive,1,2019Q3,2019Q4,1994Q1,2019Q3,103,114974.8,101464.5,13510.3,13510.3,182528206.09,3925.77676767677,3.44143358105287
Seasonal Naive,1,2019Q3,2019Q4,1994Q1,2019Q3,103,114974.8,106687.6,8287.2,8287.2,68677683.84,3925.77676767677,2.11097076844343
Historical Mean,1,2019Q4,2020Q1,1994Q1,2019Q4,104,78579.7,35194.1048076923,43385.5951923077,43385.5951923077,1882309870.19079,3969.391,10.930038182761
Naive,1,2019Q4,2020Q1,1994Q1,2019Q4,104,78579.7,114974.8,-36395.1,36395.1,1324603304.01,3969.391,9.16893800585531
Seasonal Naive,1,2019Q4,2020Q1,1994Q1,2019Q4,104,78579.7,97789.7,-19210,19210,369024100,3969.391,4.83953331883909
Historical Mean,1,2020Q1,2020Q2,1994Q1,2020Q1,105,93676.5,35607.300952381,58069.199047619,58069.199047619,3372031878.032,4120.28811881188,14.0934802065162
Naive,1,2020Q1,2020Q2,1994Q1,2020Q1,105,93676.5,78579.7,15096.8,15096.8,227913370.24,4120.28811881188,3.66401561363463
Seasonal Naive,1,2020Q1,2020Q2,1994Q1,2020Q1,105,93676.5,97420,-3743.5,3743.5,14013792.25,4120.28811881188,0.908552968154923
Historical Mean,1,2020Q2,2020Q3,1994Q1,2020Q2,106,101067.8,36155.1235849057,64912.6764150943,64912.6764150943,4213655559.37074,4116.59411764706,15.7685393701619
Naive,1,2020Q2,2020Q3,1994Q1,2020Q2,106,101067.8,93676.5,7391.3,7391.3,54631315.69,4116.59411764706,1.79548913222095
Seasonal Naive,1,2020Q2,2020Q3,1994Q1,2020Q2,106,101067.8,101464.5,-396.699999999997,396.699999999997,157370.889999998,4116.59411764706,0.0963660707523774
Historical Mean,1,2020Q3,2020Q4,1994Q1,2020Q3,107,118656.6,36761.7841121495,81894.8158878505,81894.8158878505,6706760869.30493,4080.4786407767,20.0699043169755
Naive,1,2020Q3,2020Q4,1994Q1,2020Q3,107,118656.6,101067.8,17588.8,17588.8,309365885.44,4080.4786407767,4.31047471348902
Seasonal Naive,1,2020Q3,2020Q4,1994Q1,2020Q3,107,118656.6,114974.8,3681.8,3681.8,13555651.24,4080.4786407767,0.902296108894517
Historical Mean,1,2020Q4,2021Q1,1994Q1,2020Q4,108,105220.8,37520.0694444444,67700.7305555556,67700.7305555556,4583388917.75593,4076.64519230769,16.6069715076754
Naive,1,2020Q4,2021Q1,1994Q1,2020Q4,108,105220.8,118656.6,-13435.8,13435.8,180520721.64,4076.64519230769,3.29579822775656
Seasonal Naive,1,2020Q4,2021Q1,1994Q1,2020Q4,108,105220.8,78579.7,26641.1,26641.1,709748209.21,4076.64519230769,6.53505486576798
Historical Mean,1,2021Q1,2021Q2,1994Q1,2021Q1,109,106683.5,38141.1770642202,68542.3229357798,68542.3229357798,4698050033.43273,4291.54476190476,15.9714803732719
Naive,1,2021Q1,2021Q2,1994Q1,2021Q1,109,106683.5,105220.8,1462.7,1462.7,2139491.28999999,4291.54476190476,0.340832982329373
Seasonal Naive,1,2021Q1,2021Q2,1994Q1,2021Q1,109,106683.5,93676.5,13007,13007,169182049,4291.54476190476,3.03084337263838
Historical Mean,1,2021Q2,2021Q3,1994Q1,2021Q2,110,106152.9,38764.2890909091,67388.6109090909,67388.6109090909,4541224880.25685,4373.76603773585,15.4074567152604
Naive,1,2021Q2,2021Q3,1994Q1,2021Q2,110,106152.9,106683.5,-530.600000000006,530.600000000006,281536.360000006,4373.76603773585,0.121314216494918
Seasonal Naive,1,2021Q2,2021Q3,1994Q1,2021Q2,110,106152.9,101067.8,5085.09999999999,5085.09999999999,25858242.0099999,4373.76603773585,1.16263649132736
Historical Mean,1,2021Q3,2021Q4,1994Q1,2021Q3,111,122766,39371.3936936937,83394.6063063063,83394.6063063063,6954660360.98382,4380.41401869159,19.0380648839253
Naive,1,2021Q3,2021Q4,1994Q1,2021Q3,111,122766,106152.9,16613.1,16613.1,275995091.61,4380.41401869159,3.7925867119205
Seasonal Naive,1,2021Q3,2021Q4,1994Q1,2021Q3,111,122766,118656.6,4109.39999999999,4109.39999999999,16887168.36,4380.41401869159,0.938130501469689
Historical Mean,1,2021Q4,2022Q1,1994Q1,2021Q4,112,108659.1,40115.9883928571,68543.1116071429,68543.1116071429,4698158148.78924,4377.90462962963,15.6566022802881
Naive,1,2021Q4,2022Q1,1994Q1,2021Q4,112,108659.1,122766,-14106.9,14106.9,199004627.61,4377.90462962963,3.22229495465127
Seasonal Naive,1,2021Q4,2022Q1,1994Q1,2021Q4,112,108659.1,105220.8,3438.3,3438.3,11821906.89,4377.90462962963,0.785375719865986
Historical Mean,1,2022Q1,2022Q2,1994Q1,2022Q1,113,101772.6,40722.5646017699,61050.0353982301,61050.0353982301,3727106822.12515,4369.28440366972,13.9725478494727
Naive,1,2022Q1,2022Q2,1994Q1,2022Q1,113,101772.6,108659.1,-6886.5,6886.5,47423882.25,4369.28440366972,1.57611621578492
Seasonal Naive,1,2022Q1,2022Q2,1994Q1,2022Q1,113,101772.6,106683.5,-4910.89999999999,4910.89999999999,24116938.8099999,4369.28440366972,1.12395979439456
Historical Mean,1,2022Q2,2022Q3,1994Q1,2022Q2,114,109872.9,41258.0912280702,68614.8087719298,68614.8087719298,4707991982.8085,4374.20818181818,15.6862238649578
Naive,1,2022Q2,2022Q3,1994Q1,2022Q2,114,109872.9,101772.6,8100.29999999999,8100.29999999999,65614860.0899998,4374.20818181818,1.85183230045375
Seasonal Naive,1,2022Q2,2022Q3,1994Q1,2022Q2,114,109872.9,106152.9,3720,3720,13838400,4374.20818181818,0.850439632814583
Historical Mean,1,2022Q3,2022Q4,1994Q1,2022Q3,115,119427.9,41854.7417391304,77573.1582608696,77573.1582608696,6017594882.56592,4368.31441441441,17.7581444240589
Naive,1,2022Q3,2022Q4,1994Q1,2022Q3,115,119427.9,109872.9,9555,9555,91298025,4368.31441441441,2.18734255219147
Seasonal Naive,1,2022Q3,2022Q4,1994Q1,2022Q3,115,119427.9,122766,-3338.10000000001,3338.10000000001,11142911.61,4368.31441441441,0.764162027574082
Historical Mean,1,2022Q4,2023Q1,1994Q1,2022Q4,116,114922.4,42523.475862069,72398.924137931,72398.924137931,5241604216.32989,4359.11607142857,16.6086249945174
Naive,1,2022Q4,2023Q1,1994Q1,2022Q4,116,114922.4,119427.9,-4505.5,4505.5,20299530.25,4359.11607142857,1.03358110363954
Seasonal Naive,1,2022Q4,2023Q1,1994Q1,2022Q4,116,114922.4,108659.1,6263.29999999999,6263.29999999999,39228926.8899999,4359.11607142857,1.43682799387982
Historical Mean,1,2023Q1,2023Q2,1994Q1,2023Q1,117,112665.2,43142.2700854701,69522.9299145299,69522.9299145299,4833437783.90064,4375.96725663717,15.8874428982718
Naive,1,2023Q1,2023Q2,1994Q1,2023Q1,117,112665.2,114922.4,-2257.2,2257.2,5094951.83999999,4375.96725663717,0.515817387933246
Seasonal Naive,1,2023Q1,2023Q2,1994Q1,2023Q1,117,112665.2,101772.6,10892.6,10892.6,118648734.76,4375.96725663717,2.4891868154358
Historical Mean,1,2023Q2,2023Q3,1994Q1,2023Q2,118,114519.4,43731.4474576271,70787.9525423729,70787.9525423729,5010934225.14123,4433.13070175439,15.9679371768486
Naive,1,2023Q2,2023Q3,1994Q1,2023Q2,118,114519.4,112665.2,1854.2,1854.2,3438057.63999999,4433.13070175439,0.418259718637713
Seasonal Naive,1,2023Q2,2023Q3,1994Q1,2023Q2,118,114519.4,109872.9,4646.5,4646.5,21589962.25,4433.13070175439,1.04813061301377
Historical Mean,1,2023Q3,2023Q4,1994Q1,2023Q3,119,129388.2,44326.3042016807,85061.8957983193,85061.8957983193,7235526116.80413,4434.98608695652,19.1797435506032
Naive,1,2023Q3,2023Q4,1994Q1,2023Q3,119,129388.2,114519.4,14868.8,14868.8,221081213.44,4434.98608695652,3.35261480159538
Seasonal Naive,1,2023Q3,2023Q4,1994Q1,2023Q3,119,129388.2,119427.9,9960.3,9960.3,99207576.0900001,4434.98608695652,2.24584695525735
Historical Mean,1,2023Q4,2024Q1,1994Q1,2023Q4,120,120326.8,45035.1533333333,75291.6466666667,75291.6466666667,5668832057.77818,4482.61810344828,16.7963553729344
Naive,1,2023Q4,2024Q1,1994Q1,2023Q4,120,120326.8,129388.2,-9061.39999999999,9061.39999999999,82108969.9599999,4482.61810344828,2.02145259553328
Seasonal Naive,1,2023Q4,2024Q1,1994Q1,2023Q4,120,120326.8,114922.4,5404.40000000001,5404.40000000001,29207539.3600001,4482.61810344828,1.20563471508819
Historical Mean,1,2024Q1,2024Q2,1994Q1,2024Q1,121,115642.2,45657.3983471074,69984.8016528926,69984.8016528926,4897872462.39471,4490.49658119658,15.585091846177
Naive,1,2024Q1,2024Q2,1994Q1,2024Q1,121,115642.2,120326.8,-4684.60000000001,4684.60000000001,21945477.1600001,4490.49658119658,1.04322537948614
Seasonal Naive,1,2024Q1,2024Q2,1994Q1,2024Q1,121,115642.2,112665.2,2977,2977,8862529,4490.49658119658,0.662955632226919
Historical Mean,1,2024Q2,2024Q3,1994Q1,2024Q2,122,117595,46231.0442622951,71363.9557377049,71363.9557377049,5092814178.5331,4477.67033898305,15.9377422487768
Naive,1,2024Q2,2024Q3,1994Q1,2024Q2,122,117595,115642.2,1952.8,1952.8,3813427.84000001,4477.67033898305,0.436119645298299
Seasonal Naive,1,2024Q2,2024Q3,1994Q1,2024Q2,122,117595,114519.4,3075.60000000001,3075.60000000001,9459315.36000004,4477.67033898305,0.686875041519587
Historical Mean,1,2024Q3,2024Q4,1994Q1,2024Q3,123,134330.8,46811.2390243902,87519.5609756097,87519.5609756097,7659673553.36347,4465.88823529412,19.5973469026696
Naive,1,2024Q3,2024Q4,1994Q1,2024Q3,123,134330.8,117595,16735.8,16735.8,280087001.64,4465.88823529412,3.7474739891017
Seasonal Naive,1,2024Q3,2024Q4,1994Q1,2024Q3,123,134330.8,129388.2,4942.59999999999,4942.59999999999,24429294.7599999,4465.88823529412,1.10674511756438
Historical Mean,1,2024Q4,2025Q1,1994Q1,2024Q4,124,124671.1,47517.0419354839,77154.0580645161,77154.0580645161,5952748675.82273,4469.86083333333,17.2609530679683
Naive,1,2024Q4,2025Q1,1994Q1,2024Q4,124,124671.1,134330.8,-9659.69999999998,9659.69999999998,93309804.0899997,4469.86083333333,2.16107399316869
Seasonal Naive,1,2024Q4,2025Q1,1994Q1,2024Q4,124,124671.1,120326.8,4344.3,4344.3,18872942.49,4469.86083333333,0.971909453556813
Historical Mean,1,2025Q1,2025Q2,1994Q1,2025Q1,125,120787.3,48134.2744,72653.0256,72653.0256,5278462128.83425,4468.82314049587,16.2577536223414
Naive,1,2025Q1,2025Q2,1994Q1,2025Q1,125,120787.3,124671.1,-3883.8,3883.8,15083902.44,4468.82314049587,0.869087873450514
Seasonal Naive,1,2025Q1,2025Q2,1994Q1,2025Q1,125,120787.3,115642.2,5145.10000000001,5145.10000000001,26472054.0100001,4468.82314049587,1.15133220497715
Historical Mean,1,2025Q2,2025Q3,1994Q1,2025Q2,126,120418.8,48710.8857142857,71707.9142857143,71707.9142857143,5142024971.20735,4474.36639344262,16.0263840687712
Naive,1,2025Q2,2025Q3,1994Q1,2025Q2,126,120418.8,120787.3,-368.5,368.5,135792.25,4474.36639344262,0.0823580296285196
Seasonal Naive,1,2025Q2,2025Q3,1994Q1,2025Q2,126,120418.8,117595,2823.8,2823.8,7973846.44000002,4474.36639344262,0.631106116865709
Historical Mean,1,2025Q3,2025Q4,1994Q1,2025Q3,127,135325.2,49275.5149606299,86049.6850393701,86049.6850393701,7404548295.37479,4460.94715447155,19.2895548993706
Naive,1,2025Q3,2025Q4,1994Q1,2025Q3,127,135325.2,120418.8,14906.4,14906.4,222200760.96,4460.94715447155,3.34153252298858
Seasonal Naive,1,2025Q3,2025Q4,1994Q1,2025Q3,127,135325.2,134330.8,994.400000000023,994.400000000023,988831.360000046,4460.94715447155,0.222912302156115
Historical Mean,1,2025Q4,2026Q1,1994Q1,2025Q4,128,127694.9,49947.778125,77747.121875,77747.121875,6044614959.8461,4432.99112903226,17.5382985465104
Naive,1,2025Q4,2026Q1,1994Q1,2025Q4,128,127694.9,135325.2,-7630.30000000002,7630.30000000002,58221478.0900003,4432.99112903226,1.72125316245912
Seasonal Naive,1,2025Q4,2026Q1,1994Q1,2025Q4,128,127694.9,124671.1,3023.79999999999,3023.79999999999,9143366.43999993,4432.99112903226,0.682112801940142
Historical Mean,1,2026Q1,2026Q2,1994Q1,2026Q1,129,121027.2,50550.4689922481,70476.7310077519,70476.7310077519,4966969613.53902,4421.7176,15.9387680044858
Naive,1,2026Q1,2026Q2,1994Q1,2026Q1,129,121027.2,127694.9,-6667.7,6667.7,44458223.29,4421.7176,1.50794342904214
Seasonal Naive,1,2026Q1,2026Q2,1994Q1,2026Q1,129,121027.2,120787.3,239.899999999994,239.899999999994,57552.0099999972,4421.7176,0.0542549347791894
Historical Mean,2,2004Q3,2005Q1,1994Q1,2004Q3,43,15112.2,8050.79069767442,7061.40930232558,7061.40930232558,49863501.3349703,905.561538461538,7.79782378381732
Naive,2,2004Q3,2005Q1,1994Q1,2004Q3,43,15112.2,13189.6,1922.6,1922.6,3696390.76,905.561538461538,2.12310253731217
Seasonal Naive,2,2004Q3,2005Q1,1994Q1,2004Q3,43,15112.2,12830.6,2281.6,2281.6,5205698.56,905.561538461538,2.51954163587404
Historical Mean,2,2004Q4,2005Q2,1994Q1,2004Q4,44,14497.5,8220.34772727273,6277.15227272727,6277.15227272727,39402640.6550052,942.135,6.66268875769107
Naive,2,2004Q4,2005Q2,1994Q1,2004Q4,44,14497.5,15511.3,-1013.8,1013.8,1027790.44,942.135,1.07606659342875
Seasonal Naive,2,2004Q4,2005Q2,1994Q1,2004Q4,44,14497.5,12418.6,2078.9,2078.9,4321825.21,942.135,2.2065839821257
Historical Mean,2,2005Q1,2005Q3,1994Q1,2005Q1,45,15470.9,8373.5,7097.4,7097.4,50373086.76,974.80487804878,7.28084169439788
Naive,2,2005Q1,2005Q3,1994Q1,2005Q1,45,15470.9,15112.2,358.699999999999,358.699999999999,128665.689999999,974.80487804878,0.367971076137813
Seasonal Naive,2,2005Q1,2005Q3,1994Q1,2005Q1,45,15470.9,13189.6,2281.3,2281.3,5204329.69,974.80487804878,2.34026321715415
Historical Mean,2,2005Q2,2005Q4,1994Q1,2005Q2,46,22096,8506.63043478261,13589.3695652174,13589.3695652174,184670965.180057,1001.09285714286,13.5745345381864
Naive,2,2005Q2,2005Q4,1994Q1,2005Q2,46,22096,14497.5,7598.5,7598.5,57737202.25,1001.09285714286,7.59020499026064
Seasonal Naive,2,2005Q2,2005Q4,1994Q1,2005Q2,46,22096,15511.3,6584.7,6584.7,43358274.09,1001.09285714286,6.5775117193353
Historical Mean,2,2005Q3,2006Q1,1994Q1,2005Q3,47,18440.2,8654.80638297872,9785.39361702128,9785.39361702128,95753928.2400408,1030.86511627907,9.49240930020202
Naive,2,2005Q3,2006Q1,1994Q1,2005Q3,47,18440.2,15470.9,2969.3,2969.3,8816742.49000001,1030.86511627907,2.88039623526864
Seasonal Naive,2,2005Q3,2006Q1,1994Q1,2005Q3,47,18440.2,15112.2,3328,3328,11075584,1030.86511627907,3.22835640419426
Historical Mean,2,2005Q4,2006Q2,1994Q1,2005Q4,48,18008,8934.83125,9073.16875,9073.16875,82322391.1659765,1157.08863636364,7.84137745792241
Naive,2,2005Q4,2006Q2,1994Q1,2005Q4,48,18008,22096,-4088,4088,16711744,1157.08863636364,3.53300505382828
Seasonal Naive,2,2005Q4,2006Q2,1994Q1,2005Q4,48,18008,14497.5,3510.5,3510.5,12323610.25,1157.08863636364,3.03390759331316
Historical Mean,2,2006Q1,2006Q3,1994Q1,2006Q1,49,18643.2,9128.81836734694,9514.38163265306,9514.38163265306,90523457.8517659,1205.33111111111,7.89358338546693
Naive,2,2006Q1,2006Q3,1994Q1,2006Q1,49,18643.2,18440.2,203,203,41209,1205.33111111111,0.168418452098916
Seasonal Naive,2,2006Q1,2006Q3,1994Q1,2006Q1,49,18643.2,15470.9,3172.3,3172.3,10063487.29,1205.33111111111,2.63189091425316
Historical Mean,2,2006Q2,2006Q4,1994Q1,2006Q2,50,21318.6,9306.402,12012.198,12012.198,144292900.791204,1255.44347826087,9.56809144179088
Naive,2,2006Q2,2006Q4,1994Q1,2006Q2,50,21318.6,18008,3310.6,3310.6,10960072.36,1255.44347826087,2.63699645370422
Seasonal Naive,2,2006Q2,2006Q4,1994Q1,2006Q2,50,21318.6,22096,-777.400000000001,777.400000000001,604350.760000002,1255.44347826087,0.619223416634345
Historical Mean,2,2006Q3,2007Q1,1994Q1,2006Q3,51,21187.8,9489.47647058824,11698.3235294118,11698.3235294118,136850773.398789,1296.22765957447,9.02489886171087
Naive,2,2006Q3,2007Q1,1994Q1,2006Q3,51,21187.8,18643.2,2544.6,2544.6,6474989.15999999,1296.22765957447,1.96308108471883
Seasonal Naive,2,2006Q3,2007Q1,1994Q1,2006Q3,51,21187.8,18440.2,2747.6,2747.6,7549305.75999999,1296.22765957447,2.11968937686609
Historical Mean,2,2006Q4,2007Q2,1994Q1,2006Q4,52,20856,9716.95961538462,11139.0403846154,11139.0403846154,124078220.690092,1285.41875,8.66568998205089
Naive,2,2006Q4,2007Q2,1994Q1,2006Q4,52,20856,21318.6,-462.599999999999,462.599999999999,213998.759999999,1285.41875,0.359882723042587
Seasonal Naive,2,2006Q4,2007Q2,1994Q1,2006Q4,52,20856,18008,2848,2848,8111104,1285.41875,2.21562039607715
Historical Mean,2,2007Q1,2007Q3,1994Q1,2007Q1,53,21783.2,9933.39056603774,11849.8094339623,11849.8094339623,140417983.621221,1315.25918367347,9.00948617660756
Naive,2,2007Q1,2007Q3,1994Q1,2007Q1,53,21783.2,21187.8,595.400000000001,595.400000000001,354501.160000002,1315.25918367347,0.452686441874575
Seasonal Naive,2,2007Q1,2007Q3,1994Q1,2007Q1,53,21783.2,18643.2,3140,3140,9859600,1315.25918367347,2.38736215567041
Historical Mean,2,2007Q2,2007Q4,1994Q1,2007Q2,54,25383,10135.6611111111,15247.3388888889,15247.3388888889,232481343.192623,1345.914,11.3286130383434
Naive,2,2007Q2,2007Q4,1994Q1,2007Q2,54,25383,20856,4527,4527,20493729,1345.914,3.36351356773167
Seasonal Naive,2,2007Q2,2007Q4,1994Q1,2007Q2,54,25383,21318.6,4064.4,4064.4,16519347.36,1345.914,3.01980661468712
Historical Mean,2,2007Q3,2008Q1,1994Q1,2007Q3,55,25555.2,10347.4345454545,15207.7654545455,15207.7654545455,231276130.120466,1381.09215686275,11.0114052700806
Naive,2,2007Q3,2008Q1,1994Q1,2007Q3,55,25555.2,21783.2,3772,3772,14227984,1381.09215686275,2.73117183473721
Seasonal Naive,2,2007Q3,2008Q1,1994Q1,2007Q3,55,25555.2,21187.8,4367.4,4367.4,19074182.76,1381.09215686275,3.16227992339112
Historical Mean,2,2007Q4,2008Q2,1994Q1,2007Q4,56,25487.5,10615.9267857143,14871.5732142857,14871.5732142857,221163689.86786,1432.69423076923,10.3801445520591
Naive,2,2007Q4,2008Q2,1994Q1,2007Q4,56,25487.5,25383,104.5,104.5,10920.25,1432.69423076923,0.0729394994100679
Seasonal Naive,2,2007Q4,2008Q2,1994Q1,2007Q4,56,25487.5,20856,4631.5,4631.5,21450792.25,1432.69423076923,3.23272049299263
Historical Mean,2,2008Q1,2008Q3,1994Q1,2008Q1,57,26843,10878.0192982456,15964.9807017544,15964.9807017544,254880608.80739,1488.06603773585,10.7286775565725
Naive,2,2008Q1,2008Q3,1994Q1,2008Q1,57,26843,25555.2,1287.8,1287.8,1658428.84,1488.06603773585,0.865418581798586
Seasonal Naive,2,2008Q1,2008Q3,1994Q1,2008Q1,57,26843,21783.2,5059.8,5059.8,25601576.04,1488.06603773585,3.40025232193235
Historical Mean,2,2008Q2,2008Q4,1994Q1,2008Q2,58,30602,11129.9068965517,19472.0931034483,19472.0931034483,379162409.829358,1546.27777777778,12.5928816822502
Naive,2,2008Q2,2008Q4,1994Q1,2008Q2,58,30602,25487.5,5114.5,5114.5,26158110.25,1546.27777777778,3.30762045054432
Seasonal Naive,2,2008Q2,2008Q4,1994Q1,2008Q2,58,30602,25383,5219,5219,27237961,1546.27777777778,3.37520209822872
Historical Mean,2,2008Q3,2009Q1,1994Q1,2008Q3,59,29398,11396.2305084746,18001.7694915254,18001.7694915254,324063704.826016,1610.16,11.1801122196089
Naive,2,2008Q3,2009Q1,1994Q1,2008Q3,59,29398,26843,2555,2555,6528025,1610.16,1.58679882744572
Seasonal Naive,2,2008Q3,2009Q1,1994Q1,2008Q3,59,29398,25555.2,3842.8,3842.8,14767111.84,1610.16,2.38659512098177
Historical Mean,2,2008Q4,2009Q2,1994Q1,2008Q4,60,29313.2,11716.3266666667,17596.8733333333,17596.8733333333,309649951.109378,1674.60357142857,10.5080830075633
Naive,2,2008Q4,2009Q2,1994Q1,2008Q4,60,29313.2,30602,-1288.8,1288.8,1661005.44,1674.60357142857,0.769614983503558
Seasonal Naive,2,2008Q4,2009Q2,1994Q1,2008Q4,60,29313.2,25487.5,3825.7,3825.7,14635980.49,1674.60357142857,2.28454069086713
Historical Mean,2,2009Q1,2009Q3,1994Q1,2009Q1,61,30964.9,12006.1901639344,18958.7098360656,18958.7098360656,359432678.64813,1712.64210526316,11.0698608762468
Naive,2,2009Q1,2009Q3,1994Q1,2009Q1,61,30964.9,29398,1566.9,1566.9,2455175.61,1712.64210526316,0.914902182531147
Seasonal Naive,2,2009Q1,2009Q3,1994Q1,2009Q1,61,30964.9,26843,4121.9,4121.9,16990059.61,1712.64210526316,2.40674919023239
Historical Mean,2,2009Q2,2009Q4,1994Q1,2009Q2,62,35666.6,12285.335483871,23381.264516129,23381.264516129,546683530.373195,1749.07413793103,13.367795000266
Naive,2,2009Q2,2009Q4,1994Q1,2009Q2,62,35666.6,29313.2,6353.4,6353.4,40365691.56,1749.07413793103,3.63243607701809
Seasonal Naive,2,2009Q2,2009Q4,1994Q1,2009Q2,62,35666.6,30602,5064.6,5064.6,25650173.16,1749.07413793103,2.89558909492017
Historical Mean,2,2009Q3,2010Q1,1994Q1,2009Q3,63,36374,12581.8365079365,23792.1634920635,23792.1634920635,566067043.633079,1789.29152542373,13.2969743353751
Naive,2,2009Q3,2010Q1,1994Q1,2009Q3,63,36374,30964.9,5409.1,5409.1,29258362.81,1789.29152542373,3.02304008214595
Seasonal Naive,2,2009Q3,2010Q1,1994Q1,2009Q3,63,36374,29398,6976,6976,48664576,1789.29152542373,3.89874981291715
Historical Mean,2,2009Q4,2010Q2,1994Q1,2009Q4,64,36295.4,12942.5359375,23352.8640625,23352.8640625,545356259.921604,1843.88,12.6650671749246
Naive,2,2009Q4,2010Q2,1994Q1,2009Q4,64,36295.4,35666.6,628.800000000003,628.800000000003,395389.440000004,1843.88,0.34102002299499
Seasonal Naive,2,2009Q4,2010Q2,1994Q1,2009Q4,64,36295.4,29313.2,6982.2,6982.2,48751116.84,1843.88,3.78668893854264
Historical Mean,2,2010Q1,2010Q3,1994Q1,2010Q1,65,38359.1,13303.02,25056.08,25056.08,627807144.9664,1928.0131147541,12.9958037153682
Naive,2,2010Q1,2010Q3,1994Q1,2010Q1,65,38359.1,36374,1985.1,1985.1,3940622.00999999,1928.0131147541,1.02960917890498
Seasonal Naive,2,2010Q1,2010Q3,1994Q1,2010Q1,65,38359.1,30964.9,7394.2,7394.2,54674193.64,1928.0131147541,3.83513988749141
Historical Mean,2,2010Q2,2010Q4,1994Q1,2010Q2,66,43525.2,13651.3893939394,29873.8106060606,29873.8106060606,892444560.126779,2009.53225806452,14.8660517820369
Naive,2,2010Q2,2010Q4,1994Q1,2010Q2,66,43525.2,36295.4,7229.8,7229.8,52270008.0399999,2009.53225806452,3.59775264665987
Seasonal Naive,2,2010Q2,2010Q4,1994Q1,2010Q2,66,43525.2,35666.6,7858.6,7858.6,61757593.96,2009.53225806452,3.91066128372033
Historical Mean,2,2010Q3,2011Q1,1994Q1,2010Q3,67,42921.8,14020.1611940299,28901.6388059701,28901.6388059701,835304725.67076,2095.00317460318,13.7955107449632
Naive,2,2010Q3,2011Q1,1994Q1,2010Q3,67,42921.8,38359.1,4562.7,4562.7,20818231.29,2095.00317460318,2.17789646111837
Seasonal Naive,2,2010Q3,2011Q1,1994Q1,2010Q3,67,42921.8,36374,6547.8,6547.8,42873684.84,2095.00317460318,3.12543679139782
Historical Mean,2,2010Q4,2011Q2,1994Q1,2010Q4,68,42910.9,14454.0588235294,28456.8411764706,28456.8411764706,809791809.742872,2185.059375,13.0233720429087
Naive,2,2010Q4,2011Q2,1994Q1,2010Q4,68,42910.9,43525.2,-614.299999999996,614.299999999996,377364.489999995,2185.059375,0.281136525180235
Seasonal Naive,2,2010Q4,2011Q2,1994Q1,2010Q4,68,42910.9,36295.4,6615.5,6615.5,43764840.25,2185.059375,3.02760651526918
Historical Mean,2,2011Q1,2011Q3,1994Q1,2011Q1,69,44978.1,14866.6347826087,30111.4652173913,30111.4652173913,906700337.538166,2252.17846153846,13.3699285965208
Naive,2,2011Q1,2011Q3,1994Q1,2011Q1,69,44978.1,42921.8,2056.3,2056.3,4228369.68999998,2252.17846153846,0.913027113577553
Seasonal Naive,2,2011Q1,2011Q3,1994Q1,2011Q1,69,44978.1,38359.1,6619,6619,43811161,2252.17846153846,2.93893228846464
Historical Mean,2,2011Q2,2011Q4,1994Q1,2011Q2,70,50415,15267.2671428571,35147.7328571429,35147.7328571429,1235363124.99708,2318.28939393939,15.1610635622231
Naive,2,2011Q2,2011Q4,1994Q1,2011Q2,70,50415,42910.9,7504.1,7504.1,56311516.81,2318.28939393939,3.23691253543136
Seasonal Naive,2,2011Q2,2011Q4,1994Q1,2011Q2,70,50415,43525.2,6889.8,6889.8,47469344.04,2318.28939393939,2.97193267501966
Historical Mean,2,2011Q3,2012Q1,1994Q1,2011Q3,71,49318.8,15685.7295774648,33633.0704225352,33633.0704225352,1131183426.04721,2382.47910447761,14.1168375241258
Naive,2,2011Q3,2012Q1,1994Q1,2011Q3,71,49318.8,44978.1,4340.7,4340.7,18841676.49,2382.47910447761,1.82192573770831
Seasonal Naive,2,2011Q3,2012Q1,1994Q1,2011Q3,71,49318.8,42921.8,6397,6397,40921609,2382.47910447761,2.68501830214483
Historical Mean,2,2011Q4,2012Q2,1994Q1,2011Q4,72,48902.8,16168.0805555556,32734.7194444444,32734.7194444444,1071561857.10649,2448.76323529412,13.3678580977686
Naive,2,2011Q4,2012Q2,1994Q1,2011Q4,72,48902.8,50415,-1512.2,1512.2,2286748.83999999,2448.76323529412,0.617536223267567
Seasonal Naive,2,2011Q4,2012Q2,1994Q1,2011Q4,72,48902.8,42910.9,5991.9,5991.9,35902865.61,2448.76323529412,2.44690867358613
Historical Mean,2,2012Q1,2012Q3,1994Q1,2012Q1,73,51200.4,16622.2,34578.2,34578.2,1195651915.24,2505.98405797101,13.7982521836138
Naive,2,2012Q1,2012Q3,1994Q1,2012Q1,73,51200.4,49318.8,1881.6,1881.6,3540418.55999999,2505.98405797101,0.750842765346021
Seasonal Naive,2,2012Q1,2012Q3,1994Q1,2012Q1,73,51200.4,44978.1,6222.3,6222.3,38717017.29,2505.98405797101,2.48297668941994
Historical Mean,2,2012Q2,2012Q4,1994Q1,2012Q2,74,57744.7,17058.4243243243,40686.2756756757,40686.2756756757,1655373028.35708,2555.78285714286,15.9193006408844
Naive,2,2012Q2,2012Q4,1994Q1,2012Q2,74,57744.7,48902.8,8841.89999999999,8841.89999999999,78179195.6099999,2555.78285714286,3.45956620504313
Seasonal Naive,2,2012Q2,2012Q4,1994Q1,2012Q2,74,57744.7,50415,7329.7,7329.7,53724502.09,2555.78285714286,2.86788839651032
Historical Mean,2,2012Q3,2013Q1,1994Q1,2012Q3,75,55451,17513.6506666667,37937.3493333333,37937.3493333333,1439242474.43937,2607.42394366197,14.549743406917
Naive,2,2012Q3,2013Q1,1994Q1,2012Q3,75,55451,51200.4,4250.6,4250.6,18067600.36,2607.42394366197,1.6301913658238
Seasonal Naive,2,2012Q3,2013Q1,1994Q1,2012Q3,75,55451,49318.8,6132.2,6132.2,37603876.84,2607.42394366197,2.35182315285012
Historical Mean,2,2012Q4,2013Q2,1994Q1,2012Q4,76,55313.3,18043.0065789474,37270.2934210526,37270.2934210526,1389074771.69136,2673.01111111111,13.9431868674725
Naive,2,2012Q4,2013Q2,1994Q1,2012Q4,76,55313.3,57744.7,-2431.39999999999,2431.39999999999,5911705.95999997,2673.01111111111,0.909610884104898
Seasonal Naive,2,2012Q4,2013Q2,1994Q1,2012Q4,76,55313.3,48902.8,6410.5,6410.5,41094510.25,2673.01111111111,2.39823170706361
Historical Mean,2,2013Q1,2013Q3,1994Q1,2013Q1,77,58052.7,18528.8246753247,39523.8753246753,39523.8753246753,1562136720.68048,2720.39726027397,14.5287145748319
Naive,2,2013Q1,2013Q3,1994Q1,2013Q1,77,58052.7,55451,2601.7,2601.7,6768842.88999998,2720.39726027397,0.956367673939643
Seasonal Naive,2,2013Q1,2013Q3,1994Q1,2013Q1,77,58052.7,51200.4,6852.3,6852.3,46954015.2899999,2720.39726027397,2.51886005770712
Historical Mean,2,2013Q2,2013Q4,1994Q1,2013Q2,78,65563,19000.4205128205,46562.5794871795,46562.5794871795,2168073808.49991,2770.26351351351,16.8079965173148
Naive,2,2013Q2,2013Q4,1994Q1,2013Q2,78,65563,55313.3,10249.7,10249.7,105056350.09,2770.26351351351,3.6999007314652
Seasonal Naive,2,2013Q2,2013Q4,1994Q1,2013Q2,78,65563,57744.7,7818.3,7818.3,61125814.89,2770.26351351351,2.82222249322559
Historical Mean,2,2013Q3,2014Q1,1994Q1,2013Q3,79,62081.2,19494.753164557,42586.446835443,42586.446835443,1813605454.06802,2824.69066666667,15.0764992917607
Naive,2,2013Q3,2014Q1,1994Q1,2013Q3,79,62081.2,58052.7,4028.5,4028.5,16228812.25,2824.69066666667,1.42617386304955
Seasonal Naive,2,2013Q3,2014Q1,1994Q1,2013Q3,79,62081.2,55451,6630.2,6630.2,43959552.04,2824.69066666667,2.34723046960186
Historical Mean,2,2013Q4,2014Q2,1994Q1,2013Q4,80,62117.5,20070.60625,42046.89375,42046.89375,1767941274.02379,2890.39605263158,14.5471046127807
Naive,2,2013Q4,2014Q2,1994Q1,2013Q4,80,62117.5,65563,-3445.5,3445.5,11871470.25,2890.39605263158,1.19205117127911
Seasonal Naive,2,2013Q4,2014Q2,1994Q1,2013Q4,80,62117.5,55313.3,6804.2,6804.2,46297137.64,2890.39605263158,2.35407185593306
Historical Mean,2,2014Q1,2014Q3,1994Q1,2014Q1,81,64952.1,20589.2555555556,44362.8444444444,44362.8444444444,1968061967.20198,2938.96493506493,15.0947171622054
Naive,2,2014Q1,2014Q3,1994Q1,2014Q1,81,64952.1,62081.2,2870.9,2870.9,8242066.81000001,2938.96493506493,0.976840507944533
Seasonal Naive,2,2014Q1,2014Q3,1994Q1,2014Q1,81,64952.1,58052.7,6899.4,6899.4,47601720.36,2938.96493506493,2.34756118308283
Historical Mean,2,2014Q2,2014Q4,1994Q1,2014Q2,82,73243.3,21095.6975609756,52147.6024390244,52147.6024390244,2719372440.13854,2988.51923076923,17.4493113185027
Naive,2,2014Q2,2014Q4,1994Q1,2014Q2,82,73243.3,62117.5,11125.8,11125.8,123783425.64,2988.51923076923,3.72284704928476
Seasonal Naive,2,2014Q2,2014Q4,1994Q1,2014Q2,82,73243.3,65563,7680.3,7680.3,58987008.09,2988.51923076923,2.56993494334086
Historical Mean,2,2014Q3,2015Q1,1994Q1,2014Q3,83,70715.3,21624.0879518072,49091.2120481928,49091.2120481928,2409947100.36063,3038.02405063291,16.1589280499493
Naive,2,2014Q3,2015Q1,1994Q1,2014Q3,83,70715.3,64952.1,5763.2,5763.2,33214474.2400001,3038.02405063291,1.8970225067176
Seasonal Naive,2,2014Q3,2015Q1,1994Q1,2014Q3,83,70715.3,62081.2,8634.10000000001,8634.10000000001,74547682.8100001,3038.02405063291,2.84201173397599
Historical Mean,2,2014Q4,2015Q2,1994Q1,2014Q4,84,70861.8,22238.6023809524,48623.1976190476,48623.1976190476,2364215346.70096,3096.0525,15.7049008758888
Naive,2,2014Q4,2015Q2,1994Q1,2014Q4,84,70861.8,73243.3,-2381.5,2381.5,5671542.25,3096.0525,0.769205302558661
Seasonal Naive,2,2014Q4,2015Q2,1994Q1,2014Q4,84,70861.8,62117.5,8744.3,8744.3,76462782.4900001,3096.0525,2.82433841157409
Historical Mean,2,2015Q1,2015Q3,1994Q1,2015Q1,85,74502.8,22808.9164705882,51693.8835294118,51693.8835294118,2672257594.35239,3164.42345679012,16.3359563709745
Naive,2,2015Q1,2015Q3,1994Q1,2015Q1,85,74502.8,70715.3,3787.5,3787.5,14345156.25,3164.42345679012,1.19690049442432
Seasonal Naive,2,2015Q1,2015Q3,1994Q1,2015Q1,85,74502.8,64952.1,9550.7,9550.7,91215870.4900001,3164.42345679012,3.01814852860682
Historical Mean,2,2015Q2,2015Q4,1994Q1,2015Q2,86,84850.9,23367.6709302326,61483.2290697674,61483.2290697674,3780187456.8455,3232.47073170732,19.020506037898
Naive,2,2015Q2,2015Q4,1994Q1,2015Q2,86,84850.9,70861.8,13989.1,13989.1,195694918.81,3232.47073170732,4.32768032909961
Seasonal Naive,2,2015Q2,2015Q4,1994Q1,2015Q2,86,84850.9,73243.3,11607.6,11607.6,134736377.76,3232.47073170732,3.59093738611181
Historical Mean,2,2015Q3,2016Q1,1994Q1,2015Q3,87,78024.4,23955.4310344828,54068.9689655172,54068.9689655172,2923453404.99407,3308.59397590361,16.341977697868
Naive,2,2015Q3,2016Q1,1994Q1,2015Q3,87,78024.4,74502.8,3521.59999999999,3521.59999999999,12401666.5599999,3308.59397590361,1.0643796203607
Seasonal Naive,2,2015Q3,2016Q1,1994Q1,2015Q3,87,78024.4,70715.3,7309.09999999999,7309.09999999999,53422942.8099999,3308.59397590361,2.2091257051279
Historical Mean,2,2015Q4,2016Q2,1994Q1,2015Q4,88,78113.9,24647.425,53466.475,53466.475,2858663948.92562,3407.39166666667,15.6913205849049
Naive,2,2015Q4,2016Q2,1994Q1,2015Q4,88,78113.9,84850.9,-6737,6737,45387169,3407.39166666667,1.97717217715408
Seasonal Naive,2,2015Q4,2016Q2,1994Q1,2015Q4,88,78113.9,70861.8,7252.09999999999,7252.09999999999,52592954.4099999,3407.39166666667,2.1283435276739
Historical Mean,2,2016Q1,2016Q3,1994Q1,2016Q1,89,82343.5,25247.1662921348,57096.3337078652,57096.3337078652,3259991322.8799,3453.29411764706,16.5338751240709
Naive,2,2016Q1,2016Q3,1994Q1,2016Q1,89,82343.5,78024.4,4319.10000000001,4319.10000000001,18654624.8100001,3453.29411764706,1.2507188362348
Seasonal Naive,2,2016Q1,2016Q3,1994Q1,2016Q1,89,82343.5,74502.8,7840.7,7840.7,61476576.49,3453.29411764706,2.27049875651552
Historical Mean,2,2016Q2,2016Q4,1994Q1,2016Q2,90,93834.2,25834.5744444444,67999.6255555556,67999.6255555556,4623949075.69576,3497.46627906977,19.4425392926566
Naive,2,2016Q2,2016Q4,1994Q1,2016Q2,90,93834.2,78113.9,15720.3,15720.3,247127832.09,3497.46627906977,4.49476813946043
Seasonal Naive,2,2016Q2,2016Q4,1994Q1,2016Q2,90,93834.2,84850.9,8983.3,8983.3,80699678.89,3497.46627906977,2.56851654403637
Historical Mean,2,2016Q3,2017Q1,1994Q1,2016Q3,91,85823.4,26455.5516483516,59367.8483516484,59367.8483516484,3524541417.90432,3547.38850574713,16.7356488457541
Naive,2,2016Q3,2017Q1,1994Q1,2016Q3,91,85823.4,82343.5,3479.89999999999,3479.89999999999,12109704.01,3547.38850574713,0.980975158024616
Seasonal Naive,2,2016Q3,2017Q1,1994Q1,2016Q3,91,85823.4,78024.4,7799,7799,60824401,3547.38850574713,2.19851870957039
Historical Mean,2,2016Q4,2017Q2,1994Q1,2016Q4,92,86545.3,27187.9282608696,59357.3717391304,59357.3717391304,3523297579.77732,3609.16022727273,16.4463110533566
Naive,2,2016Q4,2017Q2,1994Q1,2016Q4,92,86545.3,93834.2,-7288.89999999999,7288.89999999999,53128063.2099999,3609.16022727273,2.01955566974312
Seasonal Naive,2,2016Q4,2017Q2,1994Q1,2016Q4,92,86545.3,78113.9,8431.40000000001,8431.40000000001,71088505.9600001,3609.16022727273,2.33611130264816
Historical Mean,2,2017Q1,2017Q3,1994Q1,2017Q1,93,90809.7,27818.4172043011,62991.2827956989,62991.2827956989,3967901708.24771,3656.23707865169,17.2284459242255
Naive,2,2017Q1,2017Q3,1994Q1,2017Q1,93,90809.7,85823.4,4986.3,4986.3,24863187.69,3656.23707865169,1.36377917862996
Seasonal Naive,2,2017Q1,2017Q3,1994Q1,2017Q1,93,90809.7,82343.5,8466.2,8466.2,71676542.44,3656.23707865169,2.31555006359765
Historical Mean,2,2017Q2,2017Q4,1994Q1,2017Q2,94,103083.2,28443.1712765957,74640.0287234042,74640.0287234042,5571133887.83061,3709.29444444444,20.122432942792
Naive,2,2017Q2,2017Q4,1994Q1,2017Q2,94,103083.2,86545.3,16537.9,16537.9,273502136.41,3709.29444444444,4.45850288988771
Seasonal Naive,2,2017Q2,2017Q4,1994Q1,2017Q2,94,103083.2,93834.2,9249,9249,85544001,3709.29444444444,2.49346611290257
Historical Mean,2,2017Q3,2018Q1,1994Q1,2017Q3,95,90275.4,29099.6610526316,61175.7389473684,61175.7389473684,3742471035.75657,3761.56813186813,16.2633605992898
Naive,2,2017Q3,2018Q1,1994Q1,2017Q3,95,90275.4,90809.7,-534.300000000003,534.300000000003,285476.490000003,3761.56813186813,0.14204182438526
Seasonal Naive,2,2017Q3,2018Q1,1994Q1,2017Q3,95,90275.4,85823.4,4452,4452,19820304,3761.56813186813,1.18354894659025
Historical Mean,2,2017Q4,2018Q2,1994Q1,2017Q4,96,89742.5,29870.3229166667,59872.1770833333,59872.1770833333,3584677588.69802,3821.21413043478,15.6683648284638
Naive,2,2017Q4,2018Q2,1994Q1,2017Q4,96,89742.5,103083.2,-13340.7,13340.7,177974276.49,3821.21413043478,3.49122021028486
Seasonal Naive,2,2017Q4,2018Q2,1994Q1,2017Q4,96,89742.5,86545.3,3197.2,3197.2,10222087.84,3821.21413043478,0.836697418900263
Historical Mean,2,2018Q1,2018Q3,1994Q1,2018Q1,97,94281.4,30493.0556701031,63788.3443298969,63788.3443298969,4068952872.34949,3827.99677419355,16.6636358629992
Naive,2,2018Q1,2018Q3,1994Q1,2018Q1,97,94281.4,90275.4,4006,4006,16048036,3827.99677419355,1.04650035940638
Seasonal Naive,2,2018Q1,2018Q3,1994Q1,2018Q1,97,94281.4,90809.7,3471.7,3471.7,12052700.89,3827.99677419355,0.906923439278861
Historical Mean,2,2018Q2,2018Q4,1994Q1,2018Q2,98,106687.6,31097.6418367347,75589.9581632653,75589.9581632653,5713841775.1242,3821.28617021277,19.7812869270287
Naive,2,2018Q2,2018Q4,1994Q1,2018Q2,98,106687.6,89742.5,16945.1,16945.1,287136414.01,3821.28617021277,4.434397018493
Seasonal Naive,2,2018Q2,2018Q4,1994Q1,2018Q2,98,106687.6,103083.2,3604.40000000001,3604.40000000001,12991699.3600001,3821.28617021277,0.943242625505673
Historical Mean,2,2018Q3,2019Q1,1994Q1,2018Q3,99,97789.7,31735.8616161616,66053.8383838384,66053.8383838384,4363109565.23824,3817.60631578947,17.3024227539236
Naive,2,2018Q3,2019Q1,1994Q1,2018Q3,99,97789.7,94281.4,3508.3,3508.3,12308168.89,3817.60631578947,0.918978990968715
Seasonal Naive,2,2018Q3,2019Q1,1994Q1,2018Q3,99,97789.7,90275.4,7514.3,7514.3,56464704.49,3817.60631578947,1.96832763213984
Historical Mean,2,2018Q4,2019Q2,1994Q1,2018Q4,100,97420,32485.379,64934.621,64934.621,4216505004.41364,3815.38541666667,17.0191511233302
Naive,2,2018Q4,2019Q2,1994Q1,2018Q4,100,97420,106687.6,-9267.60000000001,9267.60000000001,85888409.7600001,3815.38541666667,2.4290075543919
Seasonal Naive,2,2018Q4,2019Q2,1994Q1,2018Q4,100,97420,89742.5,7677.5,7677.5,58944006.25,3815.38541666667,2.01224756127193
Historical Mean,2,2019Q1,2019Q3,1994Q1,2019Q1,101,101464.5,33131.9564356436,68332.5435643564,68332.5435643564,4669336509.97467,3853.51855670103,17.7325066841913
Naive,2,2019Q1,2019Q3,1994Q1,2019Q1,101,101464.5,97789.7,3674.8,3674.8,13504155.04,3853.51855670103,0.953621981035943
Seasonal Naive,2,2019Q1,2019Q3,1994Q1,2019Q1,101,101464.5,94281.4,7183.10000000001,7183.10000000001,51596925.6100001,3853.51855670103,1.86403669641321
Historical Mean,2,2019Q2,2019Q4,1994Q1,2019Q2,102,114974.8,33762.231372549,81212.568627451,81212.568627451,6595481303.06843,3892.5387755102,20.8636505147739
Naive,2,2019Q2,2019Q4,1994Q1,2019Q2,102,114974.8,97420,17554.8,17554.8,308171003.04,3892.5387755102,4.50985873549816
Seasonal Naive,2,2019Q2,2019Q4,1994Q1,2019Q2,102,114974.8,106687.6,8287.2,8287.2,68677683.84,3892.5387755102,2.12899613284232
Historical Mean,2,2019Q3,2020Q1,1994Q1,2019Q3,103,78579.7,34419.5349514563,44160.1650485437,44160.1650485437,1950120177.11462,3925.77676767677,11.2487713035902
Naive,2,2019Q3,2020Q1,1994Q1,2019Q3,103,78579.7,101464.5,-22884.8,22884.8,523714071.04,3925.77676767677,5.82936864582419
Seasonal Naive,2,2019Q3,2020Q1,1994Q1,2019Q3,103,78579.7,97789.7,-19210,19210,369024100,3925.77676767677,4.89329911934047
Historical Mean,2,2019Q4,2020Q2,1994Q1,2019Q4,104,93676.5,35194.1048076923,58482.3951923077,58482.3951923077,3420190547.42925,3969.391,14.7333420145074
Naive,2,2019Q4,2020Q2,1994Q1,2019Q4,104,93676.5,114974.8,-21298.3,21298.3,453617582.89,3969.391,5.36563417410882
Seasonal Naive,2,2019Q4,2020Q2,1994Q1,2019Q4,104,93676.5,97420,-3743.5,3743.5,14013792.25,3969.391,0.943091774027804
Historical Mean,2,2020Q1,2020Q3,1994Q1,2020Q1,105,101067.8,35607.300952381,65460.499047619,65460.499047619,4285076935.56333,4120.28811881188,15.8873596117582
Naive,2,2020Q1,2020Q3,1994Q1,2020Q1,105,101067.8,78579.7,22488.1,22488.1,505714641.61,4120.28811881188,5.45789501887665
Seasonal Naive,2,2020Q1,2020Q3,1994Q1,2020Q1,105,101067.8,101464.5,-396.699999999997,396.699999999997,157370.889999998,4120.28811881188,0.0962796747608002
Historical Mean,2,2020Q2,2020Q4,1994Q1,2020Q2,106,118656.6,36155.1235849057,82501.4764150943,82501.4764150943,6806493610.67037,4116.59411764706,20.0411976642113
Naive,2,2020Q2,2020Q4,1994Q1,2020Q2,106,118656.6,93676.5,24980.1,24980.1,624005396.01,4116.59411764706,6.06814742627043
Seasonal Naive,2,2020Q2,2020Q4,1994Q1,2020Q2,106,118656.6,114974.8,3681.8,3681.8,13555651.24,4116.59411764706,0.894380134348641
Historical Mean,2,2020Q3,2021Q1,1994Q1,2020Q3,107,105220.8,36761.7841121495,68459.0158878505,68459.0158878505,4686636856.33296,4080.4786407767,16.7772023614415
Naive,2,2020Q3,2021Q1,1994Q1,2020Q3,107,105220.8,101067.8,4153,4153,17247409,4080.4786407767,1.01777275795506
Seasonal Naive,2,2020Q3,2021Q1,1994Q1,2020Q3,107,105220.8,78579.7,26641.1,26641.1,709748209.21,4080.4786407767,6.52891543991246
Historical Mean,2,2020Q4,2021Q2,1994Q1,2020Q4,108,106683.5,37520.0694444444,69163.4305555556,69163.4305555556,4783580126.21316,4076.64519230769,16.9657714353119
Naive,2,2020Q4,2021Q2,1994Q1,2020Q4,108,106683.5,118656.6,-11973.1,11973.1,143355123.61,4076.64519230769,2.93699830011999
Seasonal Naive,2,2020Q4,2021Q2,1994Q1,2020Q4,108,106683.5,93676.5,13007,13007,169182049,4076.64519230769,3.19061369984888
Historical Mean,2,2021Q1,2021Q3,1994Q1,2021Q1,109,106152.9,38141.1770642202,68011.7229357798,68011.7229357798,4625594456.69328,4291.54476190476,15.8478419098659
Naive,2,2021Q1,2021Q3,1994Q1,2021Q1,109,106152.9,105220.8,932.099999999991,932.099999999991,868810.409999984,4291.54476190476,0.217194518923365
Seasonal Naive,2,2021Q1,2021Q3,1994Q1,2021Q1,109,106152.9,101067.8,5085.09999999999,5085.09999999999,25858242.0099999,4291.54476190476,1.18491132730095
Historical Mean,2,2021Q2,2021Q4,1994Q1,2021Q2,110,122766,38764.2890909091,84001.7109090909,84001.7109090909,7056287435.65448,4373.76603773585,19.205808034619
Naive,2,2021Q2,2021Q4,1994Q1,2021Q2,110,122766,106683.5,16082.5,16082.5,258646806.25,4373.76603773585,3.67703710286373
Seasonal Naive,2,2021Q2,2021Q4,1994Q1,2021Q2,110,122766,118656.6,4109.39999999999,4109.39999999999,16887168.36,4373.76603773585,0.939556429069373
Historical Mean,2,2021Q3,2022Q1,1994Q1,2021Q3,111,108659.1,39371.3936936937,69287.7063063063,69287.7063063063,4800786245.18896,4380.41401869159,15.8176158716162
Naive,2,2021Q3,2022Q1,1994Q1,2021Q3,111,108659.1,106152.9,2506.20000000001,2506.20000000001,6281038.44000006,4380.41401869159,0.572137699611464
Seasonal Naive,2,2021Q3,2022Q1,1994Q1,2021Q3,111,108659.1,105220.8,3438.3,3438.3,11821906.89,4380.41401869159,0.784925805033153
Historical Mean,2,2021Q4,2022Q2,1994Q1,2021Q4,112,101772.6,40115.9883928571,61656.6116071429,61656.6116071429,3801537754.87406,4377.90462962963,14.083589484762
Naive,2,2021Q4,2022Q2,1994Q1,2021Q4,112,101772.6,122766,-20993.4,20993.4,440722843.56,4377.90462962963,4.79530775017729
Seasonal Naive,2,2021Q4,2022Q2,1994Q1,2021Q4,112,101772.6,106683.5,-4910.89999999999,4910.89999999999,24116938.8099999,4377.90462962963,1.12174668373611
Historical Mean,2,2022Q1,2022Q3,1994Q1,2022Q1,113,109872.9,40722.5646017699,69150.3353982301,69150.3353982301,4781768885.68771,4369.28440366972,15.8264669931194
Naive,2,2022Q1,2022Q3,1994Q1,2022Q1,113,109872.9,108659.1,1213.79999999999,1213.79999999999,1473310.43999997,4369.28440366972,0.277802927861718
Seasonal Naive,2,2022Q1,2022Q3,1994Q1,2022Q1,113,109872.9,106152.9,3720,3720,13838400,4369.28440366972,0.85139799937848
Historical Mean,2,2022Q2,2022Q4,1994Q1,2022Q2,114,119427.9,41258.0912280702,78169.8087719298,78169.8087719298,6110519003.44008,4374.20818181818,17.8706192121468
Naive,2,2022Q2,2022Q4,1994Q1,2022Q2,114,119427.9,101772.6,17655.3,17655.3,311709618.09,4374.20818181818,4.03622764764282
Seasonal Naive,2,2022Q2,2022Q4,1994Q1,2022Q2,114,119427.9,122766,-3338.10000000001,3338.10000000001,11142911.61,4374.20818181818,0.763132402768378
Historical Mean,2,2022Q3,2023Q1,1994Q1,2022Q3,115,114922.4,41854.7417391304,73067.6582608696,73067.6582608696,5338882683.72722,4368.31441441441,16.7267397282035
Naive,2,2022Q3,2023Q1,1994Q1,2022Q3,115,114922.4,109872.9,5049.5,5049.5,25497450.25,4368.31441441441,1.15593785633604
Seasonal Naive,2,2022Q3,2023Q1,1994Q1,2022Q3,115,114922.4,108659.1,6263.29999999999,6263.29999999999,39228926.8899999,4368.31441441441,1.43380247065838
Historical Mean,2,2022Q4,2023Q2,1994Q1,2022Q4,116,112665.2,42523.475862069,70141.724137931,70141.724137931,4919861465.04162,4359.11607142857,16.090813593533
Naive,2,2022Q4,2023Q2,1994Q1,2022Q4,116,112665.2,119427.9,-6762.7,6762.7,45734111.29,4359.11607142857,1.55139250462393
Seasonal Naive,2,2022Q4,2023Q2,1994Q1,2022Q4,116,112665.2,101772.6,10892.6,10892.6,118648734.76,4359.11607142857,2.4988093506834
Historical Mean,2,2023Q1,2023Q3,1994Q1,2023Q1,117,114519.4,43142.2700854701,71377.1299145299,71377.1299145299,5094694674.83568,4375.96725663717,16.3111663612816
Naive,2,2023Q1,2023Q3,1994Q1,2023Q1,117,114519.4,114922.4,-403,403,162409,4375.96725663717,0.0920939249234
Seasonal Naive,2,2023Q1,2023Q3,1994Q1,2023Q1,117,114519.4,109872.9,4646.5,4646.5,21589962.25,4375.96725663717,1.06182238748531
Historical Mean,2,2023Q2,2023Q4,1994Q1,2023Q2,118,129388.2,43731.4474576271,85656.7525423729,85656.7525423729,7337079256.1053,4433.13070175439,19.3219551384927
Naive,2,2023Q2,2023Q4,1994Q1,2023Q2,118,129388.2,112665.2,16723,16723,279658729,4433.13070175439,3.77227768028179
Seasonal Naive,2,2023Q2,2023Q4,1994Q1,2023Q2,118,129388.2,119427.9,9960.3,9960.3,99207576.0900001,4433.13070175439,2.24678690300249
Historical Mean,2,2023Q3,2024Q1,1994Q1,2023Q3,119,120326.8,44326.3042016807,76000.4957983193,76000.4957983193,5776075361.59035,4434.98608695652,17.1365804329894
Naive,2,2023Q3,2024Q1,1994Q1,2023Q3,119,120326.8,114519.4,5807.40000000001,5807.40000000001,33725894.7600001,4434.98608695652,1.30945168398156
Seasonal Naive,2,2023Q3,2024Q1,1994Q1,2023Q3,119,120326.8,114922.4,5404.40000000001,5404.40000000001,29207539.3600001,4434.98608695652,1.21858330421702
Historical Mean,2,2023Q4,2024Q2,1994Q1,2023Q4,120,115642.2,45035.1533333333,70607.0466666667,70607.0466666667,4985355038.98884,4482.61810344828,15.7512964605108
Naive,2,2023Q4,2024Q2,1994Q1,2023Q4,120,115642.2,129388.2,-13746,13746,188952516,4482.61810344828,3.06651150795688
Seasonal Naive,2,2023Q4,2024Q2,1994Q1,2023Q4,120,115642.2,112665.2,2977,2977,8862529,4482.61810344828,0.664120817633322
Historical Mean,2,2024Q1,2024Q3,1994Q1,2024Q1,121,117595,45657.3983471074,71937.6016528926,71937.6016528926,5175018531.57025,4490.49658119658,16.0199657993556
Naive,2,2024Q1,2024Q3,1994Q1,2024Q1,121,117595,120326.8,-2731.8,2731.8,7462731.24000002,4490.49658119658,0.608351426307525
Seasonal Naive,2,2024Q1,2024Q3,1994Q1,2024Q1,121,117595,114519.4,3075.60000000001,3075.60000000001,9459315.36000004,4490.49658119658,0.684913114705112
Historical Mean,2,2024Q2,2024Q4,1994Q1,2024Q2,122,134330.8,46231.0442622951,88099.7557377049,88099.7557377049,7761566961.04327,4477.67033898305,19.6753555014311
Naive,2,2024Q2,2024Q4,1994Q1,2024Q2,122,134330.8,115642.2,18688.6,18688.6,349263769.96,4477.67033898305,4.17373289795257
Seasonal Naive,2,2024Q2,2024Q4,1994Q1,2024Q2,122,134330.8,129388.2,4942.59999999999,4942.59999999999,24429294.7599999,4477.67033898305,1.10383293673257
Historical Mean,2,2024Q3,2025Q1,1994Q1,2024Q3,123,124671.1,46811.2390243902,77859.8609756098,77859.8609756098,6062157951.14128,4465.88823529412,17.434350542022
Naive,2,2024Q3,2025Q1,1994Q1,2024Q3,123,124671.1,117595,7076.10000000001,7076.10000000001,50071191.2100001,4465.88823529412,1.58447762845413
Seasonal Naive,2,2024Q3,2025Q1,1994Q1,2024Q3,123,124671.1,120326.8,4344.3,4344.3,18872942.49,4465.88823529412,0.972774008464162
Historical Mean,2,2024Q4,2025Q2,1994Q1,2024Q4,124,120787.3,47517.0419354839,73270.2580645161,73270.2580645161,5368530716.84079,4469.86083333333,16.392066956115
Naive,2,2024Q4,2025Q2,1994Q1,2024Q4,124,120787.3,134330.8,-13543.5,13543.5,183426392.25,4469.86083333333,3.02996010502191
Seasonal Naive,2,2024Q4,2025Q2,1994Q1,2024Q4,124,120787.3,115642.2,5145.10000000001,5145.10000000001,26472054.0100001,4469.86083333333,1.15106491943355
Historical Mean,2,2025Q1,2025Q3,1994Q1,2025Q1,125,120418.8,48134.2744,72284.5256,72284.5256,5225052641.21705,4468.82314049587,16.1752934335144
Naive,2,2025Q1,2025Q3,1994Q1,2025Q1,125,120418.8,124671.1,-4252.3,4252.3,18082055.29,4468.82314049587,0.951548062277569
Seasonal Naive,2,2025Q1,2025Q3,1994Q1,2025Q1,125,120418.8,117595,2823.8,2823.8,7973846.44000002,4468.82314049587,0.63188895850702
Historical Mean,2,2025Q2,2025Q4,1994Q1,2025Q2,126,135325.2,48710.8857142857,86614.3142857143,86614.3142857143,7502039439.18449,4474.36639344262,19.3578948770604
Naive,2,2025Q2,2025Q4,1994Q1,2025Q2,126,135325.2,120787.3,14537.9,14537.9,211350536.41,4474.36639344262,3.24915277866067
Seasonal Naive,2,2025Q2,2025Q4,1994Q1,2025Q2,126,135325.2,134330.8,994.400000000023,994.400000000023,988831.360000046,4474.36639344262,0.222243757564727
Historical Mean,2,2025Q3,2026Q1,1994Q1,2025Q3,127,127694.9,49275.5149606299,78419.3850393701,78419.3850393701,6149599949.95298,4460.94715447155,17.5790885486649
Naive,2,2025Q3,2026Q1,1994Q1,2025Q3,127,127694.9,120418.8,7276.09999999999,7276.09999999999,52941631.2099999,4460.94715447155,1.63106617228285
Seasonal Naive,2,2025Q3,2026Q1,1994Q1,2025Q3,127,127694.9,124671.1,3023.79999999999,3023.79999999999,9143366.43999993,4460.94715447155,0.677838112690711
Historical Mean,2,2025Q4,2026Q2,1994Q1,2025Q4,128,121027.2,49947.778125,71079.421875,71079.421875,5052284214.08423,4432.99112903226,16.0341899647602
Naive,2,2025Q4,2026Q2,1994Q1,2025Q4,128,121027.2,135325.2,-14298,14298,204432804,4432.99112903226,3.22536174420934
Seasonal Naive,2,2025Q4,2026Q2,1994Q1,2025Q4,128,121027.2,120787.3,239.899999999994,239.899999999994,57552.0099999972,4432.99112903226,0.0541169591856064
