model,horizon,origin,target,training_start,training_end,n_train,fit_success,converged,fit_failure_reason,numerical_issues,n_training_residuals,actual,forecast_log,smearing_factor,forecast,error,absolute_error,squared_error,mase_scale,scaled_absolute_error
ETS,2,2004Q3,2005Q1,1994Q1,2004Q3,43,True,True,,,43,15112.2,9.64845697297621,1.00248704525817,15536.3999037203,-424.199903720322,424.199903720322,179945.558316331,905.561538461538,0.468438516548524
ETS,1,2004Q4,2005Q1,1994Q1,2004Q4,44,True,True,,,44,15112.2,9.63083667925202,1.0025293413899,15265.6857508419,-153.485750841934,153.485750841934,23557.8757115121,942.135,0.162912693872888
ETS,2,2004Q4,2005Q2,1994Q1,2004Q4,44,True,True,,,44,14497.5,9.58218336033672,1.0025293413899,14540.7380289827,-43.2380289827233,43.2380289827233,1869.52715031082,942.135,0.0458936659637136
ETS,1,2005Q1,2005Q2,1994Q1,2005Q1,45,True,True,,,45,14497.5,9.57564741033967,1.00249638026996,14445.5354417002,51.9645582997982,51.9645582997982,2700.31531929313,974.80487804878,0.0533076510694255
ETS,2,2005Q1,2005Q3,1994Q1,2005Q1,45,True,True,,,45,15470.9,9.61655279900392,1.00249638026996,15048.6876718705,422.212328129461,422.212328129461,178263.250024499,974.80487804878,0.433124964428351
ETS,1,2005Q2,2005Q3,1994Q1,2005Q2,46,True,True,,,46,15470.9,9.6218018612239,1.00244369767926,15127.0918569775,343.808143022505,343.808143022505,118204.039208583,1001.09285714286,0.343432820012063
ETS,2,2005Q2,2005Q4,1994Q1,2005Q2,46,True,True,,,46,22096,9.78043981668238,1.00244369767926,17727.6444479764,4368.35555202362,4368.35555202362,19082530.2288955,1001.09285714286,4.36358677504803
ETS,1,2005Q3,2005Q4,1994Q1,2005Q3,47,True,True,,,47,22096,9.80047064908871,1.00244950437896,18086.429023483,4009.57097651704,4009.57097651704,16076659.4157278,1030.86511627907,3.88952047479274
ETS,2,2005Q3,2006Q1,1994Q1,2005Q3,47,True,True,,,47,18440.2,9.77765217187454,1.00244950437896,17678.3972907646,761.802709235362,761.802709235362,580343.367798338,1030.86511627907,0.738993586265782
ETS,1,2005Q4,2006Q1,1994Q1,2005Q4,48,True,True,,,48,18440.2,9.97941186689144,1.00380693612092,21659.7629199204,-3219.56291992037,3219.56291992037,10365585.3953262,1157.08863636364,2.78246870528297
ETS,2,2005Q4,2006Q2,1994Q1,2005Q4,48,True,True,,,48,18008,9.98450264453566,1.00380693612092,21770.309101043,-3762.30910104297,3762.30910104297,14154969.7717907,1157.08863636364,3.25153059394543
ETS,1,2006Q1,2006Q2,1994Q1,2006Q1,49,True,True,,,49,18008,9.84862717973534,1.00288181319622,18986.905730253,-978.905730253024,978.905730253024,958256.428722205,1205.33111111111,0.812146738127948
ETS,2,2006Q1,2006Q3,1994Q1,2006Q1,49,True,True,,,49,18643.2,9.92282411949739,1.00288181319622,20449.2561807591,-1806.05618075908,1806.05618075908,3261838.92805807,1205.33111111111,1.49839008062623
ETS,1,2006Q2,2006Q3,1994Q1,2006Q2,50,True,True,,,50,18643.2,9.89675125074686,1.00299307079524,19925.1862511041,-1281.98625110413,1281.98625110413,1643488.74802003,1255.44347826087,1.02114214881265
ETS,2,2006Q2,2006Q4,1994Q1,2006Q2,50,True,True,,,50,21318.6,10.1210139708465,1.00299307079524,24934.3729759898,-3615.77297598981,3615.77297598981,13073814.2138982,1255.44347826087,2.88007627471899
ETS,1,2006Q3,2006Q4,1994Q1,2006Q3,51,True,True,,,51,21318.6,10.0907868646695,1.00356788701524,24205.8205513336,-2887.22055133359,2887.22055133359,8336042.51204304,1296.22765957447,2.22740236254596
ETS,2,2006Q3,2007Q1,1994Q1,2006Q3,51,True,True,,,51,21187.8,10.0186629067889,1.00356788701524,22521.4719945066,-1333.67199450662,1333.67199450662,1778680.98893127,1296.22765957447,1.0288871593316
ETS,1,2006Q4,2007Q1,1994Q1,2006Q4,52,True,True,,,52,21187.8,9.9097404505708,1.00454412903974,20216.9024049535,970.897595046514,970.897595046514,942642.140067104,1285.41875,0.755316191744141
ETS,2,2006Q4,2007Q2,1994Q1,2006Q4,52,True,True,,,52,20856,9.85345539455057,1.00454412903974,19110.4241124168,1745.57588758317,1745.57588758317,3047035.17931177,1285.41875,1.35798228210314
ETS,1,2007Q1,2007Q2,1994Q1,2007Q1,53,True,True,,,53,20856,9.89385676013162,1.00461179087037,19899.6604803337,956.33951966633,956.33951966633,914585.276875626,1315.25918367347,0.727111075548858
ETS,2,2007Q1,2007Q3,1994Q1,2007Q1,53,True,True,,,53,21783.2,9.92043189809261,1.00461179087037,20435.5863138979,1347.6136861021,1347.6136861021,1816062.6469697,1315.25918367347,1.02459933588015
ETS,1,2007Q2,2007Q3,1994Q1,2007Q2,54,True,True,,,54,21783.2,9.95555862982505,1.00469076917333,21167.8421988528,615.357801147184,615.357801147184,378665.223432697,1345.914,0.457204398755926
ETS,2,2007Q2,2007Q4,1994Q1,2007Q2,54,True,True,,,54,25383,10.1493944427473,1.00469076917333,25695.5793033928,-312.579303392798,312.579303392798,97705.8209095271,1345.914,0.232243147327986
ETS,1,2007Q3,2007Q4,1994Q1,2007Q3,55,True,True,,,55,25383,10.1742845564248,1.00461831673405,26341.2713612827,-958.271361282663,958.271361282663,918284.001854528,1381.09215686275,0.693850411444989
ETS,2,2007Q3,2008Q1,1994Q1,2007Q3,55,True,True,,,55,25555.2,10.1031409847167,1.00461831673405,24532.3680563889,1022.83194361105,1022.83194361105,1046185.18487117,1381.09215686275,0.740596446463423
ETS,1,2007Q4,2008Q1,1994Q1,2007Q4,56,True,True,,,56,25555.2,10.0811145318765,1.00455188267723,23996.3277226553,1558.87227734475,1558.87227734475,2430082.777074,1432.69423076923,1.08807046462927
ETS,2,2007Q4,2008Q2,1994Q1,2007Q4,56,True,True,,,56,25487.5,10.0405989912796,1.00455188267723,23043.535313609,2443.96468639101,2443.96468639101,5972963.38832629,1432.69423076923,1.70585225647123
ETS,1,2008Q1,2008Q2,1994Q1,2008Q1,57,True,True,,,57,25487.5,10.083034533175,1.00474352447185,24047.031620819,1440.46837918099,1440.46837918099,2074949.15142032,1488.06603773585,0.968013745796338
ETS,2,2008Q1,2008Q3,1994Q1,2008Q1,57,True,True,,,57,26843,10.1254672733713,1.00474352447185,25089.371338344,1753.62866165602,1753.62866165602,3075213.4829815,1488.06603773585,1.17846158516207
ETS,1,2008Q2,2008Q3,1994Q1,2008Q2,58,True,True,,,58,26843,10.1704761163206,1.00461624857991,26241.0889732608,601.91102673925,601.91102673925,362296.884110298,1546.27777777778,0.389264487525832
ETS,2,2008Q2,2008Q4,1994Q1,2008Q2,58,True,True,,,58,30602,10.3761480752085,1.00461624857991,32233.2465876484,-1631.24658764841,1631.24658764841,2660965.42971458,1546.27777777778,1.05495054710852
ETS,1,2008Q3,2008Q4,1994Q1,2008Q3,59,True,True,,,59,30602,10.3968065185356,1.00445932301773,32900.9209325539,-2298.92093255394,2298.92093255394,5285037.45413468,1610.16,1.42775931121997
ETS,2,2008Q3,2009Q1,1994Q1,2008Q3,59,True,True,,,59,29398,10.3444362914293,1.00445932301773,31222.2325301357,-1824.23253013573,1824.23253013573,3327824.32400542,1610.16,1.13295109190126
ETS,1,2008Q4,2009Q1,1994Q1,2008Q4,60,True,True,,,60,29398,10.2956531434677,1.00462001692166,29740.4253104475,-342.425310447514,342.425310447514,117255.093235076,1674.60357142857,0.20448141655126
ETS,2,2008Q4,2009Q2,1994Q1,2008Q4,60,True,True,,,60,29313.2,10.2645209963434,1.00462001692166,28828.8059758366,484.394024163423,484.394024163423,234637.570645235,1674.60357142857,0.289258922187892
ETS,1,2009Q1,2009Q2,1994Q1,2009Q1,61,True,True,,,61,29313.2,10.2594033067781,1.00453465607956,28679.2089467618,633.991053238165,633.991053238165,401944.655586038,1712.64210526316,0.370183035492257
ETS,2,2009Q1,2009Q3,1994Q1,2009Q1,61,True,True,,,61,30964.9,10.2982367619302,1.00453465607956,29814.8290375982,1150.07096240177,1150.07096240177,1322663.21855973,1712.64210526316,0.671518561214547
ETS,1,2009Q2,2009Q3,1994Q1,2009Q2,62,True,True,,,62,30964.9,10.316541744664,1.00447771607516,30363.8934364441,601.006563555937,601.006563555937,361208.889437316,1749.07413793103,0.343614115904122
ETS,2,2009Q2,2009Q4,1994Q1,2009Q2,62,True,True,,,62,35666.6,10.5083332808706,1.00447771607516,36783.3656579586,-1116.76565795858,1116.76565795858,1247165.53479566,1749.07413793103,0.638489606438064
ETS,1,2009Q3,2009Q4,1994Q1,2009Q3,63,True,True,,,63,35666.6,10.5245060865061,1.00438167013207,37379.5179529271,-1712.91795292715,1712.91795292715,2934087.91346014,1789.29152542373,0.957316305693398
ETS,2,2009Q3,2010Q1,1994Q1,2009Q3,63,True,True,,,63,36374,10.4638503540032,1.00438167013207,35179.6282998158,1194.37170018422,1194.37170018422,1426523.75820095,1789.29152542373,0.667510957948219
ETS,1,2009Q4,2010Q1,1994Q1,2009Q4,64,True,True,,,64,36374,10.4357629504099,1.00441072505687,34206.2610087794,2167.73899122065,2167.73899122065,4699092.33405832,1843.88,1.17563995011641
ETS,2,2009Q4,2010Q2,1994Q1,2009Q4,64,True,True,,,64,36295.4,10.4014029733265,1.00441072505687,33050.8974639255,3244.50253607455,3244.50253607455,10526796.7065942,1843.88,1.75960612191387
ETS,1,2010Q1,2010Q2,1994Q1,2010Q1,65,True,True,,,65,36295.4,10.443415369749,1.00447376728379,34471.1892345527,1824.21076544727,1824.21076544727,3327744.91677372,1928.0131147541,0.94616097343297
ETS,2,2010Q1,2010Q3,1994Q1,2010Q1,65,True,True,,,65,38359.1,10.4892238097497,1.00447376728379,36086.9866774596,2272.1133225404,2272.1133225404,5162498.9504656,1928.0131147541,1.17847399748118
ETS,1,2010Q2,2010Q3,1994Q1,2010Q2,66,True,True,,,66,38359.1,10.5269108847156,1.0042769704194,37465.6103882759,893.489611724137,893.489611724137,798323.686258949,2009.53225806452,0.444625662583144
ETS,2,2010Q2,2010Q4,1994Q1,2010Q2,66,True,True,,,66,43525.2,10.7258605805456,1.0042769704194,45712.562546846,-2187.36254684605,2187.36254684605,4784554.91134485,2009.53225806452,1.08849337355391
ETS,1,2010Q3,2010Q4,1994Q1,2010Q3,67,True,True,,,67,43525.2,10.7456652425946,1.0040989702152,46618.6444186258,-3093.44441862583,3093.44441862583,9569398.37112728,2095.00317460318,1.47658221053139
ETS,2,2010Q3,2011Q1,1994Q1,2010Q3,67,True,True,,,67,42921.8,10.7006560745836,1.0040989702152,44566.8980789918,-1645.09807899184,1645.09807899184,2706347.68950264,2095.00317460318,0.785248489804053
ETS,1,2010Q4,2011Q1,1994Q1,2010Q4,68,True,True,,,68,42921.8,10.6575990663099,1.00431993872081,42698.0999633552,223.700036644768,223.700036644768,50041.7063948707,2185.059375,0.102377097484945
ETS,2,2010Q4,2011Q2,1994Q1,2010Q4,68,True,True,,,68,42910.9,10.6324787160576,1.00431993872081,41638.868569135,1272.03143086504,1272.03143086504,1618063.96110856,2185.059375,0.582149595301062
ETS,1,2011Q1,2011Q2,1994Q1,2011Q1,69,True,True,,,69,42910.9,10.6388959580646,1.00426212401416,41904.5220519431,1006.37794805686,1006.37794805686,1012796.57433513,2252.17846153846,0.446846449001825
ETS,2,2011Q1,2011Q3,1994Q1,2011Q1,69,True,True,,,69,44978.1,10.684630996807,1.00426212401416,43865.5285384499,1112.57146155006,1112.57146155006,1237815.25705564,2252.17846153846,0.493997913819878
ETS,1,2011Q2,2011Q3,1994Q1,2011Q2,70,True,True,,,70,44978.1,10.7026199161065,1.00417845937318,44658.0414592734,320.058540726626,320.058540726626,102437.469492057,2318.28939393939,0.138058061932795
ETS,2,2011Q2,2011Q4,1994Q1,2011Q2,70,True,True,,,70,50415,10.8930670797918,1.00417845937318,54026.8721213526,-3611.87212135264,3611.87212135264,13045620.2210044,2318.28939393939,1.55799018482982
ETS,1,2011Q3,2011Q4,1994Q1,2011Q3,71,True,True,,,71,50415,10.8993726298127,1.0040623127912,54362.3291271634,-3947.32912716336,3947.32912716336,15581407.2381523,2382.47910447761,1.65681584352399
ETS,2,2011Q3,2012Q1,1994Q1,2011Q3,71,True,True,,,71,49318.8,10.856138872903,1.0040623127912,52062.1229579998,-2743.32295799976,2743.32295799976,7525820.85188858,2382.47910447761,1.15145730044137
ETS,1,2011Q4,2012Q1,1994Q1,2011Q4,72,True,True,,,72,49318.8,10.8255124754741,1.00408769524949,50493.0932607046,-1174.29326070458,1174.29326070458,1378964.6621362,2448.76323529412,0.479545447178987
ETS,2,2011Q4,2012Q2,1994Q1,2011Q4,72,True,True,,,72,48902.8,10.8036731059772,1.00408769524949,49402.3103004639,-499.510300463946,499.510300463946,249510.540269582,2448.76323529412,0.203984727173491
ETS,1,2012Q1,2012Q2,1994Q1,2012Q1,73,True,True,,,73,48902.8,10.7914294560768,1.00406911840583,48800.2306376045,102.569362395552,102.569362395552,10520.4741022301,2505.98405797101,0.0409297745008793
ETS,2,2012Q1,2012Q3,1994Q1,2012Q1,73,True,True,,,73,51200.4,10.8226932716122,1.00406911840583,50350.0118523492,850.388147650825,850.388147650825,723160.001665001,2505.98405797101,0.339342999787216
ETS,1,2012Q2,2012Q3,1994Q1,2012Q2,74,True,True,,,74,51200.4,10.826648328904,1.00400886176115,50546.5097512397,653.890248760254,653.890248760254,427572.457423746,2555.78285714286,0.255847341229625
ETS,2,2012Q2,2012Q4,1994Q1,2012Q2,74,True,True,,,74,57744.7,10.963884079698,1.00400886176115,57981.8278429897,-237.127842989677,237.127842989677,56229.6139209371,2555.78285714286,0.0927809036385688
ETS,1,2012Q3,2012Q4,1994Q1,2012Q3,75,True,True,,,75,57744.7,10.9734678376339,1.00395745196802,58537.18542007,-792.48542007005,792.48542007005,628033.141023604,2607.42394366197,0.303934242069225
ETS,2,2012Q3,2013Q1,1994Q1,2012Q3,75,True,True,,,75,55451,10.9517316900426,1.00395745196802,57278.5411119723,-1827.54111197231,1827.54111197231,3339906.51594897,2607.42394366197,0.700899106343878
ETS,1,2012Q4,2013Q1,1994Q1,2012Q4,76,True,True,,,76,55451,10.945946595714,1.00389904924926,56944.8231668723,-1493.8231668723,1493.8231668723,2231507.65388439,2673.01111111111,0.558854080577074
ETS,2,2012Q4,2013Q2,1994Q1,2012Q4,76,True,True,,,76,55313.3,10.9255489663804,1.00389904924926,55795.0499598866,-481.74995988662,481.74995988662,232083.02385076,2673.01111111111,0.180227443830702
ETS,1,2013Q1,2013Q2,1994Q1,2013Q1,77,True,True,,,77,55313.3,10.9118206928592,1.00386361988527,55032.3717384855,280.928261514535,280.928261514535,78920.6881175789,2720.39726027397,0.10326736672505
ETS,2,2013Q1,2013Q3,1994Q1,2013Q1,77,True,True,,,77,58052.7,10.9411008683395,1.00386361988527,56667.5515944338,1385.14840556615,1385.14840556615,1918636.10544245,2720.39726027397,0.509171372061539
ETS,1,2013Q2,2013Q3,1994Q1,2013Q2,78,True,True,,,78,58052.7,10.9466663689547,1.00382126610566,56981.4099600498,1071.29003995017,1071.29003995017,1147662.34969645,2770.26351351351,0.386710518593035
ETS,2,2013Q2,2013Q4,1994Q1,2013Q2,78,True,True,,,78,65563,11.072420061093,1.00382126610566,64617.0795863637,945.920413636311,945.920413636311,894765.428933891,2770.26351351351,0.341455030910256
ETS,1,2013Q3,2013Q4,1994Q1,2013Q3,79,True,True,,,79,65563,11.0848196009005,1.00380825908127,65422.4419012793,140.558098720707,140.558098720707,19756.5791159799,2824.69066666667,0.0497605278975822
ETS,2,2013Q3,2014Q1,1994Q1,2013Q3,79,True,True,,,79,62081.2,11.0572984852625,1.00380825908127,63646.4934460722,-1565.2934460722,1565.2934460722,2450143.57231659,2824.69066666667,0.554146853863952
ETS,1,2013Q4,2014Q1,1994Q1,2013Q4,80,True,True,,,80,62081.2,11.0608913529188,1.00377333870455,63873.3560659802,-1792.15606598016,1792.15606598016,3211823.36482949,2890.39605263158,0.620038234673232
ETS,2,2013Q4,2014Q2,1994Q1,2013Q4,80,True,True,,,80,62117.5,11.0462678720906,1.00377333870455,62946.101635901,-828.601635900959,828.601635900959,686580.671017746,2890.39605263158,0.286674082310123
ETS,1,2014Q1,2014Q2,1994Q1,2014Q1,81,True,True,,,81,62117.5,11.0320221201261,1.00370788314898,62051.6974250996,65.8025749003573,65.8025749003573,4329.97886351713,2938.96493506493,0.0223897107839782
ETS,2,2014Q1,2014Q3,1994Q1,2014Q1,81,True,True,,,81,64952.1,11.0634714565159,1.00370788314898,64034.1928151856,917.90718481443,917.90718481443,842553.599933953,2938.96493506493,0.312323285610806
ETS,1,2014Q2,2014Q3,1994Q1,2014Q2,82,True,True,,,82,64952.1,11.0663352892471,1.00367154701475,64215.5140648682,736.585935131792,736.585935131792,542558.839833977,2988.51923076923,0.246471873946148
ETS,2,2014Q2,2014Q4,1994Q1,2014Q2,82,True,True,,,82,73243.3,11.1857323182454,1.00367154701475,72359.1463071601,884.1536928399,884.1536928399,781727.752562432,2988.51923076923,0.295850093162132
ETS,1,2014Q3,2014Q4,1994Q1,2014Q3,83,True,True,,,83,73243.3,11.1940132547153,1.00366440190341,72960.3162316934,282.983768306556,282.983768306556,80079.8131249787,3038.02405063291,0.0931473100904524
ETS,2,2014Q3,2015Q1,1994Q1,2014Q3,83,True,True,,,83,70715.3,11.1567291742883,1.00366440190341,70290.1446891508,425.155310849179,425.155310849179,180757.038343262,3038.02405063291,0.139944682386766
ETS,1,2014Q4,2015Q1,1994Q1,2014Q4,84,True,True,,,84,70715.3,11.1611843618655,1.00364479649661,70602.6199232402,112.680076759789,112.680076759789,12696.7996985919,3096.0525,0.0363947564712771
ETS,2,2014Q4,2015Q2,1994Q1,2014Q4,84,True,True,,,84,70861.8,11.1508922254047,1.00364479649661,69879.6947283765,982.10527162347,982.10527162347,964530.76455061,3096.0525,0.317212085913747
ETS,1,2015Q1,2015Q2,1994Q1,2015Q1,85,True,True,,,85,70861.8,11.1538414346278,1.00361482595486,70083.9958786925,777.804121307505,777.804121307505,604979.25112294,3164.42345679012,0.245796471909762
ETS,2,2015Q1,2015Q3,1994Q1,2015Q1,85,True,True,,,85,74502.8,11.189168579662,1.00361482595486,72604.1155945163,1898.68440548371,1898.68440548371,3605002.47162704,3164.42345679012,0.60000958512982
ETS,1,2015Q2,2015Q3,1994Q1,2015Q2,86,True,True,,,86,74502.8,11.1978996565854,1.00359456818495,73239.3248007509,1263.47519924906,1263.47519924906,1596369.57911746,3232.47073170732,0.390869803353711
ETS,2,2015Q2,2015Q4,1994Q1,2015Q2,86,True,True,,,86,84850.9,11.3178346147594,1.00359456818495,82571.7373334164,2279.16266658355,2279.16266658355,5194582.46074824,3232.47073170732,0.70508377515293
ETS,1,2015Q3,2015Q4,1994Q1,2015Q3,87,True,True,,,87,84850.9,11.3295356916933,1.00359172532057,83543.3537071733,1307.54629282671,1307.54629282671,1709677.30788487,3308.59397590361,0.395196963528776
ETS,2,2015Q3,2016Q1,1994Q1,2015Q3,87,True,True,,,87,78024.4,11.2951020125545,1.00359172532057,80715.6128262442,-2691.21282624424,2691.21282624424,7242626.47614152,3308.59397590361,0.813400751450393
ETS,1,2015Q4,2016Q1,1994Q1,2015Q4,88,True,True,,,88,78024.4,11.3064364689663,1.00360096446928,81636.4363743643,-3612.03637436431,3612.03637436431,13046806.7697309,3407.39166666667,1.06005905035796
ETS,2,2015Q4,2016Q2,1994Q1,2015Q4,88,True,True,,,88,78113.9,11.303630197282,1.00360096446928,81407.6635041139,-3293.76350411393,3293.76350411393,10848878.0210329,3407.39166666667,0.966652450417038
ETS,1,2016Q1,2016Q2,1994Q1,2016Q1,89,True,True,,,89,78113.9,11.2797980673637,1.00350141337321,79482.5965264376,-1368.69652643759,1368.69652643759,1873330.18148233,3453.29411764706,0.396345193837752
ETS,2,2016Q1,2016Q3,1994Q1,2016Q1,89,True,True,,,89,82343.5,11.316204147116,1.00350141337321,82429.5645651445,-86.0645651444647,86.0645651444647,7407.10937350581,3453.29411764706,0.0249224543906228
ETS,1,2016Q2,2016Q3,1994Q1,2016Q2,90,True,True,,,90,82343.5,11.3080842507733,1.0034274150169,81756.9258942391,586.574105760898,586.574105760898,344069.181549197,3497.46627906977,0.167714013218995
ETS,2,2016Q2,2016Q4,1994Q1,2016Q2,90,True,True,,,90,93834.2,11.4224202854494,1.0034274150169,91660.0441987108,2174.15580128916,2174.15580128916,4726953.44827932,3497.46627906977,0.621637387699826
ETS,1,2016Q3,2016Q4,1994Q1,2016Q3,91,True,True,,,91,93834.2,11.4285249828256,1.00342191948765,92220.8073996162,1613.39260038378,1613.39260038378,2603035.68297315,3547.38850574713,0.454811362716524
ETS,2,2016Q3,2017Q1,1994Q1,2016Q3,91,True,True,,,91,85823.4,11.3736273672498,1.00342191948765,87294.5616819255,-1471.16168192554,1471.16168192554,2164316.69436599,3547.38850574713,0.414716820427792
ETS,1,2016Q4,2017Q1,1994Q1,2016Q4,92,True,True,,,92,85823.4,11.3855184635197,1.00345404067197,88341.6137695051,-2518.21376950509,2518.21376950509,6341400.58892504,3609.16022727273,0.697728449536857
ETS,2,2016Q4,2017Q2,1994Q1,2016Q4,92,True,True,,,92,86545.3,11.3836094828954,1.00345404067197,88173.1322056857,-1627.83220568574,1627.83220568574,2649837.68986771,3609.16022727273,0.451027968607484
ETS,1,2017Q1,2017Q2,1994Q1,2017Q1,93,True,True,,,93,86545.3,11.369308899629,1.00335432517506,86912.5406052634,-367.240605263389,367.240605263389,134865.66215422,3656.23707865169,0.100442229911091
ETS,2,2017Q1,2017Q3,1994Q1,2017Q1,93,True,True,,,93,90809.7,11.4085587937633,1.00335432517506,90391.6799088795,418.020091120532,418.020091120532,174740.796580418,3656.23707865169,0.114330685381782
ETS,1,2017Q2,2017Q3,1994Q1,2017Q2,94,True,True,,,94,90809.7,11.4080574928686,1.00331624506972,90342.9489368581,466.751063141914,466.751063141914,217856.554944107,3709.29444444444,0.125832842372755
ETS,2,2017Q2,2017Q4,1994Q1,2017Q2,94,True,True,,,94,103083.2,11.5231698834382,1.00331624506972,101364.746485603,1718.45351439712,1718.45351439712,2953082.4811438,3709.29444444444,0.463283123013033
ETS,1,2017Q3,2017Q4,1994Q1,2017Q3,95,True,True,,,95,103083.2,11.5280056534855,1.0033025381837,101854.718678444,1228.48132155639,1228.48132155639,1509166.35741294,3761.56813186813,0.326587550322074
ETS,2,2017Q3,2018Q1,1994Q1,2017Q3,95,True,True,,,95,90275.4,11.459201783763,1.0033025381837,95082.3731380202,-4806.97313802018,4806.97313802018,23106990.7496476,3761.56813186813,1.27791733912656
ETS,1,2017Q4,2018Q1,1994Q1,2017Q4,96,True,True,,,96,90275.4,11.4676210449654,1.00331636319134,95887.597123032,-5612.19712303201,5612.19712303201,31496756.5477687,3821.21413043478,1.46869474765431
ETS,2,2017Q4,2018Q2,1994Q1,2017Q4,96,True,True,,,96,89742.5,11.4696333543762,1.00331636319134,96080.746910492,-6338.24691049196,6338.24691049196,40173373.8983609,3821.21413043478,1.65869974676629
ETS,1,2018Q1,2018Q2,1994Q1,2018Q1,97,True,True,,,97,89742.5,11.4377458428266,1.00310489403358,93045.6885872478,-3303.18858724776,3303.18858724776,10911054.8429238,3827.99677419355,0.86290265695003
ETS,2,2018Q1,2018Q3,1994Q1,2018Q1,97,True,True,,,97,94281.4,11.4740664888335,1.00310489403358,96487.2903695319,-2205.89036953187,2205.89036953187,4865952.32239346,3827.99677419355,0.576251888299094
ETS,1,2018Q2,2018Q3,1994Q1,2018Q2,98,True,True,,,98,94281.4,11.455284815967,1.00293913566082,94676.3621977995,-394.962197799527,394.962197799527,155995.137690632,3821.28617021277,0.103358445352324
ETS,2,2018Q2,2018Q4,1994Q1,2018Q2,98,True,True,,,98,106687.6,11.5621373392465,1.00293913566082,105353.028314569,1334.57168543051,1334.57168543051,1781081.58355282,3821.28617021277,0.349246726359727
ETS,1,2018Q3,2018Q4,1994Q1,2018Q3,99,True,True,,,99,106687.6,11.5614021605909,1.00290345405564,105271.858086582,1415.74191341817,1415.74191341817,2004325.16540894,3817.60631578947,0.370845445105933
ETS,2,2018Q3,2019Q1,1994Q1,2018Q3,99,True,True,,,99,97789.7,11.4606053918554,1.00290345405564,95178.0511479907,2611.64885200925,2611.64885200925,6820709.72620125,3817.60631578947,0.684106383942098
ETS,1,2018Q4,2019Q1,1994Q1,2018Q4,100,True,True,,,100,97789.7,11.4696014666491,1.002954508641,96043.0319319297,1746.66806807031,1746.66806807031,3050849.34001648,3815.38541666667,0.4577959700848
ETS,2,2018Q4,2019Q2,1994Q1,2018Q4,100,True,True,,,100,97420,11.4677192319253,1.002954508641,95862.4264265442,1557.57357345581,1557.57357345581,2426035.43672791,3815.38541666667,0.408234923437065
ETS,1,2019Q1,2019Q2,1994Q1,2019Q1,101,True,True,,,101,97420,11.4797017122466,1.00303561542507,97025.8512290152,394.148770984844,394.148770984844,155353.253668863,3853.51855670103,0.102282826768654
ETS,2,2019Q1,2019Q3,1994Q1,2019Q1,101,True,True,,,101,101464.5,11.5229603600555,1.00303561542507,101315.164434766,149.335565233923,149.335565233923,22301.1110437353,3853.51855670103,0.0387530416777773
ETS,1,2019Q2,2019Q3,1994Q1,2019Q2,102,True,True,,,102,101464.5,11.5271355213326,1.00302956310556,101738.441984168,-273.94198416821,273.94198416821,75044.2106900159,3892.5387755102,0.0703761734864938
ETS,2,2019Q2,2019Q4,1994Q1,2019Q2,102,True,True,,,102,114974.8,11.6423704535571,1.00302956310556,114164.473405385,810.326594615224,810.326594615224,656629.189940706,3892.5387755102,0.208174315362861
ETS,1,2019Q3,2019Q4,1994Q1,2019Q3,103,True,True,,,103,114974.8,11.6425623338167,1.0030012867576,114183.162394349,791.63760565134,791.63760565134,626690.098681386,3925.77676767677,0.201651202424284
ETS,2,2019Q3,2020Q1,1994Q1,2019Q3,103,True,True,,,103,78579.7,11.5474973104572,1.0030012867576,103828.325967346,-25248.6259673461,25248.6259673461,637493113.238944,3925.77676767677,6.43149813693761
ETS,1,2019Q4,2020Q1,1994Q1,2019Q4,104,True,True,,,104,78579.7,11.5529091591165,1.00301854016199,104393.548091726,-25813.8480917265,25813.8480917265,666354753.302732,3969.391,6.50322633666638
ETS,2,2019Q4,2020Q2,1994Q1,2019Q4,104,True,True,,,104,93676.5,11.5505812452857,1.00301854016199,104150.81155177,-10474.3115517695,10474.3115517695,109711202.483532,3969.391,2.63877041888025
ETS,1,2020Q1,2020Q2,1994Q1,2020Q1,105,True,True,,,105,93676.5,11.384620931803,1.00177669733612,88114.8232574299,5561.67674257005,5561.67674257005,30932248.1888446,4120.28811881188,1.34982714368378
ETS,2,2020Q1,2020Q3,1994Q1,2020Q1,105,True,True,,,105,101067.8,11.3960467960053,1.00177669733612,89127.3849424968,11940.4150575032,11940.4150575032,142573511.745448,4120.28811881188,2.89795633538032
ETS,1,2020Q2,2020Q3,1994Q1,2020Q2,106,True,True,,,106,101067.8,11.4410368696125,1.00224428698742,93272.317809624,7795.48219037596,7795.48219037596,60769542.5804688,4116.59411764706,1.89367277112849
ETS,2,2020Q2,2020Q4,1994Q1,2020Q2,106,True,True,,,106,118656.6,11.5337366912068,1.00224428698742,102332.077265141,16324.522734859,16324.522734859,266490042.52093,4116.59411764706,3.96554099537744
ETS,1,2020Q3,2020Q4,1994Q1,2020Q3,107,True,True,,,107,118656.6,11.5749126394102,1.00290342064815,106703.778952362,11952.8210476376,11952.8210476376,142869930.996849,4080.4786407767,2.929269357813
ETS,2,2020Q3,2021Q1,1994Q1,2020Q3,107,True,True,,,107,105220.8,11.3729922079453,1.00290342064815,87194.0542013939,18026.7457986061,18026.7457986061,324963564.087562,4080.4786407767,4.41780177905178
ETS,1,2020Q4,2021Q1,1994Q1,2020Q4,108,True,True,,,108,105220.8,11.4258131705215,1.00354528801959,91982.3683065029,13238.4316934971,13238.4316934971,175256073.70339,4076.64519230769,3.24738383376533
ETS,2,2020Q4,2021Q2,1994Q1,2020Q4,108,True,True,,,108,106683.5,11.5159383186751,1.00354528801959,100657.338247085,6026.1617529145,6026.1617529145,36314625.4722896,4076.64519230769,1.47821590269504
ETS,1,2021Q1,2021Q2,1994Q1,2021Q1,109,True,True,,,109,106683.5,11.6132577989383,1.00425483485386,111024.214769173,-4340.71476917264,4340.71476917264,18841804.7073135,4291.54476190476,1.01145741451991
ETS,2,2021Q1,2021Q3,1994Q1,2021Q1,109,True,True,,,109,106152.9,11.6631681781798,1.00425483485386,116706.088227829,-10553.1882278286,10553.1882278286,111369781.77198,4291.54476190476,2.45906516495115
ETS,1,2021Q2,2021Q3,1994Q1,2021Q2,110,True,True,,,110,106152.9,11.6385572052012,1.00378332666357,113815.431462425,-7662.53146242537,7662.53146242537,58714388.4126586,4373.76603773585,1.75192989206894
ETS,2,2021Q2,2021Q4,1994Q1,2021Q2,110,True,True,,,110,122766,11.7610185635597,1.00378332666357,128642.787276941,-5876.78727694125,5876.78727694125,34536628.6984186,4373.76603773585,1.34364463627859
ETS,1,2021Q3,2021Q4,1994Q1,2021Q3,111,True,True,,,111,122766,11.7240590341609,1.0035583863004,123947.219450969,-1181.21945096867,1181.21945096867,1395279.39134672,4380.41401869159,0.269659316660093
ETS,2,2021Q3,2022Q1,1994Q1,2021Q3,111,True,True,,,111,108659.1,11.5588650980146,1.0035583863004,105073.687449551,3585.41255044924,3585.41255044924,12855183.1569189,4380.41401869159,0.818509970781298
ETS,1,2021Q4,2022Q1,1994Q1,2021Q4,112,True,True,,,112,108659.1,11.5555904091134,1.00347653371913,104721.624541829,3937.47545817094,3937.47545817094,15503712.9836985,4377.90462962963,0.899397266793373
ETS,2,2021Q4,2022Q2,1994Q1,2021Q4,112,True,True,,,112,101772.6,11.6009102120916,1.00347653371913,109576.774181553,-7804.17418155323,7804.17418155323,60905134.656022,4377.90462962963,1.78262772759704
ETS,1,2022Q1,2022Q2,1994Q1,2022Q1,113,True,True,,,113,101772.6,11.6217536795423,1.00388071040858,111929.767693495,-10157.1676934952,10157.1676934952,103168055.553783,4369.28440366972,2.32467533698752
ETS,2,2022Q1,2022Q3,1994Q1,2022Q1,113,True,True,,,113,109872.9,11.6566153759329,1.00388071040858,115900.642838995,-6027.74283899483,6027.74283899483,36333683.7330535,4369.28440366972,1.37957209513123
ETS,1,2022Q2,2022Q3,1994Q1,2022Q2,114,True,True,,,114,109872.9,11.6110427902978,1.00344622693711,110689.370421764,-816.470421763719,816.470421763719,666623.949615025,4374.20818181818,0.186655592927071
ETS,2,2022Q2,2022Q4,1994Q1,2022Q2,114,True,True,,,114,119427.9,11.7355876519553,1.00344622693711,125370.414994212,-5942.51499421243,5942.51499421243,35313484.4564395,4374.20818181818,1.35853501872935
ETS,1,2022Q3,2022Q4,1994Q1,2022Q3,115,True,True,,,115,119427.9,11.7335410450453,1.00338564417792,125106.539695648,-5678.639695648,5678.639695648,32246948.7929892,4368.31441441441,1.29996130244422
ETS,2,2022Q3,2023Q1,1994Q1,2022Q3,115,True,True,,,115,114922.4,11.5774177949555,1.00338564417792,107022.858422314,7899.54157768644,7899.54157768644,62402757.1375968,4368.31441441441,1.80837293936989
ETS,1,2022Q4,2023Q1,1994Q1,2022Q4,116,True,True,,,116,114922.4,11.5559380454377,1.00310531779815,104719.282786808,10203.1172131918,10203.1172131918,104103600.86613,4359.11607142857,2.34063903002427
ETS,2,2022Q4,2023Q2,1994Q1,2022Q4,116,True,True,,,116,112665.2,11.5621066587294,1.00310531779815,105367.252027645,7297.94797235474,7297.94797235474,53260044.6071967,4359.11607142857,1.67418069461111
ETS,1,2023Q1,2023Q2,1994Q1,2023Q1,117,True,True,,,117,112665.2,11.6099178496938,1.00391795416529,110616.898824667,2048.30117533277,2048.30117533277,4195537.70486962,4375.96725663717,0.46807963935883
ETS,2,2023Q1,2023Q3,1994Q1,2023Q1,117,True,True,,,117,114519.4,11.6555189871668,1.00391795416529,115777.935487953,-1258.53548795315,1258.53548795315,1583911.57443748,4375.96725663717,0.287601669332487
ETS,1,2023Q2,2023Q3,1994Q1,2023Q2,118,True,True,,,118,114519.4,11.6661415474035,1.00398450552851,117022.105966006,-2502.70596600609,2502.70596600609,6263537.15228248,4433.13070175439,0.564545946054706
ETS,2,2023Q2,2023Q4,1994Q1,2023Q2,118,True,True,,,118,129388.2,11.7852302156879,1.00398450552851,131821.867835546,-2433.6678355465,2433.6678355465,5922739.13377357,4433.13070175439,0.548972723629237
ETS,1,2023Q3,2023Q4,1994Q1,2023Q3,119,True,True,,,119,129388.2,11.7766040217169,1.00389697118378,130678.242844485,-1290.04284448463,1290.04284448463,1664210.540606,4434.98608695652,0.29087866775472
ETS,2,2023Q3,2024Q1,1994Q1,2023Q3,119,True,True,,,119,120326.8,11.6562064388675,1.00389697118378,115855.133041209,4471.66695879081,4471.66695879081,19995805.3903415,4434.98608695652,1.00827079749859
ETS,1,2023Q4,2024Q1,1994Q1,2023Q4,120,True,True,,,120,120326.8,11.6534465804753,1.00383570622767,115528.779277418,4798.02072258161,4798.02072258161,23021002.8543226,4482.61810344828,1.07036125136128
ETS,2,2023Q4,2024Q2,1994Q1,2023Q4,120,True,True,,,120,115642.2,11.6524537359089,1.00383570622767,115414.134078497,228.065921503046,228.065921503046,52014.0645510337,4482.61810344828,0.0508778388521667
ETS,1,2024Q1,2024Q2,1994Q1,2024Q1,121,True,True,,,121,115642.2,11.672984973607,1.00409310120577,117838.429170917,-2196.22917091724,2196.22917091724,4823422.57118784,4490.49658119658,0.489083808706968
ETS,2,2024Q1,2024Q3,1994Q1,2024Q1,121,True,True,,,121,117595,11.7130941656737,1.00409310120577,122660.899560919,-5065.89956091878,5065.89956091878,25663338.3613171,4490.49658119658,1.12813793960597
ETS,1,2024Q2,2024Q3,1994Q1,2024Q2,122,True,True,,,122,117595,11.7063306095296,1.00398354597529,121820.781819335,-4225.7818193351,4225.7818193351,17857231.984623,4477.67033898305,0.943745630969081
ETS,2,2024Q2,2024Q4,1994Q1,2024Q2,122,True,True,,,122,134330.8,11.8268988505513,1.00398354597529,137430.619490047,-3099.81949004685,3099.81949004685,9608880.87087432,4477.67033898305,0.692283990417854
ETS,1,2024Q3,2024Q4,1994Q1,2024Q3,123,True,True,,,123,134330.8,11.8125910635745,1.00379198142765,135452.441650599,-1121.64165059946,1121.64165059946,1258079.99235947,4465.88823529412,0.251157573029945
ETS,2,2024Q3,2025Q1,1994Q1,2024Q3,123,True,True,,,123,124671.1,11.7000174929014,1.00379198142765,121031.037855879,3640.06214412139,3640.06214412139,13250052.4130656,4465.88823529412,0.815081334851556
ETS,1,2024Q4,2025Q1,1994Q1,2024Q4,124,True,True,,,124,124671.1,11.6979293865714,1.00373446291314,120771.655094216,3899.44490578389,3899.44490578389,15205670.573244,4469.86083333333,0.872386199745718
ETS,2,2024Q4,2025Q2,1994Q1,2024Q4,124,True,True,,,124,120787.3,11.6848759551592,1.00373446291314,119205.415219794,1581.88478020621,1581.88478020621,2502359.45784804,4469.86083333333,0.353900230720727
ETS,1,2025Q1,2025Q2,1994Q1,2025Q1,125,True,True,,,125,120787.3,11.7007714460931,1.00392408517021,121138.264268691,-350.964268690688,350.964268690688,123175.91789759,4468.82314049587,0.078536173318272
ETS,2,2025Q1,2025Q3,1994Q1,2025Q1,125,True,True,,,125,120418.8,11.7356927416766,1.00392408517021,125443.300636116,-5024.50063611589,5024.50063611589,25245606.642329,4468.82314049587,1.12434537643357
ETS,1,2025Q2,2025Q3,1994Q1,2025Q2,126,True,True,,,126,120418.8,11.7361570030546,1.00389914478469,125498.434814256,-5079.6348142558,5079.6348142558,25802689.8461995,4474.36639344262,1.13527466630811
ETS,2,2025Q2,2025Q4,1994Q1,2025Q2,126,True,True,,,126,135325.2,11.8608108710753,1.00389914478469,142159.142929732,-6833.94292973171,6833.94292973171,46702775.96683,4474.36639344262,1.52735433999038
ETS,1,2025Q3,2025Q4,1994Q1,2025Q3,127,True,True,,,127,135325.2,11.8441330921653,1.00367803871907,139777.11307082,-4451.91307082042,4451.91307082042,19819529.9901417,4460.94715447155,0.997974850779823
ETS,2,2025Q3,2026Q1,1994Q1,2025Q3,127,True,True,,,127,127694.9,11.7378839108286,1.00367803871907,125687.657811834,2007.24218816587,2007.24218816587,4029021.2019529,4460.94715447155,0.449958746127233
ETS,1,2025Q4,2026Q1,1994Q1,2025Q4,128,True,True,,,128,127694.9,11.7246547707768,1.00349695480068,124013.489560457,3681.41043954254,3681.41043954254,13552782.8243728,4432.99112903226,0.83045743435679
ETS,2,2025Q4,2026Q2,1994Q1,2025Q4,128,True,True,,,128,121027.2,11.7020020526988,1.00349695480068,121235.826530129,-208.626530129011,208.626530129011,43525.0290736713,4432.99112903226,0.0470622485036543
ETS,1,2026Q1,2026Q2,1994Q1,2026Q1,129,True,True,,,129,121027.2,11.7162249467037,1.00365156533066,122991.418208185,-1964.21820818454,1964.21820818454,3858153.16936368,4421.7176,0.444220636836812
