model,horizon,origin,target,p,d,q,P,D,Q,seasonal_period,training_start,training_end,n_train,cny_training_center,target_is_q1,target_cny_position_fraction,target_cny_regressor,cny_beta,cny_beta_se,cny_beta_pvalue,converged,fit_attempt_count,same_protocol_retry_count,actual,forecast_log_mean,forecast_log_variance,forecast_level_median,forecast,error,absolute_error,squared_error,mase_scale,scaled_absolute_error
SARIMA+CNY,1,2004Q4,2005Q1,1,1,0,1,0,0,4,1994Q1,2004Q4,44,0.383682983682909,1,0.433333333333,0.0496503496500909,-0.017272328415474,0.0307451091207063,0.574258362308785,True,2,1,15112.2,9.62218033276942,0.000367054610583386,15095.9282295753,15098.6989988523,13.5010011477061,13.5010011477061,182.277031990362,942.135,0.0143302192867329
SARIMA+CNY,1,2005Q1,2005Q2,0,1,0,1,0,0,4,1994Q1,2005Q1,45,0.387820512820417,0,0.433333333333,0,-0.016876210085309,0.0316870776749535,0.594317657853948,True,1,0,14497.5,9.59451063633412,0.000361332084179442,14683.9543580492,14686.6074896234,-189.107489623415,189.107489623415,35761.64263167,974.80487804878,0.193995222922912
SARIMA+CNY,1,2005Q2,2005Q3,1,1,0,1,0,0,4,1994Q1,2005Q2,46,0.387820512820417,0,0.433333333333,0,-0.0120166497819642,0.0293793358556525,0.682527136341894,True,1,0,15470.9,9.64006018068932,0.000353013590980941,15368.2685772175,15370.9814204669,99.9185795331305,99.9185795331305,9983.72253591852,1001.09285714286,0.099809502005938
SARIMA+CNY,1,2005Q3,2005Q4,0,1,0,1,0,0,4,1994Q1,2005Q3,47,0.387820512820417,0,0.433333333333,0,-0.0120310320418571,0.0302978375350917,0.691299542675752,True,1,0,22096,9.80641483621879,0.0003481271798112,18149.8002880419,18152.9597824046,3943.04021759544,3943.04021759544,15547566.1575751,1030.86511627907,3.82498171228059
SARIMA+CNY,1,2005Q4,2006Q1,0,1,0,1,0,0,4,1994Q1,2005Q4,48,0.387820512820417,1,0.311111111111,-0.0767094017094166,-0.0120067219128301,0.104333412420121,0.90838146299135,True,1,0,18440.2,9.97927407688757,0.00120958761990144,21574.6453301081,21587.6974885901,-3147.49748859013,3147.49748859013,9906740.44068119,1157.08863636364,2.72018701910487
SARIMA+CNY,1,2006Q1,2006Q2,1,1,0,1,0,0,4,1994Q1,2006Q1,49,0.381919789612,0,0.311111111111,0,0.0052772445330877,0.139930411039622,0.969916232003139,True,1,0,18008,9.85576493503123,0.00139479037503723,19067.9641275295,19081.2666719739,-1073.26667197389,1073.26667197389,1151901.34916991,1205.33111111111,0.890433061986195
SARIMA+CNY,1,2006Q2,2006Q3,0,1,1,1,0,0,4,1994Q1,2006Q2,50,0.381919789612,0,0.311111111111,0,-0.002868615468777,0.136138146874875,0.983188733771788,True,1,0,18643.2,9.86668714483368,0.00141838246908127,19277.3699375861,19291.0461283149,-647.846128314904,647.846128314904,419704.605972612,1255.44347826087,0.516029705464994
SARIMA+CNY,1,2006Q3,2006Q4,1,1,0,1,0,0,4,1994Q1,2006Q3,51,0.381919789612,0,0.311111111111,0,0.000701167120786167,0.141972211756619,0.996059453191512,True,1,0,21318.6,10.1899765562909,0.00140537821424287,26634.8704727059,26653.5930833736,-5334.99308337362,5334.99308337362,28462151.1996444,1296.22765957447,4.11578401677141
SARIMA+CNY,1,2006Q4,2007Q1,0,1,0,1,0,1,4,1994Q1,2006Q4,52,0.381919789612,1,0.533333333333,0.151413543721,-0.0254851137087378,0.109255783278681,0.815558737650204,True,1,0,21187.8,9.88765256688686,0.00166428460212485,19685.7945717109,19702.1827718156,1485.61722818438,1485.61722818438,2207058.54867824,1285.41875,1.15574572736268
SARIMA+CNY,1,2007Q1,2007Q2,1,1,0,1,0,1,4,1994Q1,2007Q1,53,0.392735042734929,0,0.533333333333,0,0.0128208102260199,0.114785312215469,0.911066178040992,True,1,0,20856,9.90193562366846,0.00166201506228577,19968.9854950242,19985.5867692964,870.413230703565,870.413230703565,757619.192183818,1315.25918367347,0.661780766489334
SARIMA+CNY,1,2007Q2,2007Q3,1,1,0,1,0,1,4,1994Q1,2007Q2,54,0.392735042734929,0,0.533333333333,0,-0.00992653512394597,0.108204680047523,0.926905807162444,True,2,1,21783.2,9.98344834177615,0.0016432849418901,21664.8918399704,21682.6999501825,100.500049817529,100.500049817529,10100.2600133257,1345.914,0.0746704840112583
SARIMA+CNY,1,2007Q3,2007Q4,1,1,0,1,0,1,4,1994Q1,2007Q3,55,0.392735042734929,0,0.533333333333,0,-0.010986155775031,0.106078710637448,0.91751371052557,True,1,0,25383,10.186883400578,0.00160892683388939,26552.6119557265,26573.9811548863,-1190.9811548863,1190.9811548863,1418436.1112943,1381.09215686275,0.862347345155949
SARIMA+CNY,1,2007Q4,2008Q1,1,1,0,1,0,1,4,1994Q1,2007Q4,56,0.392735042734929,1,0.406593406593,0.0138583638580714,-0.0118315365505091,0.106832971075211,0.911816191443147,True,1,0,25555.2,10.0847937219581,0.00161689386477961,23975.6430710238,23995.0339433061,1560.16605669394,1560.16605669394,2434118.1244599,1432.69423076923,1.0889735040367
SARIMA+CNY,1,2008Q1,2008Q2,1,1,0,1,0,1,4,1994Q1,2008Q1,57,0.3936589336588,0,0.406593406593,0,-0.00622937145185987,0.112396631542134,0.95580138091461,True,1,0,25487.5,10.0957181831115,0.00168415224339878,24238.999949211,24259.4196285377,1228.0803714623,1228.0803714623,1508181.39877098,1488.06603773585,0.825286203917987
SARIMA+CNY,1,2008Q2,2008Q3,1,1,0,1,0,1,4,1994Q1,2008Q2,58,0.3936589336588,0,0.406593406593,0,-0.00229093429709999,0.111123091849486,0.983551828888886,True,1,0,26843,10.1826453702652,0.00172154470273568,26440.3192992901,26463.0881931156,379.911806884447,379.911806884447,144332.981010206,1546.27777777778,0.245694410373299
SARIMA+CNY,1,2008Q3,2008Q4,1,1,0,1,0,1,4,1994Q1,2008Q3,59,0.3936589336588,0,0.406593406593,0,-0.00341571698525723,0.107943399571878,0.974756278726803,True,1,0,30602,10.3851585819286,0.0016742290905623,32375.5433518133,32402.6567369857,-1800.65673698572,1800.65673698572,3242364.68445207,1610.16,1.11830919721377
SARIMA+CNY,1,2008Q4,2009Q1,1,1,0,1,0,1,4,1994Q1,2008Q4,60,0.3936589336588,1,0.277777777778,-0.1158811558808,0.00447342567572925,0.113384054856392,0.968528630300745,True,1,0,29398,10.2992555116337,0.00174701063745651,29710.4915018563,29736.4551122302,-338.455112230207,338.455112230207,114551.862994762,1674.60357142857,0.202110587845861
SARIMA+CNY,1,2009Q1,2009Q2,1,1,0,1,0,1,4,1994Q1,2009Q1,61,0.38641636141625,0,0.277777777778,0,0.00801905609255038,0.109268414563455,0.941496888115927,True,1,0,29313.2,10.2641498585073,0.00170260811804824,28685.5806324817,28710.0111811468,603.188818853236,603.188818853236,363836.751189562,1712.64210526316,0.352197821716261
SARIMA+CNY,1,2009Q2,2009Q3,1,1,0,1,0,1,4,1994Q1,2009Q2,62,0.38641636141625,0,0.277777777778,0,0.0169603559234359,0.108397837472166,0.875667317687799,True,1,0,30964.9,10.3281355740707,0.00170122213589446,30581.0426302642,30607.0662700238,357.833729976239,357.833729976239,128044.978308708,1749.07413793103,0.204584655513527
SARIMA+CNY,1,2009Q3,2009Q4,1,1,0,1,0,1,4,1994Q1,2009Q3,63,0.38641636141625,0,0.277777777778,0,0.0186755799357939,0.106435426019657,0.860715097498053,True,1,0,35666.6,10.5043744030907,0.00167434472677783,36474.7092844574,36505.2576883885,-838.657688388528,838.657688388528,703346.71829319,1789.29152542373,0.468709361483128
SARIMA+CNY,1,2009Q4,2010Q1,1,1,0,1,0,1,4,1994Q1,2009Q4,64,0.38641636141625,1,0.488888888889,0.10247252747275,0.0203983599677073,0.106507391089735,0.848117738944891,True,1,0,36374,10.4515670064873,0.00166300726373709,34598.5484027245,34627.3291853831,1746.67081461687,1746.67081461687,3050858.93463435,1843.88,0.947280091229835
SARIMA+CNY,1,2010Q1,2010Q2,1,1,0,1,0,1,4,1994Q1,2010Q1,65,0.392444157149941,0,0.488888888889,0,0.0403299217647135,0.101176677110422,0.690181418803467,True,1,0,36295.4,10.4709037374944,0.00168070067264011,35274.0814782399,35303.7365230418,991.663476958238,991.663476958238,983396.451532902,1928.0131147541,0.514344777724562
SARIMA+CNY,1,2010Q2,2010Q3,1,1,0,1,0,1,4,1994Q1,2010Q2,66,0.392444157149941,0,0.488888888889,0,0.0340917779909036,0.099535155916369,0.731967182141186,True,1,0,38359.1,10.5450961002426,0.00166916749023771,37990.6782818302,38022.3979188959,336.702081104107,336.702081104107,113368.291419837,2009.53225806452,0.167552463889483
SARIMA+CNY,1,2010Q3,2010Q4,1,1,0,1,0,1,4,1994Q1,2010Q3,67,0.392444157149941,0,0.488888888889,0,0.0333325742401393,0.0979809144565025,0.733710013418541,True,1,0,43525.2,10.7032960561376,0.00164413135615251,44502.2957244693,44538.8945756486,-1013.69457564857,1013.69457564857,1027576.69269934,2095.00317460318,0.483863026050345
SARIMA+CNY,1,2010Q4,2011Q1,1,1,0,1,0,1,4,1994Q1,2010Q4,68,0.392444157149941,1,0.366666666667,-0.0257774904829412,0.0341446316519112,0.0975840929811585,0.726414073756617,True,1,0,42921.8,10.6718126667555,0.0016310912619337,43123.0383928068,43158.2215431443,-236.421543144315,236.421543144315,55895.1460627394,2185.059375,0.108199139048254
SARIMA+CNY,1,2011Q1,2011Q2,1,1,0,1,0,1,4,1994Q1,2011Q1,69,0.391012074345333,0,0.366666666667,0,0.0345582078895557,0.0959628458275641,0.718756868236286,True,1,0,42910.9,10.6605817119978,0.00160592869663672,42641.4349948065,42675.6882971183,235.211702881657,235.211702881657,55324.5451724891,2252.17846153846,0.104437417770608
SARIMA+CNY,1,2011Q2,2011Q3,1,1,0,1,0,1,4,1994Q1,2011Q2,70,0.391012074345333,0,0.366666666667,0,0.0353082406525343,0.0946611565973407,0.709151359022974,True,1,0,44978.1,10.7164305851283,0.00158337572616528,45090.6679552742,45126.3798242941,-148.279824294106,148.279824294106,21986.906292691,2318.28939393939,0.0639608776547691
SARIMA+CNY,1,2011Q3,2011Q4,1,1,0,1,0,1,4,1994Q1,2011Q3,71,0.391012074345333,0,0.366666666667,0,0.0356151206777258,0.0932333548720296,0.702461530777694,True,1,0,50415,10.8530390535676,0.00156011548620229,51691.0046244258,51731.3423236536,-1316.34232365363,1316.34232365363,1732757.11304183,2382.47910447761,0.552509493652936
SARIMA+CNY,1,2011Q4,2012Q1,0,1,1,1,0,1,4,1994Q1,2011Q4,72,0.391012074345333,1,0.241758241758,-0.149253832587333,0.0345473233486559,0.092583370758158,0.709038104882914,True,1,0,49318.8,10.8157058334573,0.0015503084349813,49796.7915115028,49835.406668878,-516.606668877983,516.606668877983,266882.450329206,2448.76323529412,0.210966361072443
SARIMA+CNY,1,2012Q1,2012Q2,0,1,1,1,0,1,4,1994Q1,2012Q1,73,0.383156609472316,0,0.241758241758,0,0.0383959723762932,0.0909218536505971,0.672808678298438,True,1,0,48902.8,10.8095786287503,0.00153025542845121,49492.6092213861,49530.4918790383,-627.691879038292,627.691879038292,393997.095010621,2505.98405797101,0.250477203572678
SARIMA+CNY,1,2012Q2,2012Q3,1,1,0,1,0,1,4,1994Q1,2012Q2,74,0.383156609472316,0,0.241758241758,0,0.03643615390187,0.0894369926048031,0.683718142554316,True,1,0,51200.4,10.8486320039006,0.00150763504239979,51463.7010367006,51502.5099018114,-302.10990181144,302.10990181144,91270.392772518,2555.78285714286,0.118206404337954
SARIMA+CNY,1,2012Q3,2012Q4,1,1,0,1,0,1,4,1994Q1,2012Q3,75,0.383156609472316,0,0.241758241758,0,0.0359884354015055,0.0882452281754095,0.683403612316754,True,1,0,57744.7,10.9704698008644,0.00148782634852444,58131.8974039878,58175.1585775948,-430.458577594807,430.458577594807,185294.587024945,2607.42394366197,0.16508960065399
SARIMA+CNY,1,2012Q4,2013Q1,1,1,0,1,0,1,4,1994Q1,2012Q4,76,0.383156609472316,1,0.444444444444,0.0612878349716842,0.0359755791093274,0.0870795813340786,0.679508075492764,True,1,0,55451,10.9529094628646,0.00146803190207987,57119.9923374154,57161.9347142179,-1710.93471421792,1710.93471421792,2927297.59631595,2673.01111111111,0.640077666383781
SARIMA+CNY,1,2013Q1,2013Q2,1,1,0,1,0,1,4,1994Q1,2013Q1,77,0.3862210012209,0,0.444444444444,0,0.0278636516712377,0.0849724420172168,0.742976702981771,True,1,0,55313.3,10.9206752850793,0.00145934601508904,55308.1350938728,55348.5066743835,-35.2066743834512,35.2066743834512,1239.50992114236,2720.39726027397,0.0129417401265525
SARIMA+CNY,1,2013Q2,2013Q3,1,1,0,1,0,1,4,1994Q1,2013Q2,78,0.3862210012209,0,0.444444444444,0,0.0277054400330399,0.08384395072292,0.741067116584011,True,1,0,58052.7,10.9661904717266,0.00144006609551905,57883.6633979175,57925.3565569143,127.343443085709,127.343443085709,16216.3524969231,2770.26351351351,0.0459679891333513
SARIMA+CNY,1,2013Q3,2013Q4,1,1,0,1,0,1,4,1994Q1,2013Q3,79,0.3862210012209,0,0.444444444444,0,0.0275968929718436,0.0826865618671247,0.738565907583473,True,1,0,65563,11.091242082148,0.0014211303661781,65594.1688925319,65640.7943884258,-77.794388425842,77.794388425842,6051.96687055079,2824.69066666667,0.0275408522936229
SARIMA+CNY,1,2013Q4,2014Q1,1,1,0,1,0,1,4,1994Q1,2013Q4,80,0.3862210012209,1,0.333333333333,-0.0528876678879,0.0277052840132206,0.0816397997210292,0.734338533327406,True,1,0,62081.2,11.063915053634,0.00140255157851943,63825.9453525433,63870.7206408235,-1789.52064082346,1789.52064082346,3202384.1239332,2890.39605263158,0.619126447807794
SARIMA+CNY,1,2014Q1,2014Q2,1,1,0,1,0,1,4,1994Q1,2014Q1,81,0.383702540845286,0,0.333333333333,0,0.0307618429490741,0.0808939767116825,0.703742337588432,True,1,0,62117.5,11.0396748556592,0.00139427517735954,62297.3928546041,62340.8378506502,-223.337850650169,223.337850650169,49879.795533037,2938.96493506493,0.0759920092905887
SARIMA+CNY,1,2014Q2,2014Q3,1,1,0,1,0,1,4,1994Q1,2014Q2,82,0.383702540845286,0,0.333333333333,0,0.0304608013669135,0.0798322728196149,0.70278776472259,True,1,0,64952.1,11.0828432115597,0.00137665605624142,65045.5590332199,65090.3471272891,-138.247127289113,138.247127289113,19112.2682036921,2988.51923076923,0.0462594069550385
SARIMA+CNY,1,2014Q3,2014Q4,1,1,0,1,0,1,4,1994Q1,2014Q3,83,0.383702540845286,0,0.333333333333,0,0.0304205862548224,0.0788088834066723,0.699493311470355,True,1,0,73243.3,11.2024412261343,0.00135912867144587,73309.1878702129,73359.0231109786,-115.723110978608,115.723110978608,13391.8384145672,3038.02405063291,0.0380915717090849
SARIMA+CNY,1,2014Q4,2015Q1,1,1,0,1,0,1,4,1994Q1,2014Q4,84,0.383702540845286,1,0.544444444444,0.160741903598714,0.0303968634126614,0.0777815941275497,0.695946819615847,True,1,0,70715.3,11.1701916772576,0.00134184711619798,70982.7151119614,71030.3550673449,-315.055067344932,315.055067344932,99259.6954597199,3096.0525,0.101760247071047
SARIMA+CNY,1,2015Q1,2015Q2,1,1,0,1,0,1,4,1994Q1,2015Q1,85,0.391008991008864,0,0.544444444444,0,0.0289108955162092,0.0767950875669537,0.706568976843288,True,1,0,70861.8,11.1594985808475,0.001325085721159,70227.7338334614,70274.2781342219,587.521865778064,587.521865778064,345181.942767338,3164.42345679012,0.185664742345838
SARIMA+CNY,1,2015Q2,2015Q3,1,1,0,1,0,1,4,1994Q1,2015Q2,86,0.391008991008864,0,0.544444444444,0,0.0262419298205524,0.0757652586000595,0.729073423407543,True,1,0,74502.8,11.211712023778,0.00131028560517113,73991.9826521283,74040.473849607,462.326150392997,462.326150392997,213745.469337208,3232.47073170732,0.143025626143506
SARIMA+CNY,1,2015Q3,2015Q4,1,1,0,1,0,1,4,1994Q1,2015Q3,87,0.391008991008864,0,0.544444444444,0,0.0258060861087743,0.074819969901673,0.730162732965978,True,1,0,84850.9,11.3364409655605,0.0012947876779787,83821.1771831716,83875.4600661629,975.43993383713,975.43993383713,951483.064524184,3308.59397590361,0.2948200779368
SARIMA+CNY,1,2015Q4,2016Q1,1,1,0,1,0,1,4,1994Q1,2015Q4,88,0.391008991008864,1,0.417582417582,0.0265734265731363,0.0256318361708987,0.0739380874345259,0.728842102085719,True,1,0,78024.4,11.3098056809945,0.00128033246916096,81618.0470228351,81670.3128683013,-3645.91286830136,3645.91286830136,13292680.6432454,3407.39166666667,1.07000111081096
SARIMA+CNY,1,2016Q1,2016Q2,1,1,0,1,0,1,4,1994Q1,2016Q1,89,0.392164357381609,0,0.417582417582,0,0.0274571156716393,0.0745417442108901,0.71261563333555,True,1,0,78113.9,11.2764651230738,0.00128890547381855,78941.7188469778,78992.609450278,-878.709450278009,878.709450278009,772130.298007881,3453.29411764706,0.25445543308565
SARIMA+CNY,1,2016Q2,2016Q3,1,1,0,1,0,1,4,1994Q1,2016Q2,90,0.392164357381609,0,0.417582417582,0,0.0271052530464661,0.0736467881246207,0.712840481097734,True,1,0,82343.5,11.312457131428,0.00127512286939019,81834.7403778973,81886.931688196,456.568311804003,456.568311804003,208454.623343558,3497.46627906977,0.130542591514403
SARIMA+CNY,1,2016Q3,2016Q4,0,1,1,1,0,1,4,1994Q1,2016Q3,91,0.392164357381609,0,0.417582417582,0,0.026035032430672,0.0725565078752069,0.71972659180937,True,1,0,93834.2,11.4398144835826,0.00126215340909153,92949.7667360373,93008.4436813966,825.756318603366,825.756318603366,681873.497713383,3547.38850574713,0.23277865316008
SARIMA+CNY,1,2016Q4,2017Q1,0,1,1,1,0,1,4,1994Q1,2016Q4,92,0.392164357381609,1,0.3,-0.0921643573816088,0.0260444358164036,0.0717658991819181,0.716673434785842,True,1,0,85823.4,11.3887782507834,0.00124854358790667,88324.9804409686,88380.1364493382,-2556.73644933822,2556.73644933822,6536901.2713746,3609.16022727273,0.70840203491609
SARIMA+CNY,1,2017Q1,2017Q2,0,1,1,1,0,1,4,1994Q1,2017Q1,93,0.388324175824042,0,0.3,0,0.03387570535607,0.0700240710580258,0.628547481303391,True,1,0,86545.3,11.3711284736846,0.00124371226313917,86779.7409041414,86833.7222006792,-288.422200679197,288.422200679197,83187.365844631,3656.23707865169,0.0788849832422679
SARIMA+CNY,1,2017Q2,2017Q3,0,1,1,1,0,1,4,1994Q1,2017Q2,94,0.388324175824042,0,0.3,0,0.0332815121361594,0.0692283302617989,0.630694268687669,True,1,0,90809.7,11.4177896194495,0.00123002564428607,90924.940861879,90980.8780656473,-171.178065647327,171.178065647327,29301.9301587607,3709.29444444444,0.0461484166897852
SARIMA+CNY,1,2017Q3,2017Q4,0,1,1,1,0,1,4,1994Q1,2017Q3,95,0.388324175824042,0,0.3,0,0.0328919061552756,0.0684130068446813,0.630669741688801,True,1,0,103083.2,11.5409663860815,0.00121604015304535,102843.776837668,102906.326932661,176.87306733898,176.87306733898,31284.0819498994,3761.56813186813,0.0470210989508619
SARIMA+CNY,1,2017Q4,2018Q1,0,1,1,1,0,1,4,1994Q1,2017Q4,96,0.388324175824042,1,0.511111111111,0.122786935286958,0.0333219700360778,0.0676763134877153,0.622455886065943,True,1,0,90275.4,11.4781903820059,0.00120307337090877,96586.1255468624,96644.2431228593,-6368.84312285934,6368.84312285934,40562162.7235927,3821.21413043478,1.66670668155796
SARIMA+CNY,1,2018Q1,2018Q2,0,1,1,1,0,1,4,1994Q1,2018Q1,97,0.39323565323552,0,0.511111111111,0,0.0165584519883422,0.0633190516540465,0.793700617480412,True,1,0,89742.5,11.4283546080399,0.00123673505607347,91890.6542173198,91947.4939861404,-2204.99398614044,2204.99398614044,4861998.47891552,3827.99677419355,0.576017723161476
SARIMA+CNY,1,2018Q2,2018Q3,0,1,1,1,0,1,4,1994Q1,2018Q2,98,0.39323565323552,0,0.511111111111,0,0.0219065902186121,0.0620618342326024,0.724103386411579,True,1,0,94281.4,11.4579064981217,0.0012289775514062,94646.7196283327,94704.8968479951,-423.496847995077,423.496847995077,179349.580261765,3821.28617021277,0.110825734878552
SARIMA+CNY,1,2018Q3,2018Q4,0,1,1,1,0,1,4,1994Q1,2018Q3,99,0.39323565323552,0,0.511111111111,0,0.0220038777989717,0.0613933806849231,0.720038017663938,True,1,0,106687.6,11.5786267057175,0.00121609681043859,106790.762221888,106855.715920044,-168.115920043856,168.115920043856,28262.9625721922,3817.60631578947,0.0440369975679617
SARIMA+CNY,1,2018Q4,2019Q1,0,1,1,1,0,1,4,1994Q1,2018Q4,100,0.39323565323552,1,0.388888888889,-0.00434676434652004,0.0221175899616303,0.0607859561582504,0.715962408667401,True,1,0,97789.7,11.4795540406489,0.0012041171015071,96717.9258966851,96776.1732833916,1013.52671660842,1013.52671660842,1027236.40527905,3815.38541666667,0.26564202719365
SARIMA+CNY,1,2019Q1,2019Q2,0,1,1,1,0,1,4,1994Q1,2019Q1,101,0.393068469991423,0,0.388888888889,0,0.0208466431420921,0.0601471181499202,0.728896193311112,True,1,0,97420,11.4886000882742,0.00119305327778075,97596.8100813343,97655.046546493,-235.046546493031,235.046546493031,55246.8790183007,3853.51855670103,0.0609953067656311
SARIMA+CNY,1,2019Q2,2019Q3,0,1,1,1,0,1,4,1994Q1,2019Q2,102,0.393068469991423,0,0.388888888889,0,0.0205454113676773,0.0595192756473111,0.729952134694597,True,1,0,101464.5,11.5351370164215,0.00118072404760227,102246.006450294,102306.386430857,-841.88643085731,841.88643085731,708772.762461661,3892.5387755102,0.216282092333676
SARIMA+CNY,1,2019Q3,2019Q4,0,1,1,1,0,1,4,1994Q1,2019Q3,103,0.393068469991423,0,0.388888888889,0,0.0206825184598962,0.0589114580889976,0.725529812138455,True,1,0,114974.8,11.6514796468981,0.00116890006435998,114861.191389211,114928.341637285,46.4583627147658,46.4583627147658,2158.37946613674,3925.77676767677,0.0118341835168227
SARIMA+CNY,1,2019Q4,2020Q1,0,1,1,1,0,1,4,1994Q1,2019Q4,104,0.393068469991423,1,0.263736263736,-0.129332206255423,0.0206202035723895,0.0583293655154168,0.723703697171177,True,1,0,78579.7,11.5578571861232,0.00115741577227768,104595.644077067,104656.191919218,-26076.4919192176,26076.4919192176,679983430.813023,3969.391,6.56939362214951
SARIMA+CNY,1,2020Q1,2020Q2,1,1,0,1,0,1,4,1994Q1,2020Q1,105,0.388278388278259,0,0.263736263736,0,0.093976879077365,0.0683286517269041,0.169018119161203,True,1,0,93676.5,11.3510221195621,0.00190488599299637,85052.340756033,85133.3868520884,8543.11314791164,8543.11314791164,72984782.2580208,4120.28811881188,2.07342615408534
SARIMA+CNY,1,2020Q2,2020Q3,1,1,0,1,0,1,4,1994Q1,2020Q2,106,0.388278388278259,0,0.263736263736,0,0.10027635987867,0.0715193438360388,0.160889194963762,True,1,0,101067.8,11.4301238451831,0.00194751412713284,92053.374478793,92143.0557592206,8924.74424077942,8924.74424077942,79651059.7633253,4116.59411764706,2.16799227364212
SARIMA+CNY,1,2020Q3,2020Q4,0,1,1,1,0,1,4,1994Q1,2020Q3,107,0.388278388278259,0,0.263736263736,0,0.103834596649215,0.0698958592667745,0.137395148262389,True,1,0,118656.6,11.623725974244,0.00197053388980532,111717.201916572,111827.327425401,6829.27257459934,6829.27257459934,46638963.8981747,4080.4786407767,1.67364497545793
SARIMA+CNY,1,2020Q4,2021Q1,0,1,1,1,0,1,4,1994Q1,2020Q4,108,0.388278388278259,1,0.466666666667,0.0783882783887407,0.106569177166198,0.0697486468805916,0.126536586404335,True,1,0,105220.8,11.4450051945361,0.00198141972983026,93433.4964728726,93526.1078274582,11694.6921725418,11694.6921725418,136765825.01051,4076.64519230769,2.86870493282289
SARIMA+CNY,1,2021Q1,2021Q2,0,1,1,1,0,1,4,1994Q1,2021Q1,109,0.391077969649286,0,0.466666666667,0,0.13234769861607,0.0646710620105391,0.0407096794578981,True,1,0,106683.5,11.5920556330684,0.0020546536060037,108234.519971745,108345.769330061,-1662.26933006114,1662.26933006114,2763139.32566192,4291.54476190476,0.387335894714835
SARIMA+CNY,1,2021Q2,2021Q3,0,1,1,1,0,1,4,1994Q1,2021Q2,110,0.391077969649286,0,0.466666666667,0,0.133978195338598,0.0639559891604917,0.0361843406596067,True,1,0,106152.9,11.6374190361465,0.00203655312992458,113257.473931351,113372.860100408,-7219.96010040805,7219.96010040805,52127823.8514842,4373.76603773585,1.65074218376472
SARIMA+CNY,1,2021Q3,2021Q4,0,1,1,1,0,1,4,1994Q1,2021Q3,111,0.391077969649286,0,0.466666666667,0,0.136175641756044,0.0646468411090146,0.0351648748283115,True,1,0,122766,11.7262024056925,0.00205772204191332,123772.738089841,123900.148568117,-1134.14856811722,1134.14856811722,1286292.97456234,4380.41401869159,0.258913555494461
SARIMA+CNY,1,2021Q4,2022Q1,0,1,1,1,0,1,4,1994Q1,2021Q4,112,0.391077969649286,1,0.344444444444,-0.0466335252052857,0.136356372651739,0.0640705841252863,0.0333187515019326,True,1,0,108659.1,11.5481386073113,0.00204025237375643,103584.046673445,103689.769388086,4969.33061191425,4969.33061191425,24694246.7305081,4377.90462962963,1.13509339108985
SARIMA+CNY,1,2022Q1,2022Q2,0,1,1,1,0,1,4,1994Q1,2022Q1,113,0.389469917056,0,0.344444444444,0,0.130725415079665,0.0647771226072416,0.0435829310727157,True,1,0,101772.6,11.6330571542308,0.00204266052550838,112764.534058304,112879.762722747,-11107.1627227473,11107.1627227473,123369063.749587,4369.28440366972,2.54210110777373
SARIMA+CNY,1,2022Q2,2022Q3,0,1,1,1,0,1,4,1994Q1,2022Q2,114,0.389469917056,0,0.344444444444,0,0.123161082777375,0.0659599039596063,0.0618720761450315,True,1,0,109872.9,11.5959331305731,0.00211802930334415,108655.013757816,108770.141959829,1102.7580401708,1102.7580401708,1216075.29516134,4374.20818181818,0.252104608270479
SARIMA+CNY,1,2022Q3,2022Q4,0,1,1,1,0,1,4,1994Q1,2022Q3,115,0.389469917056,0,0.344444444444,0,0.123197702744715,0.0654255723423267,0.0596975716271143,True,1,0,119427.9,11.7393787468717,0.00210009706505467,125414.401724142,125546.162097917,-6118.26209791705,6118.26209791705,37433131.0988083,4368.31441441441,1.40060021268804
SARIMA+CNY,1,2022Q4,2023Q1,0,1,1,1,0,1,4,1994Q1,2022Q4,116,0.389469917056,1,0.233333333333,-0.156136583723,0.122965600553968,0.0656773466222944,0.0611695226149165,True,1,0,114922.4,11.542651436643,0.00210543167191818,103017.219890697,103125.724851877,11796.6751481231,11796.6751481231,139161544.550346,4359.11607142857,2.70620808320369
SARIMA+CNY,1,2023Q1,2023Q2,0,1,1,1,0,1,4,1994Q1,2023Q1,117,0.384265364265233,0,0.233333333333,0,0.0937501540757699,0.059941722781923,0.117812476691652,True,1,0,112665.2,11.6346185118606,0.00219066678362731,112940.737346303,113064.512882578,-399.312882577899,399.312882577899,159450.778192671,4375.96725663717,0.0912513415113534
SARIMA+CNY,1,2023Q2,2023Q3,0,1,1,1,0,1,4,1994Q1,2023Q2,118,0.384265364265233,0,0.233333333333,0,0.0930341781598542,0.0594829559332893,0.117806375749761,True,1,0,114519.4,11.6806302654565,0.00217308791653279,118258.745987272,118387.30914535,-3867.9091453498,3867.9091453498,14960721.1566806,4433.13070175439,0.872500588313151
SARIMA+CNY,1,2023Q3,2023Q4,0,1,1,1,0,1,4,1994Q1,2023Q3,119,0.384265364265233,0,0.233333333333,0,0.0913983113915941,0.0592514526437265,0.122940066710503,True,1,0,129388.2,11.7742587710891,0.00216352550537237,129866.044477826,130006.604740303,-618.404740302503,618.404740302503,382424.422828607,4434.98608695652,0.139437808411904
SARIMA+CNY,1,2023Q4,2024Q1,0,1,1,1,0,1,4,1994Q1,2023Q4,120,0.384265364265233,1,0.43956043956,0.0552950752947667,0.0912949491408678,0.058713902617929,0.119967039598249,True,1,0,120326.8,11.6769752502878,0.00214485249431033,117827.29743267,117953.726299769,2373.07370023112,2373.07370023112,5631478.78672863,4482.61810344828,0.529394573766081
SARIMA+CNY,1,2024Q1,2024Q2,0,1,1,1,0,1,4,1994Q1,2024Q1,121,0.386049076371516,0,0.43956043956,0,0.0961431409156198,0.0576239799055423,0.0952250126715805,True,1,0,115642.2,11.6754022113667,0.00213184050341457,117642.096210396,117767.560158602,-2125.36015860214,2125.36015860214,4517155.80377331,4490.49658119658,0.473301809760157
SARIMA+CNY,1,2024Q2,2024Q3,0,1,1,1,0,1,4,1994Q1,2024Q2,122,0.386049076371516,0,0.43956043956,0,0.0984686739482416,0.0568848244823565,0.0834484950256897,True,1,0,117595,11.6997018972937,0.0021165968322904,120535.777588696,120663.407934792,-3068.4079347918,3068.4079347918,9415127.25429329,4477.67033898305,0.685268834571838
SARIMA+CNY,1,2024Q3,2024Q4,0,1,1,1,0,1,4,1994Q1,2024Q3,123,0.386049076371516,0,0.43956043956,0,0.0997283029102427,0.0563413945670122,0.0767152124700105,True,1,0,134330.8,11.7984741259268,0.00210495121135273,133049.181681283,133189.286414832,1141.51358516805,1141.51358516805,1303053.26512322,4465.88823529412,0.255607289082297
SARIMA+CNY,1,2024Q4,2025Q1,0,1,1,1,0,1,4,1994Q1,2024Q4,124,0.386049076371516,1,0.311111111111,-0.0749379652605162,0.0993979286626349,0.0559378415662292,0.0755788756669005,True,1,0,124671.1,11.7084380376303,0.00208754750170824,121593.408135194,121720.390401732,2950.70959826787,2950.70959826787,8706687.13331015,4469.86083333333,0.660134556374415
SARIMA+CNY,1,2025Q1,2025Q2,0,1,1,1,0,1,4,1994Q1,2025Q1,125,0.383707264957125,0,0.311111111111,0,0.0973358584098776,0.0555525382261414,0.079749632205205,True,1,0,120787.3,11.7121414326599,0.0020765435770018,122044.551423791,122171.332643767,-1384.03264376691,1384.03264376691,1915546.35901243,4468.82314049587,0.309708529573479
SARIMA+CNY,1,2025Q2,2025Q3,0,1,1,1,0,1,4,1994Q1,2025Q2,126,0.383707264957125,0,0.311111111111,0,0.0967219265917321,0.0551215475394414,0.0793101792533512,True,1,0,120418.8,11.7331205664299,0.00206050986017898,124631.986569356,124760.455454454,-4341.65545445363,4341.65545445363,18849972.085187,4474.36639344262,0.970339724707507
SARIMA+CNY,1,2025Q3,2025Q4,0,1,1,1,0,1,4,1994Q1,2025Q3,127,0.383707264957125,0,0.311111111111,0,0.0964565851870012,0.0548124387444102,0.078448978264059,True,1,0,135325.2,11.8303620136463,0.00205361719382499,137360.208522927,137501.323602602,-2176.12360260179,2176.12360260179,4735513.93380058,4460.94715447155,0.487816494400856
SARIMA+CNY,1,2025Q4,2026Q1,0,1,1,1,0,1,4,1994Q1,2025Q4,128,0.383707264957125,1,0.522222222222,0.138514957264875,0.0964163587230078,0.054410431409316,0.0763912798711496,True,1,0,127694.9,11.7557750879877,0.00204028578297654,127487.689756221,127617.811776921,77.0882230794377,77.0882230794377,5942.59413754516,4432.99112903226,0.0173896632850394
SARIMA+CNY,1,2026Q1,2026Q2,0,1,1,1,0,1,4,1994Q1,2026Q1,129,0.387904687904546,0,0.522222222222,0,0.0970315461546936,0.0538910706955189,0.0717797524250253,True,1,0,121027.2,11.7163965657673,0.00202423501183817,122564.973682896,122689.086636224,-1661.88663622408,1661.88663622408,2761867.19166019,4421.7176,0.375846398744253
SARIMA+CNY,2,2004Q3,2005Q1,0,1,0,1,0,0,4,1994Q1,2004Q3,43,0.383682983682909,1,0.433333333333,0.0496503496500909,-0.016993145089119,0.0333539642613988,0.610416499050652,True,1,0,15112.2,9.62245961902666,0.000760324564016835,15100.1449036722,15105.8865005176,6.31349948239586,6.31349948239586,39.8602757142127,905.561538461538,0.00697191655591058
SARIMA+CNY,2,2004Q4,2005Q2,1,1,0,1,0,0,4,1994Q1,2004Q4,44,0.383682983682909,0,0.433333333333,0,-0.017272328415474,0.0307451091207063,0.574258362308785,True,2,1,14497.5,9.59351202238697,0.000798759352130207,14669.2980756299,14675.1578652059,-177.65786520594,177.65786520594,31562.3170695319,942.135,0.188569435596745
SARIMA+CNY,2,2005Q1,2005Q3,0,1,0,1,0,0,4,1994Q1,2005Q1,45,0.387820512820417,0,0.433333333333,0,-0.016876210085309,0.0316870776749535,0.594317657853948,True,1,0,15470.9,9.65379730966723,0.000722664168358883,15580.8411906859,15586.4720657532,-115.572065753202,115.572065753202,13356.9023824624,974.80487804878,0.118559178719476
SARIMA+CNY,2,2005Q2,2005Q4,1,1,0,1,0,0,4,1994Q1,2005Q2,46,0.387820512820417,0,0.433333333333,0,-0.0120166497819642,0.0293793358556525,0.682527136341894,True,1,0,22096,9.79965706331348,0.000767794670302176,18027.5615554106,18034.4836168465,4061.5163831535,4061.5163831535,16495915.3306243,1001.09285714286,4.05708257148607
SARIMA+CNY,2,2005Q3,2006Q1,0,1,0,1,0,0,4,1994Q1,2005Q3,47,0.387820512820417,1,0.311111111111,-0.0767094017094166,-0.0120310320418571,0.0302978375350917,0.691299542675752,True,1,0,18440.2,9.78220349870242,0.0006962543596224,17715.6462798399,17721.8146514444,718.385348555581,718.385348555581,516077.509019324,1030.86511627907,0.696876184101183
SARIMA+CNY,2,2005Q4,2006Q2,0,1,0,1,0,0,4,1994Q1,2005Q4,48,0.387820512820417,0,0.311111111111,0,-0.0120067219128301,0.104333412420121,0.90838146299135,True,1,0,18008,9.93746760605065,0.00241917523980288,20691.2794121419,20716.322470392,-2708.32247039204,2708.32247039204,7335010.60363042,1157.08863636364,2.3406352679285
SARIMA+CNY,2,2006Q1,2006Q3,1,1,0,1,0,0,4,1994Q1,2006Q1,49,0.381919789612,0,0.311111111111,0,0.0052772445330877,0.139930411039622,0.969916232003139,True,1,0,18643.2,9.88433947825041,0.00178256479686296,19620.6817113143,19638.1770750655,-994.97707506549,994.97707506549,989979.379905877,1205.33111111111,0.825480289933187
SARIMA+CNY,2,2006Q2,2006Q4,0,1,1,1,0,0,4,1994Q1,2006Q2,50,0.381919789612,0,0.311111111111,0,-0.002868615468777,0.136138146874875,0.983188733771788,True,1,0,21318.6,10.2124694159249,0.00196732238479418,27240.7533506342,27267.5622058105,-5948.96220581046,5948.96220581046,35390151.3261612,1255.44347826087,4.73853447711671
SARIMA+CNY,2,2006Q3,2007Q1,1,1,0,1,0,0,4,1994Q1,2006Q3,51,0.381919789612,1,0.533333333333,0.151413543721,0.000701167120786167,0.141972211756619,0.996059453191512,True,1,0,21187.8,10.0105266036255,0.00195481688650544,22259.5543324585,22281.3216448506,-1093.52164485063,1093.52164485063,1195789.58775683,1296.22765957447,0.843618508503062
SARIMA+CNY,2,2006Q4,2007Q2,0,1,0,1,0,1,4,1994Q1,2006Q4,52,0.381919789612,0,0.533333333333,0,-0.0254851137087378,0.109255783278681,0.815558737650204,True,1,0,20856,9.85601445216735,0.00332354539988157,19072.7225049539,19104.4433836715,1751.55661632847,1751.55661632847,3067950.58020406,1285.41875,1.36263502950185
SARIMA+CNY,2,2007Q1,2007Q3,1,1,0,1,0,1,4,1994Q1,2007Q1,53,0.392735042734929,0,0.533333333333,0,0.0128208102260199,0.114785312215469,0.911066178040992,True,1,0,21783.2,9.95018475596037,0.0025707796993123,20956.0937873682,20983.0478571436,800.15214285639,800.15214285639,640243.451717673,1315.25918367347,0.608360810392971
SARIMA+CNY,2,2007Q2,2007Q4,1,1,0,1,0,1,4,1994Q1,2007Q2,54,0.392735042734929,0,0.533333333333,0,-0.00992653512394597,0.108204680047523,0.926905807162444,True,2,1,25383,10.1826782844724,0.00262566402011718,26441.1895757575,26475.9252118551,-1092.9252118551,1092.9252118551,1194485.51870851,1345.914,0.81203198113334
SARIMA+CNY,2,2007Q3,2008Q1,1,1,0,1,0,1,4,1994Q1,2007Q3,55,0.392735042734929,1,0.406593406593,0.0138583638580714,-0.010986155775031,0.106078710637448,0.91751371052557,True,1,0,25555.2,10.1200482667691,0.00257331270471763,24835.9695581445,24867.9454827455,687.254517254543,687.254517254543,472318.771486775,1381.09215686275,0.497616696930414
SARIMA+CNY,2,2007Q4,2008Q2,1,1,0,1,0,1,4,1994Q1,2007Q4,56,0.392735042734929,0,0.406593406593,0,-0.0118315365505091,0.106832971075211,0.911816191443147,True,1,0,25487.5,10.0486648131044,0.00258675603135637,23124.8901732485,23154.8187481219,2332.68125187814,2332.68125187814,5441401.82286377,1432.69423076923,1.62817801717935
SARIMA+CNY,2,2008Q1,2008Q3,1,1,0,1,0,1,4,1994Q1,2008Q1,57,0.3936589336588,0,0.406593406593,0,-0.00622937145185987,0.112396631542134,0.95580138091461,True,1,0,26843,10.1439298116593,0.00260986293618918,25436.2299239608,25469.4441272346,1373.55587276543,1373.55587276543,1886655.7356084,1488.06603773585,0.923047659131678
SARIMA+CNY,2,2008Q2,2008Q4,1,1,0,1,0,1,4,1994Q1,2008Q2,58,0.3936589336588,0,0.406593406593,0,-0.00229093429709999,0.111123091849486,0.983551828888886,True,1,0,30602,10.3725618874472,0.00276289943145509,31970.2763944191,32014.4722437991,-1412.4722437991,1412.4722437991,1995077.83950288,1546.27777777778,0.913466043487365
SARIMA+CNY,2,2008Q3,2009Q1,1,1,0,1,0,1,4,1994Q1,2008Q3,59,0.3936589336588,1,0.277777777778,-0.1158811558808,-0.00341571698525723,0.107943399571878,0.974756278726803,True,1,0,29398,10.334887152353,0.00270240680651985,30788.2115050124,30829.8407596399,-1431.84075963986,1431.84075963986,2050167.96096604,1610.16,0.889253713692961
SARIMA+CNY,2,2008Q4,2009Q2,1,1,0,1,0,1,4,1994Q1,2008Q4,60,0.3936589336588,0,0.277777777778,0,0.00447342567572925,0.113384054856392,0.968528630300745,True,1,0,29313.2,10.2735645130824,0.00276359210361382,28956.9207479524,28996.9609640498,316.239035950246,316.239035950246,100007.127858741,1674.60357142857,0.188844118898223
SARIMA+CNY,2,2009Q1,2009Q3,1,1,0,1,0,1,4,1994Q1,2009Q1,61,0.38641636141625,0,0.277777777778,0,0.00801905609255038,0.109268414563455,0.941496888115927,True,1,0,30964.9,10.3104210743157,0.00271990070176348,30044.0847695598,30084.9710285237,879.9289714763,879.9289714763,774274.994843339,1712.64210526316,0.513784502186516
SARIMA+CNY,2,2009Q2,2009Q4,1,1,0,1,0,1,4,1994Q1,2009Q2,62,0.38641636141625,0,0.277777777778,0,0.0169603559234359,0.108397837472166,0.875667317687799,True,1,0,35666.6,10.4947213432793,0.00270450871214189,36124.3106644329,36173.1929640915,-506.592964091455,506.592964091455,256636.431266966,1749.07413793103,0.289634929192139
SARIMA+CNY,2,2009Q3,2010Q1,1,1,0,1,0,1,4,1994Q1,2009Q3,63,0.38641636141625,1,0.488888888889,0.10247252747275,0.0186755799357939,0.106435426019657,0.860715097498053,True,1,0,36374,10.4673387198525,0.00266698553960733,35148.5526446707,35195.4542500172,1178.5457499828,1178.5457499828,1388970.08480251,1789.29152542373,0.658666144245947
SARIMA+CNY,2,2009Q4,2010Q2,1,1,0,1,0,1,4,1994Q1,2009Q4,64,0.38641636141625,0,0.488888888889,0,0.0203983599677073,0.106507391089735,0.848117738944891,True,1,0,36295.4,10.4332329274348,0.00263000169258463,33969.9954575376,34014.6954141117,2280.70458588826,2280.70458588826,5201613.40809172,1843.88,1.23690510547772
SARIMA+CNY,2,2010Q1,2010Q3,1,1,0,1,0,1,4,1994Q1,2010Q1,65,0.392444157149941,0,0.488888888889,0,0.0403299217647135,0.101176677110422,0.690181418803467,True,1,0,38359.1,10.5230620403427,0.00263305454086882,37162.7442712671,37211.7022577352,1147.39774226475,1147.39774226475,1316521.57895425,1928.0131147541,0.595119262148324
SARIMA+CNY,2,2010Q2,2010Q4,1,1,0,1,0,1,4,1994Q1,2010Q2,66,0.392444157149941,0,0.488888888889,0,0.0340917779909036,0.099535155916369,0.731967182141186,True,1,0,43525.2,10.6959319078465,0.0026368316518513,44175.7779576917,44234.058412969,-708.858412969028,708.858412969028,502480.249636969,2009.53225806452,0.352747964171406
SARIMA+CNY,2,2010Q3,2011Q1,1,1,0,1,0,1,4,1994Q1,2010Q3,67,0.392444157149941,1,0.366666666667,-0.0257774904829412,0.0333325742401393,0.0979809144565025,0.733710013418541,True,1,0,42921.8,10.6876324290965,0.00259865666375246,43810.6592704805,43867.620699094,-945.820699094045,945.820699094045,894576.794834748,2095.00317460318,0.451465043375505
SARIMA+CNY,2,2010Q4,2011Q2,1,1,0,1,0,1,4,1994Q1,2010Q4,68,0.392444157149941,0,0.366666666667,0,0.0341446316519112,0.0975840929811585,0.726414073756617,True,1,0,42910.9,10.6643067716944,0.0025677262151886,42800.5731011644,42855.5584672417,55.3415327583207,55.3415327583207,3062.68524804028,2185.059375,0.0253272443721675
SARIMA+CNY,2,2011Q1,2011Q3,1,1,0,1,0,1,4,1994Q1,2011Q1,69,0.391012074345333,0,0.366666666667,0,0.0345582078895557,0.0959628458275641,0.718756868236286,True,1,0,44978.1,10.7115769949561,0.00253109373578414,44872.3465822522,44929.1705890621,48.9294109379261,48.9294109379261,2394.08725473245,2252.17846153846,0.0217253702464158
SARIMA+CNY,2,2011Q2,2011Q4,1,1,0,1,0,1,4,1994Q1,2011Q2,70,0.391012074345333,0,0.366666666667,0,0.0353082406525343,0.0946611565973407,0.709151359022974,True,1,0,50415,10.8546571743988,0.00249375113843109,51774.7146239766,51839.3115145177,-1424.31151451766,1424.31151451766,2028663.29038758,2318.28939393939,0.614380378153468
SARIMA+CNY,2,2011Q3,2012Q1,1,1,0,1,0,1,4,1994Q1,2011Q3,71,0.391012074345333,1,0.241758241758,-0.149253832587333,0.0356151206777258,0.0932333548720296,0.702461530777694,True,1,0,49318.8,10.8340111060997,0.00245713033458708,50716.7295271059,50779.0766252964,-1460.27662529642,1460.27662529642,2132407.8223871,2382.47910447761,0.612923161656272
SARIMA+CNY,2,2011Q4,2012Q2,0,1,1,1,0,1,4,1994Q1,2011Q4,72,0.391012074345333,0,0.241758241758,0,0.0345473233486559,0.092583370758158,0.709038104882914,True,1,0,48902.8,10.8165867835944,0.00244882333089781,49840.6793304638,49901.7422150753,-998.942215075345,998.942215075345,997885.549059637,2448.76323529412,0.407937443962549
SARIMA+CNY,2,2012Q1,2012Q3,0,1,1,1,0,1,4,1994Q1,2012Q1,73,0.383156609472316,0,0.241758241758,0,0.0383959723762932,0.0909218536505971,0.672808678298438,True,1,0,51200.4,10.8582939062098,0.00242372297438583,51963.348172568,52026.3587252835,-825.958725283461,825.958725283461,682207.815871879,2505.98405797101,0.32959456492002
SARIMA+CNY,2,2012Q2,2012Q4,1,1,0,1,0,1,4,1994Q1,2012Q2,74,0.383156609472316,0,0.241758241758,0,0.03643615390187,0.0894369926048031,0.683718142554316,True,1,0,57744.7,10.9743739296448,0.0023783503029598,58359.2954244425,58428.736128816,-684.036128815977,684.036128815977,467905.425525547,2555.78285714286,0.26764250605416
SARIMA+CNY,2,2012Q3,2013Q1,1,1,0,1,0,1,4,1994Q1,2012Q3,75,0.383156609472316,1,0.444444444444,0.0612878349716842,0.0359884354015055,0.0882452281754095,0.683403612316754,True,1,0,55451,10.9579656894862,0.00234738319791239,57409.5353439738,57476.9559910909,-2025.95599109086,2025.95599109086,4104497.67783697,2607.42394366197,0.776995239311
SARIMA+CNY,2,2012Q4,2013Q2,1,1,0,1,0,1,4,1994Q1,2012Q4,76,0.383156609472316,0,0.444444444444,0,0.0359755791093274,0.0870795813340786,0.679508075492764,True,1,0,55313.3,10.9425536541546,0.00231509057374299,56531.5209310111,56596.9966148481,-1283.69661484812,1283.69661484812,1647876.99897251,2673.01111111111,0.480243650881987
SARIMA+CNY,2,2013Q1,2013Q3,1,1,0,1,0,1,4,1994Q1,2013Q1,77,0.3862210012209,0,0.444444444444,0,0.0278636516712377,0.0849724420172168,0.742976702981771,True,1,0,58052.7,10.9661001233855,0.00230173886827965,57878.4339411952,57945.0828064286,107.617193571416,107.617193571416,11581.4603521875,2720.39726027397,0.0395593669876647
SARIMA+CNY,2,2013Q2,2013Q4,1,1,0,1,0,1,4,1994Q1,2013Q2,78,0.3862210012209,0,0.444444444444,0,0.0277054400330399,0.08384395072292,0.741067116584011,True,1,0,65563,11.0889008864266,0.00227088326260609,65440.7797320618,65515.1261177578,47.8738822421947,47.8738822421947,2291.90860093952,2770.26351351351,0.0172813459833922
SARIMA+CNY,2,2013Q3,2014Q1,1,1,0,1,0,1,4,1994Q1,2013Q3,79,0.3862210012209,1,0.333333333333,-0.0528876678879,0.0275968929718436,0.0826865618671247,0.738565907583473,True,1,0,62081.2,11.0643120709858,0.00224297206179106,63851.2903912182,63922.9388903324,-1841.73889033244,1841.73889033244,3392002.14016296,2824.69066666667,0.652014364640436
SARIMA+CNY,2,2013Q4,2014Q2,1,1,0,1,0,1,4,1994Q1,2013Q4,80,0.3862210012209,0,0.333333333333,0,0.0277052840132206,0.0816397997210292,0.734338533327406,True,1,0,62117.5,11.0605695162984,0.00221162092054496,63612.7700611658,63683.1526354277,-1565.65263542769,1565.65263542769,2451268.17482168,2890.39605263158,0.541674084422526
SARIMA+CNY,2,2014Q1,2014Q3,1,1,0,1,0,1,4,1994Q1,2014Q1,81,0.383702540845286,0,0.333333333333,0,0.0307618429490741,0.0808939767116825,0.703742337588432,True,1,0,64952.1,11.085022553446,0.0021975256209474,65187.4701247628,65259.1350568159,-307.035056815868,307.035056815868,94270.5261139235,2938.96493506493,0.104470472972514
SARIMA+CNY,2,2014Q2,2014Q4,1,1,0,1,0,1,4,1994Q1,2014Q2,82,0.383702540845286,0,0.333333333333,0,0.0304608013669135,0.0798322728196149,0.70278776472259,True,1,0,73243.3,11.2034734620889,0.00217105457456174,73384.8993190474,73464.6038826451,-221.303882645079,221.303882645079,48975.408473787,2988.51923076923,0.0740513497007402
SARIMA+CNY,2,2014Q3,2015Q1,1,1,0,1,0,1,4,1994Q1,2014Q3,83,0.383702540845286,1,0.544444444444,0.160741903598714,0.0304205862548224,0.0788088834066723,0.699493311470355,True,1,0,70715.3,11.170833940229,0.00214316554197379,71028.3193248686,71104.4728432212,-389.172843221168,389.172843221168,151455.501900847,3038.02405063291,0.128100645924805
SARIMA+CNY,2,2014Q4,2015Q2,1,1,0,1,0,1,4,1994Q1,2014Q4,84,0.383702540845286,0,0.544444444444,0,0.0303968634126614,0.0777815941275497,0.695946819615847,True,1,0,70861.8,11.1621514314225,0.00211657970939718,70414.2848541269,70488.8430225318,372.956977468159,372.956977468159,139096.907042185,3096.0525,0.120462097289422
SARIMA+CNY,2,2015Q1,2015Q3,1,1,0,1,0,1,4,1994Q1,2015Q1,85,0.391008991008864,0,0.544444444444,0,0.0289108955162092,0.0767950875669537,0.706568976843288,True,1,0,74502.8,11.2047693272793,0.00208841452081329,73480.0578986087,73556.8263826903,945.973617309719,945.973617309719,894866.084646035,3164.42345679012,0.298940274658841
SARIMA+CNY,2,2015Q2,2015Q4,1,1,0,1,0,1,4,1994Q1,2015Q2,86,0.391008991008864,0,0.544444444444,0,0.0262419298205524,0.0757652586000595,0.729073423407543,True,1,0,84850.9,11.3311911412052,0.00206331988007193,83382.2837903321,83468.3503402997,1382.54965970034,1382.54965970034,1911443.56153752,3232.47073170732,0.42770678358783
SARIMA+CNY,2,2015Q3,2016Q1,1,1,0,1,0,1,4,1994Q1,2015Q3,87,0.391008991008864,1,0.417582417582,0.0265734265731363,0.0258060861087743,0.074819969901673,0.730162732965978,True,1,0,78024.4,11.3004157812884,0.00204041425172031,80855.2486518534,80937.7798449885,-2913.37984498852,2913.37984498852,8487782.12118534,3308.59397590361,0.880549220063441
SARIMA+CNY,2,2015Q4,2016Q2,1,1,0,1,0,1,4,1994Q1,2015Q4,88,0.391008991008864,0,0.417582417582,0,0.0256318361708987,0.0739380874345259,0.728842102085719,True,1,0,78113.9,11.3102267736874,0.0020194064763607,81652.4230232777,81734.9093755701,-3621.00937557014,3621.00937557014,13111708.8979668,3407.39166666667,1.06269244331176
SARIMA+CNY,2,2016Q1,2016Q3,1,1,0,1,0,1,4,1994Q1,2016Q1,89,0.392164357381609,0,0.417582417582,0,0.0274571156716393,0.0745417442108901,0.71261563333555,True,1,0,82343.5,11.3203920566739,0.00202034233755335,82486.6760350133,82570.0437977178,-226.543797717793,226.543797717793,51322.0922844005,3453.29411764706,0.0656022307975759
SARIMA+CNY,2,2016Q2,2016Q4,1,1,0,1,0,1,4,1994Q1,2016Q2,90,0.392164357381609,0,0.417582417582,0,0.0271052530464661,0.0736467881246207,0.712840481097734,True,1,0,93834.2,11.434539916467,0.00200371787314073,92460.7876631427,92553.4667474778,1280.73325252217,1280.73325252217,1640277.66411602,3497.46627906977,0.366188877984783
SARIMA+CNY,2,2016Q3,2017Q1,0,1,1,1,0,1,4,1994Q1,2016Q3,91,0.392164357381609,1,0.3,-0.0921643573816088,0.026035032430672,0.0725565078752069,0.71972659180937,True,1,0,85823.4,11.3815328980753,0.00199605989112841,87687.3475317833,87774.9058160941,-1951.50581609413,1951.50581609413,3808374.9502492,3547.38850574713,0.550124637584096
SARIMA+CNY,2,2016Q4,2017Q2,0,1,1,1,0,1,4,1994Q1,2016Q4,92,0.392164357381609,0,0.3,0,0.0260444358164036,0.0717658991819181,0.716673434785842,True,1,0,86545.3,11.3922469909015,0.00197420682890605,88631.8888290379,88719.4208636081,-2174.12086360808,2174.12086360808,4726801.52957596,3609.16022727273,0.602389677016629
SARIMA+CNY,2,2017Q1,2017Q3,0,1,1,1,0,1,4,1994Q1,2017Q1,93,0.388324175824042,0,0.3,0,0.03387570535607,0.0700240710580258,0.628547481303391,True,1,0,90809.7,11.4198463016612,0.00196010333974656,91112.1370058556,91201.475378834,-391.775378834005,391.775378834005,153487.947460528,3656.23707865169,0.107152619046925
SARIMA+CNY,2,2017Q2,2017Q4,0,1,1,1,0,1,4,1994Q1,2017Q2,94,0.388324175824042,0,0.3,0,0.0332815121361594,0.0692283302617989,0.630694268687669,True,1,0,103083.2,11.5419017250966,0.00193895436505123,102940.015635542,103039.862023447,43.3379765534482,43.3379765534482,1878.18021174723,3709.29444444444,0.0116836172491934
SARIMA+CNY,2,2017Q3,2018Q1,0,1,1,1,0,1,4,1994Q1,2017Q3,95,0.388324175824042,1,0.511111111111,0.122786935286958,0.0328919061552756,0.0684130068446813,0.630669741688801,True,1,0,90275.4,11.4763929020645,0.00191787861354208,96412.6698618328,96505.1681036458,-6229.76810364585,6229.76810364585,38810010.6252032,3761.56813186813,1.65616250596847
SARIMA+CNY,2,2017Q4,2018Q2,0,1,1,1,0,1,4,1994Q1,2017Q4,96,0.388324175824042,0,0.511111111111,0,0.0333219700360778,0.0676763134877153,0.622455886065943,True,1,0,89742.5,11.4772825431996,0.00189702005538083,96498.4807036543,96590.0539024418,-6847.55390244182,6847.55390244182,46888994.4468463,3821.21413043478,1.79198382207979
SARIMA+CNY,2,2018Q1,2018Q3,0,1,1,1,0,1,4,1994Q1,2018Q1,97,0.39323565323552,0,0.511111111111,0,0.0165584519883422,0.0633190516540465,0.793700617480412,True,1,0,94281.4,11.4761924934662,0.00192788799134403,96393.3498698201,96486.3124588162,-2204.91245881618,2204.91245881618,4861638.95104281,3827.99677419355,0.575996425514411
SARIMA+CNY,2,2018Q2,2018Q4,0,1,1,1,0,1,4,1994Q1,2018Q2,98,0.39323565323552,0,0.511111111111,0,0.0219065902186121,0.0620618342326024,0.724103386411579,True,1,0,106687.6,11.5815668741566,0.00193869018939185,107105.207084469,107209.079327464,-521.479327463574,521.479327463574,271940.688971861,3821.28617021277,0.136466965371122
SARIMA+CNY,2,2018Q3,2019Q1,0,1,1,1,0,1,4,1994Q1,2018Q3,99,0.39323565323552,1,0.388888888889,-0.00434676434652004,0.0220038777989717,0.0613933806849231,0.720038017663938,True,1,0,97789.7,11.4803125067757,0.00192029720118023,96791.3109938636,96884.2896651913,905.410334808665,905.410334808665,819767.874378338,3817.60631578947,0.23716702559505
SARIMA+CNY,2,2018Q4,2019Q2,0,1,1,1,0,1,4,1994Q1,2018Q4,100,0.39323565323552,0,0.388888888889,0,0.0221175899616303,0.0607859561582504,0.715962408667401,True,1,0,97420,11.4800647760821,0.00190123040342969,96767.3357850806,96859.3680221987,560.631977801342,560.631977801342,314308.214533445,3815.38541666667,0.146939802032147
SARIMA+CNY,2,2019Q1,2019Q3,0,1,1,1,0,1,4,1994Q1,2019Q1,101,0.393068469991423,0,0.388888888889,0,0.0208466431420921,0.0601471181499202,0.728896193311112,True,1,0,101464.5,11.5365030986185,0.00188608158841352,102385.778347632,102482.37785484,-1017.87785483981,1017.87785483981,1036075.3273733,3853.51855670103,0.2641424557486
SARIMA+CNY,2,2019Q2,2019Q4,0,1,1,1,0,1,4,1994Q1,2019Q2,102,0.393068469991423,0,0.388888888889,0,0.0205454113676773,0.0595192756473111,0.729952134694597,True,1,0,114974.8,11.6572780757642,0.00186559324433435,115529.140493173,115636.955962322,-662.155962322024,662.155962322024,438450.518438605,3892.5387755102,0.170109021517771
SARIMA+CNY,2,2019Q3,2020Q1,0,1,1,1,0,1,4,1994Q1,2019Q3,103,0.393068469991423,1,0.263736263736,-0.129332206255423,0.0206825184598962,0.0589114580889976,0.725529812138455,True,1,0,78579.7,11.5571348947373,0.00184755734808149,104520.122821809,104616.720893029,-26037.0208930292,26037.0208930292,677926456.984038,3925.77676767677,6.63232334232738
SARIMA+CNY,2,2019Q4,2020Q2,0,1,1,1,0,1,4,1994Q1,2019Q4,104,0.393068469991423,0,0.263736263736,0,0.0206202035723895,0.0583293655154168,0.723703697171177,True,1,0,93676.5,11.559033047225,0.00182912137122266,104718.706364263,104814.521783981,-11138.0217839814,11138.0217839814,124055529.260445,3969.391,2.80597748722195
SARIMA+CNY,2,2020Q1,2020Q3,1,1,0,1,0,1,4,1994Q1,2020Q1,105,0.388278388278259,0,0.263736263736,0,0.093976879077365,0.0683286517269041,0.169018119161203,True,1,0,101067.8,11.3779576648705,0.00299010151685686,87374.4045706194,87505.131437741,13562.668562259,13562.668562259,183945978.529687,4120.28811881188,3.29167965228846
SARIMA+CNY,2,2020Q2,2020Q4,1,1,0,1,0,1,4,1994Q1,2020Q2,106,0.388278388278259,0,0.263736263736,0,0.10027635987867,0.0715193438360388,0.160889194963762,True,1,0,118656.6,11.5730820600806,0.00271573313361645,106200.283797644,106344.587562856,12312.0124371444,12312.0124371444,151585650.252399,4116.59411764706,2.99082495997484
SARIMA+CNY,2,2020Q3,2021Q1,0,1,1,1,0,1,4,1994Q1,2020Q3,107,0.388278388278259,1,0.466666666667,0.0783882783887407,0.103834596649215,0.0698958592667745,0.137395148262389,True,1,0,105220.8,11.403334439106,0.00278468285779558,89620.0583216574,89744.9269514294,15475.8730485706,15475.8730485706,239502646.615473,4080.4786407767,3.79266120741777
SARIMA+CNY,2,2020Q4,2021Q2,0,1,1,1,0,1,4,1994Q1,2020Q4,108,0.388278388278259,0,0.466666666667,0,0.106569177166198,0.0697486468805916,0.126536586404335,True,1,0,106683.5,11.5167478444051,0.00283627868774333,100382.969404387,100525.427431545,6158.07256845488,6158.07256845488,37921857.7583565,4076.64519230769,1.51057359126438
SARIMA+CNY,2,2021Q1,2021Q3,0,1,1,1,0,1,4,1994Q1,2021Q1,109,0.391077969649286,0,0.466666666667,0,0.13234769861607,0.0646710620105391,0.0407096794578981,True,1,0,106152.9,11.6478374346149,0.0030814696293944,114443.603480612,114620.066631365,-8467.16663136517,8467.16663136517,71692910.7633037,4291.54476190476,1.9729880733219
SARIMA+CNY,2,2021Q2,2021Q4,0,1,1,1,0,1,4,1994Q1,2021Q2,110,0.391077969649286,0,0.466666666667,0,0.133978195338598,0.0639559891604917,0.0361843406596067,True,1,0,122766,11.7718263547489,0.00303747318161917,129550.540063814,129747.442693135,-6981.442693135,6981.442693135,48740542.0775281,4373.76603773585,1.59620853811126
SARIMA+CNY,2,2021Q3,2022Q1,0,1,1,1,0,1,4,1994Q1,2021Q3,111,0.391077969649286,1,0.344444444444,-0.0466335252052857,0.136175641756044,0.0646468411090146,0.0351648748283115,True,1,0,108659.1,11.5538020416464,0.00305771545563331,104172.352463074,104331.738977768,4327.36102223204,4327.36102223204,18726053.4167331,4380.41401869159,0.987888588559628
SARIMA+CNY,2,2021Q4,2022Q2,0,1,1,1,0,1,4,1994Q1,2021Q4,112,0.391077969649286,0,0.344444444444,0,0.136356372651739,0.0640705841252863,0.0333187515019326,True,1,0,101772.6,11.6003327760126,0.00303802891154087,109134.110448545,109300.012712002,-7527.41271200222,7527.41271200222,56661942.1368126,4377.90462962963,1.71940993439116
SARIMA+CNY,2,2022Q1,2022Q3,0,1,1,1,0,1,4,1994Q1,2022Q1,113,0.389469917056,0,0.344444444444,0,0.130725415079665,0.0647771226072416,0.0435829310727157,True,1,0,109872.9,11.6656606223269,0.00302906338377045,116501.639206027,116678.218314336,-6805.31831433567,6805.31831433567,46312357.3594325,4369.28440366972,1.55753612848364
SARIMA+CNY,2,2022Q2,2022Q4,0,1,1,1,0,1,4,1994Q1,2022Q2,114,0.389469917056,0,0.344444444444,0,0.123161082777375,0.0659599039596063,0.0618720761450315,True,1,0,119427.9,11.7316925728524,0.0030944939097822,124454.139905152,124646.850240939,-5218.95024093884,5218.95024093884,27237441.6173955,4374.20818181818,1.19311885123161
SARIMA+CNY,2,2022Q3,2023Q1,0,1,1,1,0,1,4,1994Q1,2022Q3,115,0.389469917056,1,0.233333333333,-0.156136583723,0.123197702744715,0.0654255723423267,0.0596975716271143,True,1,0,114922.4,11.5756316719114,0.0030584859819138,106471.398769755,106634.343969709,8288.05603029144,8288.05603029144,68691872.7612503,4368.31441441441,1.89731215384653
SARIMA+CNY,2,2022Q4,2023Q2,0,1,1,1,0,1,4,1994Q1,2022Q4,116,0.389469917056,0,0.233333333333,0,0.122965600553968,0.0656773466222944,0.0611695226149165,True,1,0,112665.2,11.5648289799275,0.00307555955119091,105327.411241281,105489.50620534,7175.69379466043,7175.69379466043,51490581.4347282,4359.11607142857,1.64613505974132
SARIMA+CNY,2,2023Q1,2023Q3,0,1,1,1,0,1,4,1994Q1,2023Q1,117,0.384265364265233,0,0.233333333333,0,0.0937501540757699,0.059941722781923,0.117812476691652,True,1,0,114519.4,11.6822600147176,0.00313197628041307,118451.635229016,118637.274401406,-4117.87440140641,4117.87440140641,16956889.5857582,4375.96725663717,0.941020387015168
SARIMA+CNY,2,2023Q2,2023Q4,0,1,1,1,0,1,4,1994Q1,2023Q2,118,0.384265364265233,0,0.233333333333,0,0.0930341781598542,0.0594829559332893,0.117806375749761,True,1,0,129388.2,11.7954414640192,0.00310560309393568,132646.299707341,132852.433087423,-3464.23308742257,3464.23308742257,12000910.8839933,4433.13070175439,0.781441676432328
SARIMA+CNY,2,2023Q3,2024Q1,0,1,1,1,0,1,4,1994Q1,2023Q3,119,0.384265364265233,1,0.43956043956,0.0552950752947667,0.0913983113915941,0.0592514526437265,0.122940066710503,True,1,0,120326.8,11.6793757035086,0.00308084549599858,118110.476090883,118292.556359319,2034.24364068122,2034.24364068122,4138147.18965198,4434.98608695652,0.458680952047181
SARIMA+CNY,2,2023Q4,2024Q2,0,1,1,1,0,1,4,1994Q1,2023Q4,120,0.384265364265233,0,0.43956043956,0,0.0912949491408678,0.058713902617929,0.119967039598249,True,1,0,115642.2,11.6625022715397,0.00305480838725733,116134.266613275,116311.786116629,-669.586116628736,669.586116628736,448345.567581951,4482.61810344828,0.149373892929592
SARIMA+CNY,2,2024Q1,2024Q3,0,1,1,1,0,1,4,1994Q1,2024Q1,121,0.386049076371516,0,0.43956043956,0,0.0961431409156198,0.0576239799055423,0.0952250126715805,True,1,0,117595,11.7110363151353,0.003030986136602,121909.752349366,122094.645800994,-4499.64580099433,4499.64580099433,20246812.3344059,4490.49658119658,1.00203746281337
SARIMA+CNY,2,2024Q2,2024Q4,0,1,1,1,0,1,4,1994Q1,2024Q2,122,0.386049076371516,0,0.43956043956,0,0.0984686739482416,0.0568848244823565,0.0834484950256897,True,1,0,134330.8,11.814732803164,0.00300543016439404,135230.06649215,135433.431514208,-1102.63151420801,1102.63151420801,1215796.25612466,4477.67033898305,0.246251159807008
SARIMA+CNY,2,2024Q3,2025Q1,0,1,1,1,0,1,4,1994Q1,2024Q3,123,0.386049076371516,1,0.311111111111,-0.0749379652605162,0.0997283029102427,0.0563413945670122,0.0767152124700105,True,1,0,124671.1,11.7024336895351,0.00298987511862045,120865.506461053,121046.327971045,3624.77202895537,3624.77202895537,13138972.2618972,4465.88823529412,0.811657578062216
SARIMA+CNY,2,2024Q4,2025Q2,0,1,1,1,0,1,4,1994Q1,2024Q4,124,0.386049076371516,0,0.311111111111,0,0.0993979286626349,0.0559378415662292,0.0755788756669005,True,1,0,120787.3,11.6963887092544,0.00296179461873345,120137.080735612,120315.123214005,472.176785995485,472.176785995485,222950.917233026,4469.86083333333,0.105635679409591
SARIMA+CNY,2,2025Q1,2025Q3,0,1,1,1,0,1,4,1994Q1,2025Q1,125,0.383707264957125,0,0.311111111111,0,0.0973358584098776,0.0555525382261414,0.079749632205205,True,1,0,120418.8,11.7398952444786,0.00294372913537427,125479.194693781,125664.019059284,-5245.21905928357,5245.21905928357,27512322.9798716,4468.82314049587,1.17373610330472
SARIMA+CNY,2,2025Q2,2025Q4,0,1,1,1,0,1,4,1994Q1,2025Q2,126,0.383707264957125,0,0.311111111111,0,0.0967219265917321,0.0551215475394414,0.0793101792533512,True,1,0,135325.2,11.8526801903783,0.00291812926459786,140460.303487373,140665.393732011,-5340.19373201072,5340.19373201072,28517669.0954066,4474.36639344262,1.19350836798636
SARIMA+CNY,2,2025Q3,2026Q1,0,1,1,1,0,1,4,1994Q1,2025Q3,127,0.383707264957125,1,0.522222222222,0.138514957264875,0.0964565851870012,0.0548124387444102,0.078448978264059,True,1,0,127694.9,11.7652919522651,0.00290629048076368,128706.764479997,128893.930058655,-1199.03005865526,1199.03005865526,1437673.08155884,4460.94715447155,0.268783739671379
SARIMA+CNY,2,2025Q4,2026Q2,0,1,1,1,0,1,4,1994Q1,2025Q4,128,0.383707264957125,0,0.522222222222,0,0.0964163587230078,0.054410431409316,0.0763912798711496,True,1,0,121027.2,11.7154156889876,0.00289208061178907,122444.811487991,122621.999700424,-1594.79970042351,1594.79970042351,2543386.08447091,4432.99112903226,0.359757024998076
