model,horizon,origin,target,training_start,training_end,n_train,p,d,q,P,D,Q,seasonal_period,aic,aicc,converged,actual,forecast_log_mean,forecast_log_variance,forecast_level_median,forecast,error,absolute_error,squared_error,mase_scale,scaled_absolute_error
SARIMA,1,2004Q4,2005Q1,1994Q1,2004Q4,44,1,1,0,1,0,0,4,-197.825558664594,-197.225558664594,True,15112.2,9.62565050050837,0.000371305379309233,15148.4046310045,15151.2172341438,-39.0172341438138,39.0172341438138,1522.34456023319,942.135,0.0414136340798439
SARIMA,1,2005Q1,2005Q2,1994Q1,2005Q1,45,0,1,0,1,0,0,4,-205.594171741905,-205.30845745619,True,14497.5,9.59114183715162,0.000364940866677092,14634.5702938137,14637.2409138441,-139.740913844089,139.740913844089,19527.5230019811,974.80487804878,0.143352702669894
SARIMA,1,2005Q2,2005Q3,1994Q1,2005Q2,46,1,1,0,1,0,0,4,-209.744043504602,-209.172614933174,True,15470.9,9.64027639451927,0.000355005966923832,15371.5917686733,15374.3205142459,96.5794857541259,96.5794857541259,9327.59706853141,1001.09285714286,0.096474053395772
SARIMA,1,2005Q3,2005Q4,1994Q1,2005Q3,47,0,1,0,1,0,0,4,-217.446966603135,-217.174239330408,True,22096,9.80659603197773,0.000347644185061406,18153.089252844,18156.2449350595,3939.75506494046,3939.75506494046,15521669.971724,1030.86511627907,3.82179492032973
SARIMA,1,2005Q4,2006Q1,1994Q1,2005Q4,48,0,1,0,1,0,0,4,-166.705374903809,-166.438708237142,True,18440.2,9.977825524793,0.00121220161786396,21543.4159565735,21556.4773962867,-3116.27739628666,3116.27739628666,9711184.81060718,1157.08863636364,2.69320542813396
SARIMA,1,2006Q1,2006Q2,1994Q1,2006Q1,49,1,1,0,1,0,0,4,-161.42721917286,-160.893885839527,True,18008,9.8556751884352,0.00139435865109817,19066.2529194446,19079.5501515348,-1071.55015153481,1071.55015153481,1148219.72725427,1205.33111111111,0.889008955014046
SARIMA,1,2006Q2,2006Q3,1994Q1,2006Q2,50,0,1,1,1,0,0,4,-164.8409817198,-164.319242589365,True,18643.2,9.86675029413827,0.00141847077382933,19278.5873285303,19292.2652347276,-649.065234727626,649.065234727626,421285.678932029,1255.44347826087,0.51700076185569
SARIMA,1,2006Q3,2006Q4,1994Q1,2006Q3,51,1,1,0,1,0,0,4,-168.862319193309,-168.351680895437,True,21318.6,10.1900002007926,0.00140489846848341,26635.5002483909,26654.216908126,-5335.61690812605,5335.61690812605,28468807.7902806,1296.22765957447,4.11626527849101
SARIMA,1,2006Q4,2007Q1,1994Q1,2006Q4,52,0,1,0,1,0,1,4,-161.994918784189,-161.494918784189,True,21187.8,9.89136644528904,0.00168101033976586,19759.0411492515,19775.655706822,1412.14429317796,1412.14429317796,1994151.50475508,1285.41875,1.09858697267172
SARIMA,1,2007Q1,2007Q2,1994Q1,2007Q1,53,1,1,0,1,0,1,4,-164.854030209252,-164.020696875919,True,20856,9.90379495555058,0.00165323022266634,20006.149005352,20022.6932273493,833.306772650682,833.306772650682,694400.177345495,1315.25918367347,0.63356848824525
SARIMA,1,2007Q2,2007Q3,1994Q1,2007Q2,54,1,1,0,1,0,1,4,-168.473245317561,-167.656918786949,True,21783.2,9.98327898487485,0.00164970381039188,21661.2230516974,21679.0977237657,104.102276234338,104.102276234338,10837.2839171705,1345.914,0.0773469004961225
SARIMA,1,2007Q3,2007Q4,1994Q1,2007Q3,55,1,1,0,1,0,1,4,-173.113938411402,-172.313938411401,True,25383,10.1863183740664,0.00158123953817791,26537.613263748,26558.6027216656,-1175.60272166558,1175.60272166558,1382041.75918752,1381.09215686275,0.851212365390626
SARIMA,1,2007Q4,2008Q1,1994Q1,2007Q4,56,1,1,0,1,0,1,4,-176.477064877139,-175.692751151649,True,25555.2,10.0832653319124,0.00159294986154625,23939.0269258187,23958.1013557765,1597.0986442235,1597.0986442235,2550724.07938054,1432.69423076923,1.11475191979101
SARIMA,1,2008Q1,2008Q2,1994Q1,2008Q1,57,1,1,0,1,0,1,4,-178.58555172721,-177.816320957979,True,25487.5,10.0958073114448,0.0016791139887309,24241.1604271554,24261.520808598,1225.97919140198,1225.97919140198,1503024.97775066,1488.06603773585,0.823874183209879
SARIMA,1,2008Q2,2008Q3,1994Q1,2008Q2,58,1,1,0,1,0,1,4,-181.736739945652,-180.98202296452,True,26843,10.1824783381179,0.00170682923344738,26435.9032847995,26458.4737006606,384.526299339424,384.526299339424,147860.474883673,1546.27777777778,0.248678668778416
SARIMA,1,2008Q3,2008Q4,1994Q1,2008Q3,59,1,1,0,1,0,1,4,-186.141287968559,-185.400547227818,True,30602,10.384665795164,0.00168249657086608,32359.5930429273,32386.8269487241,-1784.82694872409,1784.82694872409,3185607.23689175,1610.16,1.10847800760427
SARIMA,1,2008Q4,2009Q1,1994Q1,2008Q4,60,1,1,0,1,0,1,4,-188.975431891902,-188.248159164629,True,29398,10.2994792746481,0.00174512364978149,29717.1403548481,29743.0817131402,-345.08171314024,345.08171314024,119081.388743803,1674.60357142857,0.206067704039266
SARIMA,1,2009Q1,2009Q2,1994Q1,2009Q1,61,1,1,0,1,0,1,4,-193.445833127326,-192.73154741304,True,29313.2,10.2631104846957,0.00170929951364829,28655.7810803201,28680.2822051008,632.917794899167,632.917794899167,400584.935100024,1712.64210526316,0.369556367295966
SARIMA,1,2009Q2,2009Q3,1994Q1,2009Q2,62,1,1,0,1,0,1,4,-197.708260823015,-197.00650643705,True,30964.9,10.3273808938983,0.00169921224428126,30557.972430146,30583.9457025661,380.954297433891,380.954297433891,145126.17673335,1749.07413793103,0.217803401909835
SARIMA,1,2009Q3,2009Q4,1994Q1,2009Q3,63,1,1,0,1,0,1,4,-202.152862238755,-201.463207066342,True,35666.6,10.5050991191551,0.00167452727305652,36501.1526730343,36531.7265582739,-865.126558273878,865.126558273878,748443.961830805,1789.29152542373,0.48350229461295
SARIMA,1,2009Q4,2010Q1,1994Q1,2009Q4,64,1,1,0,1,0,1,4,-206.43873761138,-205.760771509685,True,36374,10.4490649412616,0.00166521199130315,34512.0887868139,34540.835724636,1833.16427536402,1833.16427536402,3360491.26047089,1843.88,0.994188491313978
SARIMA,1,2010Q1,2010Q2,1994Q1,2010Q1,65,1,1,0,1,0,1,4,-209.377127361821,-208.710460695155,True,36295.4,10.4736925602361,0.00168675113455947,35372.5919391194,35402.4369023996,892.963097600375,892.963097600375,797383.093676058,1928.0131147541,0.463151983130709
SARIMA,1,2010Q2,2010Q3,1994Q1,2010Q2,66,1,1,0,1,0,1,4,-213.555897475186,-212.900159770267,True,38359.1,10.5459164715904,0.00167304368109904,38021.8575333091,38053.6769545189,305.423045481148,305.423045481148,93283.2367109792,2009.53225806452,0.151987132456045
SARIMA,1,2010Q3,2010Q4,1994Q1,2010Q3,67,1,1,0,1,0,1,4,-218.071521056681,-217.426359766358,True,43525.2,10.7038867827418,0.00164769285086307,44528.5921807449,44565.2920176815,-1040.09201768153,1040.09201768153,1081791.40524485,2095.00317460318,0.49646321795123
SARIMA,1,2010Q4,2011Q1,1994Q1,2010Q4,68,1,1,0,1,0,1,4,-222.352642891513,-221.717722256592,True,42921.8,10.6731166079617,0.0016362330651191,43179.3049756871,43214.6451331645,-292.845133164541,292.845133164541,85758.2720181578,2185.059375,0.134021590678533
SARIMA,1,2011Q1,2011Q2,1994Q1,2011Q1,69,1,1,0,1,0,1,4,-226.916952285568,-226.291952285568,True,42910.9,10.6589903228647,0.00161071912228329,42573.6298450337,42607.9307353029,302.969264697145,302.969264697145,91790.3753511289,2252.17846153846,0.134522760905096
SARIMA,1,2011Q2,2011Q3,1994Q1,2011Q2,70,1,1,0,1,0,1,4,-231.478993647113,-230.863609031728,True,44978.1,10.7158915871686,0.00158834084124463,45066.3707259132,45102.1753201015,-124.075320101489,124.075320101489,15394.6850582869,2318.28939393939,0.053520203485317
SARIMA,1,2011Q3,2011Q4,1994Q1,2011Q3,71,1,1,0,1,0,1,4,-236.091588521482,-235.485527915421,True,50415,10.8535771566073,0.0015638378485982,51718.8271961743,51759.2829403963,-1344.28294039627,1344.28294039627,1807096.62384044,2382.47910447761,0.564237032706744
SARIMA,1,2011Q4,2012Q1,1994Q1,2011Q4,72,0,1,1,1,0,1,4,-240.332288981126,-239.735274055753,True,49318.8,10.8209913152111,0.00155643593760109,50060.6883410149,50099.6616311028,-780.861631102765,780.861631102765,609744.886928471,2448.76323529412,0.318880004341856
SARIMA,1,2012Q1,2012Q2,1994Q1,2012Q1,73,0,1,1,1,0,1,4,-244.823897512694,-244.235662218576,True,48902.8,10.8050159831177,0.0015367590049955,49267.3063634872,49305.1768994487,-402.376899448711,402.376899448711,161907.169209958,2505.98405797101,0.160566424263089
SARIMA,1,2012Q2,2012Q3,1994Q1,2012Q2,74,1,1,0,1,0,1,4,-249.438521614754,-248.858811469827,True,51200.4,10.847306722031,0.00151403232626775,51395.5423015211,51434.464288184,-234.064288184039,234.064288184039,54786.0910031011,2555.78285714286,0.0915822279384498
SARIMA,1,2012Q3,2012Q4,1994Q1,2012Q3,75,1,1,0,1,0,1,4,-254.090783889555,-253.519355318127,True,57744.7,10.9710849458577,0.00149302940065147,58167.6679505363,58211.10718174,-466.407181740033,466.407181740033,217535.65917868,2607.42394366197,0.178876619919733
SARIMA,1,2012Q4,2013Q1,1994Q1,2012Q4,76,1,1,0,1,0,1,4,-258.731396446639,-258.168016164949,True,55451,10.948916969911,0.00147450975262609,56892.39581159,56934.3554734093,-1483.35547340927,1483.35547340927,2200343.46049324,2673.01111111111,0.554938012507053
SARIMA,1,2013Q1,2013Q2,1994Q1,2013Q1,77,1,1,0,1,0,1,4,-262.968628906048,-262.413073350493,True,55313.3,10.9231229045993,0.00146295865500537,55443.6741713187,55484.2449093349,-170.944909334918,170.944909334918,29222.1620275232,2720.39726027397,0.0628382155177225
SARIMA,1,2013Q2,2013Q3,1994Q1,2013Q2,78,1,1,0,1,0,1,4,-267.660714896803,-267.112769691324,True,58052.7,10.9669257586199,0.00144364090279562,57926.2401480962,57968.0675870421,84.6324129579443,84.6324129579443,7162.64532308402,2770.26351351351,0.0305503113855784
SARIMA,1,2013Q3,2013Q4,1994Q1,2013Q3,79,1,1,0,1,0,1,4,-272.366955722719,-271.826415182179,True,65563,11.0915040685057,0.00142375549568092,65611.3559212141,65658.0798143768,-95.0798143767752,95.0798143767752,9040.17110192202,2824.69066666667,0.0336602572093234
SARIMA,1,2013Q4,2014Q1,1994Q1,2013Q4,80,1,1,0,1,0,1,4,-277.089371544717,-276.556038211383,True,62081.2,11.0652997939288,0.0014056090354745,63914.3889324858,63959.3240422254,-1878.12404222542,1878.12404222542,3527349.91798515,2890.39605263158,0.649780863254179
SARIMA,1,2014Q1,2014Q2,1994Q1,2014Q1,81,1,1,0,1,0,1,4,-281.220268681476,-280.693952892002,True,62117.5,11.0387856281551,0.00139896246873744,62242.0209222194,62285.5732780957,-168.073278095748,168.073278095748,28248.6268098506,2938.96493506493,0.0571879154087404
SARIMA,1,2014Q2,2014Q3,1994Q1,2014Q2,82,1,1,0,1,0,1,4,-285.958091399437,-285.438610879956,True,64952.1,11.0824959989751,0.00138047481856525,65022.9783169322,65067.8751019672,-115.775101967236,115.775101967236,13403.8742355239,2988.51923076923,0.0387399554853913
SARIMA,1,2014Q3,2014Q4,1994Q1,2014Q3,83,1,1,0,1,0,1,4,-290.71064985696,-290.19782934414,True,73243.3,11.2026688222979,0.00136281982312587,73325.8746589784,73375.8566639279,-132.556663927855,132.556663927855,17571.2691516823,3038.02405063291,0.0436325261810352
SARIMA,1,2014Q4,2015Q1,1994Q1,2014Q4,84,1,1,0,1,0,1,4,-295.4757444025,-294.969415288576,True,70715.3,11.1647335395178,0.00134666445088239,70596.3370871998,70643.8878829037,71.4121170963044,71.4121170963044,5099.6904681763,3096.0525,0.0230655381639376
SARIMA,1,2015Q1,2015Q2,1994Q1,2015Q1,85,1,1,0,1,0,1,4,-300.2522996442,-299.7522996442,True,70861.8,11.1635085945545,0.00132939902366232,70509.913402593,70556.7968875996,305.003112400358,305.003112400358,93026.8985739055,3164.42345679012,0.0963850497776749
SARIMA,1,2015Q2,2015Q3,1994Q1,2015Q2,86,1,1,0,1,0,1,4,-305.024343018879,-304.530515858385,True,74502.8,11.2128826958415,0.00131364862266585,74078.6537209441,74127.3263645968,375.473635403221,375.473635403221,140980.450882911,3232.47073170732,0.116156855411002
SARIMA,1,2015Q3,2015Q4,1994Q1,2015Q3,87,1,1,0,1,0,1,4,-309.80225119432,-309.314446316271,True,84850.9,11.3366050069265,0.00129834154852421,83834.9284514364,83889.3693056433,961.530694356727,961.530694356727,924541.276190129,3308.59397590361,0.290616105016066
SARIMA,1,2015Q4,2016Q1,1994Q1,2015Q4,88,1,1,0,1,0,1,4,-314.506918918251,-314.024991207408,True,78024.4,11.310277000405,0.00128319702676088,81656.5242594657,81708.9317745325,-3684.5317745325,3684.5317745325,13575774.3975396,3407.39166666667,1.08133497260588
SARIMA,1,2016Q1,2016Q2,1994Q1,2016Q1,89,1,1,0,1,0,1,4,-317.725845451064,-317.249654974873,True,78113.9,11.2762812494029,0.00129263390255814,78927.2048777621,78978.2333567008,-864.333356700823,864.333356700823,747072.151505712,3453.29411764706,0.25029242435039
SARIMA,1,2016Q2,2016Q3,1994Q1,2016Q2,90,1,1,0,1,0,1,4,-322.462179506227,-321.991591270933,True,82343.5,11.3123273445726,0.00127915254472126,81824.1199934849,81876.4694981056,467.03050189442,467.03050189442,218117.489699754,3497.46627906977,0.133533954191157
SARIMA,1,2016Q3,2016Q4,1994Q1,2016Q3,91,0,1,1,1,0,1,4,-327.270061953815,-326.804945674746,True,93834.2,11.4398790081628,0.00126523231631137,92955.7644742214,93014.5883973418,819.611602658188,819.611602658188,671763.179211923,3547.38850574713,0.231046473012565
SARIMA,1,2016Q4,2017Q1,1994Q1,2016Q4,92,0,1,1,1,0,1,4,-332.040348264379,-331.580578149436,True,85823.4,11.3924623744416,0.00125103401037825,88650.9807349889,88706.4507778841,-2883.05077788413,2883.05077788413,8311981.78785827,3609.16022727273,0.798814847869116
SARIMA,1,2017Q1,2017Q2,1994Q1,2017Q1,93,0,1,1,1,0,1,4,-336.071173393929,-335.616627939383,True,86545.3,11.3680931635034,0.0012494188088755,86516.7368244593,86570.8015292013,-25.5015292012977,25.5015292012977,650.327991604638,3656.23707865169,0.00697480186670551
SARIMA,1,2017Q2,2017Q3,1994Q1,2017Q2,94,0,1,1,1,0,1,4,-340.92371346054,-340.474275258292,True,90809.7,11.4170630060721,0.0012353285701271,90858.8975803845,90915.0352117204,-105.33521172039,105.33521172039,11095.5068281795,3709.29444444444,0.0283976409255283
SARIMA,1,2017Q3,2017Q4,1994Q1,2017Q3,95,0,1,1,1,0,1,4,-345.787257350459,-345.342812906014,True,103083.2,11.5408265785353,0.00122186973230705,102829.39950664,102892.240766068,190.95923393243,190.95923393243,36465.4290240605,3761.56813186813,0.0507658580778099
SARIMA,1,2017Q4,2018Q1,1994Q1,2017Q4,96,0,1,1,1,0,1,4,-350.657172335908,-350.217611896347,True,90275.4,11.4739502791955,0.00120863348090171,96177.4574541181,96235.5966671922,-5960.19666719223,5960.19666719223,35523944.3116093,3821.21413043478,1.55976515938249
SARIMA,1,2018Q1,2018Q2,1994Q1,2018Q1,97,0,1,1,1,0,1,4,-352.344358220863,-351.909575612168,True,89742.5,11.4303699362366,0.0012381575017148,92076.0307783336,92133.0507405541,-2390.55074055407,2390.55074055407,5714732.84316361,3827.99677419355,0.624491315319275
SARIMA,1,2018Q2,2018Q3,1994Q1,2018Q2,98,0,1,1,1,0,1,4,-356.683517987653,-356.253410460771,True,94281.4,11.4586963266834,0.00123157820160938,94721.5038402254,94779.8502726068,-498.450272606831,498.450272606831,248452.674261824,3821.28617021277,0.130440446070826
SARIMA,1,2018Q3,2018Q4,1994Q1,2018Q3,99,0,1,1,1,0,1,4,-361.53238123556,-361.106849320667,True,106687.6,11.5788446884444,0.00121914853821955,106814.043300787,106879.174242219,-191.574242218689,191.574242218689,36700.6902816648,3817.60631578947,0.0501817700338416
SARIMA,1,2018Q4,2019Q1,1994Q1,2018Q4,100,0,1,1,1,0,1,4,-366.407954666463,-365.986902034884,True,97789.7,11.4810953838081,0.00120628438320273,96867.1163574408,96925.5586250216,864.141374978353,864.141374978353,746740.315949479,3815.38541666667,0.22648861926335
SARIMA,1,2019Q1,2019Q2,1994Q1,2019Q1,101,0,1,1,1,0,1,4,-371.224183854989,-370.807517188322,True,97420,11.4879810830588,0.00119465123999266,97536.41584099,97594.6942449134,-174.694244913437,174.694244913437,30518.0792058758,3853.51855670103,0.0453336975916865
SARIMA,1,2019Q2,2019Q3,1994Q1,2019Q2,102,0,1,1,1,0,1,4,-376.119938888761,-375.70756775474,True,101464.5,11.5349930225834,0.00118263584977002,102231.284715341,102291.753782937,-827.253782937085,827.253782937085,684348.821383718,3892.5387755102,0.212522939563693
SARIMA,1,2019Q3,2019Q4,1994Q1,2019Q3,103,0,1,1,1,0,1,4,-380.978414853296,-380.57025158799,True,114974.8,11.6514669499223,0.00117167516304559,114859.733008703,114927.041871009,47.7581289914669,47.7581289914669,2280.8388847656,3925.77676767677,0.0121652686379643
SARIMA,1,2019Q4,2020Q1,1994Q1,2019Q4,104,0,1,1,1,0,1,4,-385.894132950891,-385.49009254685,True,78579.7,11.5610768657936,0.00115951678604903,104932.951265083,104993.804662714,-26414.1046627135,26414.1046627135,697704925.132783,3969.391,6.65444766280608
SARIMA,1,2020Q1,2020Q2,1994Q1,2020Q1,105,1,1,0,1,0,1,4,-336.212186895784,-335.812186895784,True,93676.5,11.3461136797499,0.00196118861369438,84635.8893599771,84718.923536005,8957.57646399496,8957.57646399496,80238176.1083165,4120.28811881188,2.17401701184381
SARIMA,1,2020Q2,2020Q3,1994Q1,2020Q2,106,1,1,0,1,0,1,4,-337.426319950098,-337.030280346138,True,101067.8,11.41916011012,0.00200241807470524,91049.6380737101,91140.843444399,9926.95655560096,9926.95655560096,98544466.4567889,4116.59411764706,2.41144894830559
SARIMA,1,2020Q3,2020Q4,1994Q1,2020Q3,107,0,1,1,1,0,1,4,-339.626595970009,-339.234439107264,True,118656.6,11.6208186851289,0.00202828786079042,111392.879389591,111505.905104597,7150.69489540304,7150.69489540304,51132437.4871431,4080.4786407767,1.75241571514315
SARIMA,1,2020Q4,2021Q1,1994Q1,2020Q4,108,0,1,1,1,0,1,4,-342.054671506728,-341.666321992165,True,105220.8,11.4256380937724,0.0020416884800648,91641.3706885177,91734.970020975,13485.829979025,13485.829979025,181867610.223168,4076.64519230769,3.30807056853308
SARIMA,1,2021Q1,2021Q2,1994Q1,2021Q1,109,0,1,1,1,0,1,4,-340.357180592539,-339.972565207924,True,106683.5,11.5984206665772,0.00214325052057619,108925.633465149,109042.423491858,-2358.92349185806,2358.92349185806,5564520.04043983,4291.54476190476,0.549667689079649
SARIMA,1,2021Q2,2021Q3,1994Q1,2021Q2,110,0,1,1,1,0,1,4,-344.47809315467,-344.097140773718,True,106152.9,11.6392302798659,0.00212666464353517,113462.796708346,113583.509534956,-7430.60953495566,7430.60953495566,55213958.0609739,4373.76603773585,1.69890420997513
SARIMA,1,2021Q3,2021Q4,1994Q1,2021Q3,111,0,1,1,1,0,1,4,-346.727326795045,-346.349968304479,True,122766,11.727812964298,0.00214887595938392,123972.241951501,124105.514020146,-1339.51402014597,1339.51402014597,1794297.81016763,4380.41401869159,0.305796213424155
SARIMA,1,2021Q4,2022Q1,1994Q1,2021Q4,112,0,1,1,1,0,1,4,-350.99265148285,-350.618819707149,True,108659.1,11.5586354471683,0.00213015580124308,104677.078476848,104788.627113284,3870.4728867162,3870.4728867162,14980560.3668053,4377.90462962963,0.884092554351429
SARIMA,1,2022Q1,2022Q2,1994Q1,2022Q1,113,0,1,1,1,0,1,4,-354.67498591383,-354.30461554346,True,101772.6,11.6272321256165,0.00212468227585702,112109.586815866,112228.748725989,-10456.148725989,10456.148725989,109331046.180002,4369.28440366972,2.39310325443842
SARIMA,1,2022Q2,2022Q3,1994Q1,2022Q2,114,0,1,1,1,0,1,4,-354.629647431249,-354.262674954185,True,109872.9,11.5962650969173,0.00219614979303686,108691.089553152,108810.506062202,1062.39393779841,1062.39393779841,1128680.8790708,4374.20818181818,0.242876857625192
SARIMA,1,2022Q3,2022Q4,1994Q1,2022Q3,115,0,1,1,1,0,1,4,-358.894734380901,-358.531098017264,True,119427.9,11.7390186906377,0.00216995341881539,125369.253615392,125505.350153076,-6077.45015307602,6077.45015307602,36935400.3631237,4368.31441441441,1.39125749122404
SARIMA,1,2022Q4,2023Q1,1994Q1,2022Q4,116,0,1,1,1,0,1,4,-362.111851111082,-361.751490750721,True,114922.4,11.5618200668233,0.00217537948127497,105010.96652943,105125.248020514,9797.15197948572,9797.15197948572,95984186.9091409,4359.11607142857,2.24750885705941
SARIMA,1,2023Q1,2023Q2,1994Q1,2023Q1,117,0,1,1,1,0,1,4,-362.756965140717,-362.399822283574,True,112665.2,11.6264297896567,0.00222965775541121,112019.673338152,112144.625742194,520.57425780622,520.57425780622,270997.557890497,4375.96725663717,0.118962100782781
SARIMA,1,2023Q2,2023Q3,1994Q1,2023Q2,118,0,1,1,1,0,1,4,-367.014983782605,-366.66100148172,True,114519.4,11.6777489333694,0.0022101611282361,117918.493693203,118048.875156476,-3529.47515647583,3529.47515647583,12457194.8801801,4433.13070175439,0.796158605267168
SARIMA,1,2023Q3,2023Q4,1994Q1,2023Q3,119,0,1,1,1,0,1,4,-370.908016311473,-370.557139118491,True,129388.2,11.7744522005584,0.0021987341778012,129891.166827515,130034.043423988,-645.843423988103,645.843423988103,417113.728308676,4434.98608695652,0.145624678708137
SARIMA,1,2023Q4,2024Q1,1994Q1,2023Q4,120,0,1,1,1,0,1,4,-375.186967502679,-374.839141415723,True,120326.8,11.6650520276052,0.00218125673064685,116430.758494343,116557.810452794,3768.9895472057,3768.9895472057,14205282.2069458,4482.61810344828,0.840800947175577
SARIMA,1,2024Q1,2024Q2,1994Q1,2024Q1,121,0,1,1,1,0,1,4,-378.989901089381,-378.645073503174,True,115642.2,11.682957951164,0.00217385496259424,118534.335798889,118663.244070226,-3021.04407022643,3021.04407022643,9126707.27425028,4490.49658119658,0.672763917219466
SARIMA,1,2024Q2,2024Q3,1994Q1,2024Q2,122,0,1,1,1,0,1,4,-383.007557960947,-382.665677619066,True,117595,11.7031497114274,0.00216031579293271,120952.07980021,121082.797729592,-3487.79772959219,3487.79772959219,12164733.0025484,4477.67033898305,0.778931333829351
SARIMA,1,2024Q3,2024Q4,1994Q1,2024Q3,123,0,1,1,1,0,1,4,-386.944660726609,-386.605677675761,True,134330.8,11.8005325552398,0.00215013439037212,133323.336083858,133466.744701973,864.055298027466,864.055298027466,746591.558049333,4465.88823529412,0.193478934649282
SARIMA,1,2024Q4,2025Q1,1994Q1,2024Q4,124,0,1,1,1,0,1,4,-391.227172140358,-390.891037686577,True,124671.1,11.7129222518132,0.00213248859995596,122139.883360761,122270.183768883,2400.91623111705,2400.91623111705,5764398.74884131,4469.86083333333,0.537134447948037
SARIMA,1,2025Q1,2025Q2,1994Q1,2025Q1,125,0,1,1,1,0,1,4,-395.350077582681,-395.016744249347,True,120787.3,11.7094123210725,0.00211950818374444,121711.93230812,121840.985396605,-1053.68539660495,1053.68539660495,1110252.91501854,4468.82314049587,0.235785879968397
SARIMA,1,2025Q2,2025Q3,1994Q1,2025Q2,126,0,1,1,1,0,1,4,-399.645382835696,-399.3148043233,True,120418.8,11.7330299897209,0.00210217513060791,124620.698325418,124751.754455476,-4332.95445547574,4332.95445547574,18774494.3132271,4474.36639344262,0.968395092057252
SARIMA,1,2025Q3,2025Q4,1994Q1,2025Q3,127,0,1,1,1,0,1,4,-403.419748691609,-403.09187983915,True,135325.2,11.8307198162777,0.0020955203894155,137409.365160654,137553.412674297,-2228.21267429707,2228.21267429707,4964931.72189811,4460.94715447155,0.499493178721825
SARIMA,1,2025Q4,2026Q1,1994Q1,2025Q4,128,0,1,1,1,0,1,4,-407.642244113183,-407.31704086115,True,127694.9,11.7374551414999,0.00208164646755229,125173.385791375,125303.736984065,2391.16301593509,2391.16301593509,5717660.56877579,4432.99112903226,0.539401714628987
SARIMA,1,2026Q1,2026Q2,1994Q1,2026Q1,129,0,1,1,1,0,1,4,-411.794962710132,-411.472382064971,True,121027.2,11.7277064260659,0.00206908111743167,123959.034871549,124087.341878701,-3060.14187870052,3060.14187870052,9364468.31777677,4421.7176,0.692070854705991
SARIMA,2,2004Q3,2005Q1,1994Q1,2004Q3,43,0,1,0,1,0,0,4,-193.442757098127,-193.142757098127,True,15112.2,9.62543437237546,0.000779508577866443,15145.1309883708,15151.0350186158,-38.8350186158114,38.8350186158114,1508.15867089041,905.561538461538,0.04288501329439
SARIMA,2,2004Q4,2005Q2,1994Q1,2004Q4,44,1,1,0,1,0,0,4,-197.825558664594,-197.225558664594,True,14497.5,9.59353581321195,0.000804503903756037,14669.6470744845,14675.5491556358,-178.049155635803,178.049155635803,31701.5018226224,942.135,0.188984758697854
SARIMA,2,2005Q1,2005Q3,1994Q1,2005Q1,45,0,1,0,1,0,0,4,-205.594171741905,-205.30845745619,True,15470.9,9.65041360958311,0.000729881861533905,15528.2093923654,15533.8773057181,-62.9773057180955,62.9773057180955,3966.14103551047,974.80487804878,0.0646050375169994
SARIMA,2,2005Q2,2005Q4,1994Q1,2005Q2,46,1,1,0,1,0,0,4,-209.744043504602,-209.172614933174,True,22096,9.79988773189743,0.000770795587831959,18031.7204271487,18038.6711517328,4057.32884826721,4057.32884826721,16461917.3829814,1001.09285714286,4.05289960798135
SARIMA,2,2005Q3,2006Q1,1994Q1,2005Q3,47,0,1,0,1,0,0,4,-217.446966603135,-217.174239330408,True,18440.2,9.78089334964437,0.000695288499445392,17692.4513402856,17698.6030885056,741.596911494438,741.596911494438,549965.97913809,1030.86511627907,0.719392769998124
SARIMA,2,2005Q4,2006Q2,1994Q1,2005Q4,48,0,1,0,1,0,0,4,-166.705374903809,-166.438708237142,True,18008,9.93747669735797,0.00242440318348659,20691.467523777,20716.564962149,-2708.56496214898,2708.56496214898,7336324.15418108,1157.08863636364,2.34084483852606
SARIMA,2,2006Q1,2006Q3,1994Q1,2006Q1,49,1,1,0,1,0,0,4,-161.42721917286,-160.893885839527,True,18643.2,9.88387303611006,0.00177971026284921,19611.5319326288,19628.9911218767,-985.791121876679,985.791121876679,971784.13597088,1205.33111111111,0.817859186400612
SARIMA,2,2006Q2,2006Q4,1994Q1,2006Q2,50,0,1,1,1,0,0,4,-164.8409817198,-164.319242589365,True,21318.6,10.2125304610165,0.00196919950796278,27242.4163156773,27269.2524013132,-5950.65240131324,5950.65240131324,35410264.001255,1255.44347826087,4.73988077070304
SARIMA,2,2006Q3,2007Q1,1994Q1,2006Q3,51,1,1,0,1,0,0,4,-168.862319193309,-168.351680895437,True,21187.8,10.0103817462524,0.00195357547265054,22256.3301054244,22278.0804367261,-1090.28043672611,1090.28043672611,1188711.43070767,1296.22765957447,0.84111801555294
SARIMA,2,2006Q4,2007Q2,1994Q1,2006Q4,52,0,1,0,1,0,1,4,-161.994918784189,-161.494918784189,True,20856,9.8548609557372,0.00335800629279173,19050.7348713977,19082.7479827247,1773.25201727532,1773.25201727532,3144422.71677101,1285.41875,1.37951310985259
SARIMA,2,2007Q1,2007Q3,1994Q1,2007Q1,53,1,1,0,1,0,1,4,-164.854030209252,-164.020696875919,True,21783.2,9.95200944856234,0.00255273820198896,20994.3671245867,21021.1807945091,762.01920549088,762.01920549088,580673.269536952,1315.25918367347,0.579368093338523
SARIMA,2,2007Q2,2007Q4,1994Q1,2007Q2,54,1,1,0,1,0,1,4,-168.473245317561,-167.656918786949,True,25383,10.1825804599938,0.00264595455386242,26438.6031066876,26473.6039253704,-1090.60392537042,1090.60392537042,1189416.92203337,1345.914,0.810307289596823
SARIMA,2,2007Q3,2008Q1,1994Q1,2007Q3,55,1,1,0,1,0,1,4,-173.113938411402,-172.313938411401,True,25555.2,10.11802940815,0.00254476035574324,24785.8798259942,24817.4369602545,737.763039745492,737.763039745492,544294.302814509,1381.09215686275,0.534188132254242
SARIMA,2,2007Q4,2008Q2,1994Q1,2007Q4,56,1,1,0,1,0,1,4,-176.477064877139,-175.692751151649,True,25487.5,10.0478979798246,0.00256221932148982,23107.1640352371,23136.7858166389,2350.71418336112,2350.71418336112,5525857.17185516,1432.69423076923,1.64076474440677
SARIMA,2,2008Q1,2008Q3,1994Q1,2008Q1,57,1,1,0,1,0,1,4,-178.58555172721,-177.816320957979,True,26843,10.1442534761786,0.00259787345434163,25444.4640615708,25477.5362851564,1365.46371484359,1365.46371484359,1864491.15655446,1488.06603773585,0.917609622299557
SARIMA,2,2008Q2,2008Q4,1994Q1,2008Q2,58,1,1,0,1,0,1,4,-181.736739945652,-180.98202296452,True,30602,10.3729559376414,0.0027411424751612,31982.876770467,32026.7416345577,-1424.74163455771,1424.74163455771,2029888.72524219,1546.27777777778,0.921400834334742
SARIMA,2,2008Q3,2009Q1,1994Q1,2008Q3,59,1,1,0,1,0,1,4,-186.141287968559,-185.400547227818,True,29398,10.3352037255929,0.00271268480877111,30797.9597718197,30839.7606923991,-1441.76069239906,1441.76069239906,2078673.89414703,1610.16,0.895414550354663
SARIMA,2,2008Q4,2009Q2,1994Q1,2008Q4,60,1,1,0,1,0,1,4,-188.975431891902,-188.248159164629,True,29313.2,10.2729339669912,0.00276000224211058,28938.6678300196,28978.630792191,334.569207809,334.569207809,111936.554813942,1674.60357142857,0.199790095708195
SARIMA,2,2009Q1,2009Q3,1994Q1,2009Q1,61,1,1,0,1,0,1,4,-193.445833127326,-192.73154741304,True,30964.9,10.3093106418945,0.00273226935450005,30010.7413599943,30051.7680920961,913.131907903877,913.131907903877,833809.881232174,1712.64210526316,0.533171469449286
SARIMA,2,2009Q2,2009Q4,1994Q1,2009Q2,62,1,1,0,1,0,1,4,-197.708260823015,-197.00650643705,True,35666.6,10.4951870652716,0.00269485752517092,36141.1384686016,36189.8689011072,-523.268901107156,523.268901107156,273810.342865891,1749.07413793103,0.299169080234716
SARIMA,2,2009Q3,2010Q1,1994Q1,2009Q3,63,1,1,0,1,0,1,4,-202.152862238755,-201.463207066342,True,36374,10.4653171716605,0.00265732553780118,35077.5699232882,35124.2071601881,1249.79283981193,1249.79283981193,1561982.14244516,1789.29152542373,0.698484747764039
SARIMA,2,2009Q4,2010Q2,1994Q1,2009Q4,64,1,1,0,1,0,1,4,-206.43873761138,-205.760771509685,True,36295.4,10.4330995267596,0.00262211509161774,33965.4641394526,34010.0240214116,2285.3759785884,2285.3759785884,5222943.36350887,1843.88,1.23943856356617
SARIMA,2,2010Q1,2010Q3,1994Q1,2010Q1,65,1,1,0,1,0,1,4,-209.377127361821,-208.710460695155,True,38359.1,10.5263821385134,0.00262059874477443,37286.333280833,37335.221562077,1023.878437923,1023.878437923,1048327.05564364,1928.0131147541,0.531053668716141
SARIMA,2,2010Q2,2010Q4,1994Q1,2010Q2,66,1,1,0,1,0,1,4,-213.555897475186,-212.900159770267,True,43525.2,10.697218837712,0.00262390306752131,44232.6656830863,44290.7348803286,-765.534880328625,765.534880328625,586043.652999762,2009.53225806452,0.380951774850308
SARIMA,2,2010Q3,2011Q1,1994Q1,2010Q3,67,1,1,0,1,0,1,4,-218.071521056681,-217.426359766358,True,42921.8,10.6890437748352,0.00258446256484364,43872.5349114425,43929.2650198103,-1007.4650198103,1007.4650198103,1014985.76614136,2095.00317460318,0.48088949554987
SARIMA,2,2010Q4,2011Q2,1994Q1,2010Q4,68,1,1,0,1,0,1,4,-222.352642891513,-221.717722256592,True,42910.9,10.663728739417,0.00255462355326277,42775.8401373353,42830.5131314943,80.3868685056877,80.3868685056877,6462.04862815073,2185.059375,0.0367893291255244
SARIMA,2,2011Q1,2011Q3,1994Q1,2011Q1,69,1,1,0,1,0,1,4,-226.916952285568,-226.291952285568,True,44978.1,10.7098866197134,0.00251930827582058,44796.5595508162,44853.0232773359,125.076722664111,125.076722664111,15644.1865523949,2252.17846153846,0.0555358843893175
SARIMA,2,2011Q2,2011Q4,1994Q1,2011Q2,70,1,1,0,1,0,1,4,-231.478993647113,-230.863609031728,True,50415,10.8548082604677,0.00248185999299865,51782.5376530366,51846.836043955,-1431.83604395497,1431.83604395497,2050154.4567686,2318.28939393939,0.617626102978409
SARIMA,2,2011Q3,2012Q1,1994Q1,2011Q3,71,1,1,0,1,0,1,4,-236.091588521482,-235.485527915421,True,49318.8,10.839633673999,0.00244353870055707,51002.6909479097,51065.0425543763,-1746.24255437631,1746.24255437631,3049363.0587147,2382.47910447761,0.732951886585043
SARIMA,2,2011Q4,2012Q2,1994Q1,2011Q4,72,0,1,1,1,0,1,4,-240.332288981126,-239.735274055753,True,48902.8,10.8164936282216,0.00243772209743795,49836.0366196501,49896.8168573157,-994.016857315743,994.016857315743,988069.512627865,2448.76323529412,0.405926078515448
SARIMA,2,2012Q1,2012Q3,1994Q1,2012Q1,73,0,1,1,1,0,1,4,-244.823897512694,-244.235662218576,True,51200.4,10.853753153221,0.00241470518446584,51727.9303356628,51790.4219035315,-590.021903531524,590.021903531524,348125.846646963,2505.98405797101,0.235445194335849
SARIMA,2,2012Q2,2012Q4,1994Q1,2012Q2,74,1,1,0,1,0,1,4,-249.438521614754,-248.858811469827,True,57744.7,10.9738748941903,0.00237194062943034,58330.1793325107,58399.3982313174,-654.698231317452,654.698231317452,428629.7740902,2555.78285714286,0.256163480198528
SARIMA,2,2012Q3,2013Q1,1994Q1,2012Q3,75,1,1,0,1,0,1,4,-254.090783889555,-253.519355318127,True,55451,10.9543976946951,0.00233748413191163,57205.0634152131,57271.9604642949,-1820.96046429492,1820.96046429492,3315897.01252517,2607.42394366197,0.698375294405516
SARIMA,2,2012Q4,2013Q2,1994Q1,2012Q4,76,1,1,0,1,0,1,4,-258.731396446639,-258.168016164949,True,55313.3,10.9424782572738,0.00230760587165979,56527.2587913474,56592.5177492441,-1279.21774924413,1279.21774924413,1636398.04998121,2673.01111111111,0.478568062783841
SARIMA,2,2013Q1,2013Q3,1994Q1,2013Q1,77,1,1,0,1,0,1,4,-262.968628906048,-262.413073350493,True,58052.7,10.9686832969073,0.0022929837358847,58028.1372508014,58094.7041902071,-42.0041902071025,42.0041902071025,1764.35199495445,2720.39726027397,0.0154404618841853
SARIMA,2,2013Q2,2013Q4,1994Q1,2013Q2,78,1,1,0,1,0,1,4,-267.660714896803,-267.112769691324,True,65563,11.0896991214558,0.00226277583670119,65493.037709078,65567.1776732995,-4.17767329950584,4.17767329950584,17.452954197404,2770.26351351351,0.00150804184480173
SARIMA,2,2013Q3,2014Q1,1994Q1,2013Q3,79,1,1,0,1,0,1,4,-272.366955722719,-271.826415182179,True,62081.2,11.0658509845853,0.00223282913390376,63949.6276572173,64021.0618207358,-1939.86182073576,1939.86182073576,3763063.88354828,2824.69066666667,0.686751949028436
SARIMA,2,2013Q4,2014Q2,1994Q1,2013Q4,80,1,1,0,1,0,1,4,-277.089371544717,-276.556038211383,True,62117.5,11.0606250654719,0.00220310019542798,63616.3037961154,63686.4189523669,-1568.91895236693,1568.91895236693,2461506.67909613,2890.39605263158,0.542804143030328
SARIMA,2,2014Q1,2014Q3,1994Q1,2014Q1,81,1,1,0,1,0,1,4,-281.220268681476,-280.693952892002,True,64952.1,11.0839773021146,0.00219103409766853,65119.3684327147,65190.7469020683,-238.646902068351,238.646902068351,56952.343866821,2938.96493506493,0.0812010035305433
SARIMA,2,2014Q2,2014Q4,1994Q1,2014Q2,82,1,1,0,1,0,1,4,-285.958091399437,-285.438610879956,True,73243.3,11.2034251332344,0.0021628089183162,73381.3527966272,73460.7506416148,-217.450641614807,217.450641614807,47284.7815386912,2988.51923076923,0.072762001788704
SARIMA,2,2014Q3,2015Q1,1994Q1,2014Q3,83,1,1,0,1,0,1,4,-290.71064985696,-290.19782934414,True,70715.3,11.1656085661075,0.00213507202861864,70658.1377939762,70733.6081772841,-18.3081772840524,18.3081772840524,335.189355464291,3038.02405063291,0.00602634376124778
SARIMA,2,2014Q4,2015Q2,1994Q1,2014Q4,84,1,1,0,1,0,1,4,-295.4757444025,-294.969415288576,True,70861.8,11.1622502311487,0.0021089447499342,70421.2421098722,70495.5385291645,366.261470835481,366.261470835481,134147.46501857,3096.0525,0.118299502620024
SARIMA,2,2015Q1,2015Q3,1994Q1,2015Q1,85,1,1,0,1,0,1,4,-300.2522996442,-299.7522996442,True,74502.8,11.2091209501039,0.00208268911585586,73800.5121380071,73877.4039281695,625.396071830532,625.396071830532,391120.246661059,3164.42345679012,0.197633496392076
SARIMA,2,2015Q2,2015Q4,1994Q1,2015Q2,86,1,1,0,1,0,1,4,-305.024343018879,-304.530515858385,True,84850.9,11.3322591769245,0.00205781856752121,83471.386621809,83557.3153052619,1293.58469473806,1293.58469473806,1673361.36246057,3232.47073170732,0.400184503466431
SARIMA,2,2015Q3,2016Q1,1994Q1,2015Q3,87,1,1,0,1,0,1,4,-309.80225119432,-309.314446316271,True,78024.4,11.3011167249428,0.00203315398807493,80911.9434929455,80994.2385357798,-2969.83853577981,2969.83853577981,8819940.92860277,3308.59397590361,0.897613474910808
SARIMA,2,2015Q4,2016Q2,1994Q1,2015Q4,88,1,1,0,1,0,1,4,-314.506918918251,-314.024991207408,True,78113.9,11.3102420432952,0.00201277855291658,81653.6698332778,81735.8865750659,-3621.98657506592,3621.98657506592,13118786.7499578,3407.39166666667,1.06297923144514
SARIMA,2,2016Q1,2016Q3,1994Q1,2016Q1,89,1,1,0,1,0,1,4,-317.725845451064,-317.249654974873,True,82343.5,11.3200601055658,0.00201605235608655,82459.2990356615,82542.4620759314,-198.962075931442,198.962075931442,39585.9076589489,3453.29411764706,0.0576151550239246
SARIMA,2,2016Q2,2016Q4,1994Q1,2016Q2,90,1,1,0,1,0,1,4,-322.462179506227,-321.991591270933,True,93834.2,11.4345466761104,0.00200225920962257,92461.4126672039,92554.0248754043,1280.17512459574,1280.17512459574,1638848.34963372,3497.46627906977,0.366029297339283
SARIMA,2,2016Q3,2017Q1,1994Q1,2016Q3,91,0,1,1,1,0,1,4,-327.270061953815,-326.804945674746,True,85823.4,11.3852792982859,0.00198988042326179,88016.4755667497,88104.0902760483,-2280.69027604835,2280.69027604835,5201548.1352615,3547.38850574713,0.642920918403328
SARIMA,2,2016Q4,2017Q2,1994Q1,2016Q4,92,0,1,1,1,0,1,4,-332.040348264379,-331.580578149436,True,86545.3,11.3925467002059,0.00196752801001194,88658.456611896,88745.7185257776,-2200.41852577757,2200.41852577757,4841841.68858513,3609.16022727273,0.609676042961473
SARIMA,2,2017Q1,2017Q3,1994Q1,2017Q1,93,0,1,1,1,0,1,4,-336.071173393929,-335.616627939383,True,90809.7,11.4167996038233,0.00195396506305209,90834.9682940867,90923.7558362383,-114.055836238302,114.055836238302,13008.7337800183,3656.23707865169,0.0311948688733178
SARIMA,2,2017Q2,2017Q4,1994Q1,2017Q2,94,0,1,1,1,0,1,4,-340.92371346054,-340.474275258292,True,103083.2,11.5412117259782,0.0019317739020944,102869.011614683,102968.419451306,114.780548694078,114.780548694078,13174.5743585136,3709.29444444444,0.0309440381218561
SARIMA,2,2017Q3,2018Q1,1994Q1,2017Q3,95,0,1,1,1,0,1,4,-345.787257350459,-345.342812906014,True,90275.4,11.4720956654381,0.00191069876706249,95999.2507217828,96091.0073696289,-5815.60736962895,5815.60736962895,33821289.0776826,3761.56813186813,1.54605929382454
SARIMA,2,2017Q4,2018Q2,1994Q1,2017Q4,96,0,1,1,1,0,1,4,-350.657172335908,-350.217611896347,True,89742.5,11.4775294913463,0.00189018323307495,96522.3137672698,96613.57931718,-6871.07931717997,6871.07931717997,47211730.9829784,3821.21413043478,1.79814035085183
SARIMA,2,2018Q1,2018Q3,1994Q1,2018Q1,97,0,1,1,1,0,1,4,-352.344358220863,-351.909575612168,True,94281.4,11.4782122153439,0.00192140970379118,96588.2343674096,96681.0717403193,-2399.6717403193,2399.6717403193,5758424.46128707,3827.99677419355,0.626874023639909
SARIMA,2,2018Q2,2018Q4,1994Q1,2018Q2,98,0,1,1,1,0,1,4,-356.683517987653,-356.253410460771,True,106687.6,11.5823698853281,0.00193215158838962,107191.248303688,107294.853211062,-607.25321106195,607.25321106195,368756.46234505,3821.28617021277,0.158913304058602
SARIMA,2,2018Q3,2019Q1,1994Q1,2018Q3,99,0,1,1,1,0,1,4,-361.53238123556,-361.106849320667,True,97789.7,11.4819606463258,0.00191499212501313,96950.9681140865,97043.842740761,745.857259239026,745.857259239026,556303.051159552,3817.60631578947,0.19537301584875
SARIMA,2,2018Q4,2019Q2,1994Q1,2018Q4,100,0,1,1,1,0,1,4,-366.407954666463,-365.986902034884,True,97420,11.4806253909685,0.00189530618023398,96821.6002033362,96913.3969808391,506.603019160888,506.603019160888,256646.619022927,3815.38541666667,0.132778989233409
SARIMA,2,2019Q1,2019Q3,1994Q1,2019Q1,101,0,1,1,1,0,1,4,-371.224183854989,-370.807517188322,True,101464.5,11.5358996928059,0.00187908792980214,102324.016809358,102420.199898861,-955.699898861247,955.699898861247,913362.296683397,3853.51855670103,0.248007083603982
SARIMA,2,2019Q2,2019Q4,1994Q1,2019Q2,102,0,1,1,1,0,1,4,-376.119938888761,-375.70756775474,True,114974.8,11.6571531304111,0.00186000109441249,115514.70656566,115622.185275859,-647.385275859167,647.385275859167,419107.69539925,3892.5387755102,0.166314406405448
SARIMA,2,2019Q3,2020Q1,1994Q1,2019Q3,103,0,1,1,1,0,1,4,-380.978414853296,-380.57025158799,True,78579.7,11.5603268323307,0.00184229202020248,104854.277547916,104950.908145933,-26371.2081459334,26371.2081459334,695440619.076144,3925.77676767677,6.7174497447392
SARIMA,2,2019Q4,2020Q2,1994Q1,2019Q4,104,0,1,1,1,0,1,4,-385.894132950891,-385.49009254685,True,93676.5,11.5591839197811,0.00182326570993018,104734.506735054,104830.029686757,-11153.5296867569,11153.5296867569,124401224.473368,3969.391,2.80988435927751
SARIMA,2,2020Q1,2020Q3,1994Q1,2020Q1,105,1,1,0,1,0,1,4,-336.212186895784,-335.812186895784,True,101067.8,11.3691396158785,0.00302123000968753,86607.319856342,86738.2490401432,14329.5509598568,14329.5509598568,205336030.711133,4120.28811881188,3.47780314061844
SARIMA,2,2020Q2,2020Q4,1994Q1,2020Q2,106,1,1,0,1,0,1,4,-337.426319950098,-337.030280346138,True,118656.6,11.5681941744284,0.00271900374582569,105682.45552786,105826.22873191,12830.3712680896,12830.3712680896,164618426.877019,4116.59411764706,3.11674430400807
SARIMA,2,2020Q3,2021Q1,1994Q1,2020Q3,107,0,1,1,1,0,1,4,-339.626595970009,-339.234439107264,True,105220.8,11.384116489617,0.00278959118895795,87914.1887274983,88036.8966069389,17183.9033930611,17183.9033930611,295286535.822057,4080.4786407767,4.21124698983604
SARIMA,2,2020Q4,2021Q2,1994Q1,2020Q4,108,0,1,1,1,0,1,4,-342.054671506728,-341.666321992165,True,106683.5,11.5126714834741,0.00283939053524365,99974.6050754465,100116.639347991,6566.86065200949,6566.86065200949,43123658.8229105,4076.64519230769,1.6108492012993
SARIMA,2,2021Q1,2021Q3,1994Q1,2021Q1,109,0,1,1,1,0,1,4,-340.357180592539,-339.972565207924,True,106152.9,11.6537432671079,0.00314681917223664,115121.487998544,115302.763824493,-9149.8638244926,9149.8638244926,83720008.0067583,4291.54476190476,2.13206766610341
SARIMA,2,2021Q2,2021Q4,1994Q1,2021Q2,110,0,1,1,1,0,1,4,-344.47809315467,-344.097140773718,True,122766,11.7729778766846,0.00309683313050916,129699.806277636,129900.791170198,-7134.79117019848,7134.79117019848,50905245.0423423,4373.76603773585,1.63126950747734
SARIMA,2,2021Q3,2022Q1,1994Q1,2021Q3,111,0,1,1,1,0,1,4,-346.727326795045,-346.349968304479,True,108659.1,11.5650976698437,0.00311800389132774,105355.71545694,105520.093321736,3139.00667826354,3139.00667826354,9853362.92618311,4380.41401869159,0.716600454858637
SARIMA,2,2021Q4,2022Q2,1994Q1,2021Q4,112,0,1,1,1,0,1,4,-350.99265148285,-350.618819707149,True,101772.6,11.6023615579889,0.00309805474274142,109355.744512402,109525.270820416,-7752.67082041551,7752.67082041551,60103904.8497222,4377.90462962963,1.77086334132212
SARIMA,2,2022Q1,2022Q3,1994Q1,2022Q1,113,0,1,1,1,0,1,4,-354.67498591383,-354.30461554346,True,109872.9,11.6606179357545,0.00308323797795322,115915.63670957,116094.472268969,-6221.57226896939,6221.57226896939,38707961.498009,4369.28440366972,1.42393392010462
SARIMA,2,2022Q2,2022Q4,1994Q1,2022Q2,114,0,1,1,1,0,1,4,-354.629647431249,-354.262674954185,True,119427.9,11.7312888611718,0.00315685047250833,124403.906455777,124600.423774362,-5172.52377436208,5172.52377436208,26755002.196341,4374.20818181818,1.18250516650355
SARIMA,2,2022Q3,2023Q1,1994Q1,2022Q3,115,0,1,1,1,0,1,4,-358.894734380901,-358.531098017264,True,114922.4,11.5938203262773,0.00311336386540512,108425.689322121,108594.605073668,6327.79492633179,6327.79492633179,40040988.6297103,4368.31441441441,1.44856672986989
SARIMA,2,2022Q4,2023Q2,1994Q1,2022Q4,116,0,1,1,1,0,1,4,-362.111851111082,-361.751490750721,True,112665.2,11.5671502144915,0.00313166856610668,105572.184847358,105737.622884201,6927.57711579873,6927.57711579873,47991324.6953383,4359.11607142857,1.58921602505721
SARIMA,2,2023Q1,2023Q3,1994Q1,2023Q1,117,0,1,1,1,0,1,4,-362.756965140717,-362.399822283574,True,114519.4,11.6739378995778,0.0031635390831793,117469.957565124,117655.914998182,-3136.5149981822,3136.5149981822,9837726.33382191,4375.96725663717,0.71675924755263
SARIMA,2,2023Q2,2023Q4,1994Q1,2023Q2,118,0,1,1,1,0,1,4,-367.014983782605,-366.66100148172,True,129388.2,11.7935016514211,0.00314079767398971,132389.240148366,132597.307388642,-3209.10738864161,3209.10738864161,10298370.2318342,4433.13070175439,0.723891895939731
SARIMA,2,2023Q3,2024Q1,1994Q1,2023Q3,119,0,1,1,1,0,1,4,-370.908016311473,-370.557139118491,True,120326.8,11.6675280156354,0.00311392111147996,116719.396843806,116901.265885505,3425.53411449549,3425.53411449549,11734283.9695724,4434.98608695652,0.772388920129902
SARIMA,2,2023Q4,2024Q2,1994Q1,2023Q4,120,0,1,1,1,0,1,4,-375.186967502679,-374.839141415723,True,115642.2,11.6621337145378,0.00309043169613704,116091.472402687,116270.997452425,-628.797452424566,628.797452424566,395386.236175624,4482.61810344828,0.140274597994609
SARIMA,2,2024Q1,2024Q3,1994Q1,2024Q1,121,0,1,1,1,0,1,4,-378.989901089381,-378.645073503174,True,117595,11.7191146913856,0.00307201205025117,122898.573855966,123087.49185834,-5492.49185834001,5492.49185834001,30167466.8139313,4490.49658119658,1.22313685335808
SARIMA,2,2024Q2,2024Q4,1994Q1,2024Q2,122,0,1,1,1,0,1,4,-383.007557960947,-382.665677619066,True,134330.8,11.8187916576855,0.00304407769941801,135780.061077909,135986.880959906,-1656.08095990645,1656.08095990645,2742604.14576468,4477.67033898305,0.369853257281682
SARIMA,2,2024Q3,2025Q1,1994Q1,2024Q3,123,0,1,1,1,0,1,4,-386.944660726609,-386.605677675761,True,124671.1,11.7082515710332,0.00303088342716416,121570.737139911,121755.110174132,2915.9898258683,2915.9898258683,8502996.66456741,4465.88823529412,0.652947335946094
SARIMA,2,2024Q4,2025Q2,1994Q1,2024Q4,124,0,1,1,1,0,1,4,-391.227172140358,-390.891037686577,True,120787.3,11.6966456402198,0.00300497538065631,120167.951637422,120348.638211214,438.661788786078,438.661788786078,192424.164941001,4469.86083333333,0.0981376837316324
SARIMA,2,2025Q1,2025Q3,1994Q1,2025Q1,125,0,1,1,1,0,1,4,-395.350077582681,-395.016744249347,True,120418.8,11.7378913111539,0.00298194013036064,125227.994532223,125414.844982993,-4996.0449829932,4996.0449829932,24960465.4720916,4468.82314049587,1.11797778205177
SARIMA,2,2025Q2,2025Q4,1994Q1,2025Q2,126,0,1,1,1,0,1,4,-399.645382835696,-399.3148043233,True,135325.2,11.8528079667508,0.00295644453843217,140478.252142113,140686.063780825,-5360.86378082455,5360.86378082455,28738860.4765565,4474.36639344262,1.19812802739649
SARIMA,2,2025Q3,2026Q1,1994Q1,2025Q3,127,0,1,1,1,0,1,4,-403.419748691609,-403.09187983915,True,127694.9,11.7471139677332,0.00294357948648486,126388.27151381,126574.4254316,1120.4745683996,1120.4745683996,1255463.25843027,4460.94715447155,0.251174140737458
SARIMA,2,2025Q4,2026Q2,1994Q1,2025Q4,128,0,1,1,1,0,1,4,-407.642244113183,-407.31704086115,True,121027.2,11.7151792460136,0.00292792558857594,122415.863695,122595.207208965,-1568.00720896537,1568.00720896537,2458646.60736737,4432.99112903226,0.353713139351053
