year,cny_date,cny_month
1994,1994-02-10,2
1995,1995-01-31,1
1996,1996-02-19,2
1997,1997-02-07,2
1998,1998-01-28,1
1999,1999-02-16,2
2000,2000-02-05,2
2001,2001-01-24,1
2002,2002-02-12,2
2003,2003-02-01,2
2004,2004-01-22,1
2005,2005-02-09,2
2006,2006-01-29,1
2007,2007-02-18,2
2008,2008-02-07,2
2009,2009-01-26,1
2010,2010-02-14,2
2011,2011-02-03,2
2012,2012-01-23,1
2013,2013-02-10,2
2014,2014-01-31,1
2015,2015-02-19,2
2016,2016-02-08,2
2017,2017-01-28,1
2018,2018-02-16,2
2019,2019-02-05,2
2020,2020-01-25,1
2021,2021-02-12,2
2022,2022-02-01,2
2023,2023-01-22,1
2024,2024-02-10,2
2025,2025-01-29,1
2026,2026-02-17,2
