year,cny_date,window,start_offset,end_offset,total_days,q1_days,previous_q4_days,other_days,q1_fraction,previous_q4_fraction
1994,1994-02-10,"[-14,+7]",-14,7,22,22,0,0,1,0
1994,1994-02-10,"[-30,+7]",-30,7,38,38,0,0,1,0
1995,1995-01-31,"[-14,+7]",-14,7,22,22,0,0,1,0
1995,1995-01-31,"[-30,+7]",-30,7,38,38,0,0,1,0
1996,1996-02-19,"[-14,+7]",-14,7,22,22,0,0,1,0
1996,1996-02-19,"[-30,+7]",-30,7,38,38,0,0,1,0
1997,1997-02-07,"[-14,+7]",-14,7,22,22,0,0,1,0
1997,1997-02-07,"[-30,+7]",-30,7,38,38,0,0,1,0
1998,1998-01-28,"[-14,+7]",-14,7,22,22,0,0,1,0
1998,1998-01-28,"[-30,+7]",-30,7,38,35,3,0,0.921052631578947,0.0789473684210526
1999,1999-02-16,"[-14,+7]",-14,7,22,22,0,0,1,0
1999,1999-02-16,"[-30,+7]",-30,7,38,38,0,0,1,0
2000,2000-02-05,"[-14,+7]",-14,7,22,22,0,0,1,0
2000,2000-02-05,"[-30,+7]",-30,7,38,38,0,0,1,0
2001,2001-01-24,"[-14,+7]",-14,7,22,22,0,0,1,0
2001,2001-01-24,"[-30,+7]",-30,7,38,31,7,0,0.815789473684211,0.184210526315789
2002,2002-02-12,"[-14,+7]",-14,7,22,22,0,0,1,0
2002,2002-02-12,"[-30,+7]",-30,7,38,38,0,0,1,0
2003,2003-02-01,"[-14,+7]",-14,7,22,22,0,0,1,0
2003,2003-02-01,"[-30,+7]",-30,7,38,38,0,0,1,0
2004,2004-01-22,"[-14,+7]",-14,7,22,22,0,0,1,0
2004,2004-01-22,"[-30,+7]",-30,7,38,29,9,0,0.763157894736842,0.236842105263158
2005,2005-02-09,"[-14,+7]",-14,7,22,22,0,0,1,0
2005,2005-02-09,"[-30,+7]",-30,7,38,38,0,0,1,0
2006,2006-01-29,"[-14,+7]",-14,7,22,22,0,0,1,0
2006,2006-01-29,"[-30,+7]",-30,7,38,36,2,0,0.947368421052632,0.0526315789473684
2007,2007-02-18,"[-14,+7]",-14,7,22,22,0,0,1,0
2007,2007-02-18,"[-30,+7]",-30,7,38,38,0,0,1,0
2008,2008-02-07,"[-14,+7]",-14,7,22,22,0,0,1,0
2008,2008-02-07,"[-30,+7]",-30,7,38,38,0,0,1,0
2009,2009-01-26,"[-14,+7]",-14,7,22,22,0,0,1,0
2009,2009-01-26,"[-30,+7]",-30,7,38,33,5,0,0.868421052631579,0.131578947368421
2010,2010-02-14,"[-14,+7]",-14,7,22,22,0,0,1,0
2010,2010-02-14,"[-30,+7]",-30,7,38,38,0,0,1,0
2011,2011-02-03,"[-14,+7]",-14,7,22,22,0,0,1,0
2011,2011-02-03,"[-30,+7]",-30,7,38,38,0,0,1,0
2012,2012-01-23,"[-14,+7]",-14,7,22,22,0,0,1,0
2012,2012-01-23,"[-30,+7]",-30,7,38,30,8,0,0.789473684210526,0.210526315789474
2013,2013-02-10,"[-14,+7]",-14,7,22,22,0,0,1,0
2013,2013-02-10,"[-30,+7]",-30,7,38,38,0,0,1,0
2014,2014-01-31,"[-14,+7]",-14,7,22,22,0,0,1,0
2014,2014-01-31,"[-30,+7]",-30,7,38,38,0,0,1,0
2015,2015-02-19,"[-14,+7]",-14,7,22,22,0,0,1,0
2015,2015-02-19,"[-30,+7]",-30,7,38,38,0,0,1,0
2016,2016-02-08,"[-14,+7]",-14,7,22,22,0,0,1,0
2016,2016-02-08,"[-30,+7]",-30,7,38,38,0,0,1,0
2017,2017-01-28,"[-14,+7]",-14,7,22,22,0,0,1,0
2017,2017-01-28,"[-30,+7]",-30,7,38,35,3,0,0.921052631578947,0.0789473684210526
2018,2018-02-16,"[-14,+7]",-14,7,22,22,0,0,1,0
2018,2018-02-16,"[-30,+7]",-30,7,38,38,0,0,1,0
2019,2019-02-05,"[-14,+7]",-14,7,22,22,0,0,1,0
2019,2019-02-05,"[-30,+7]",-30,7,38,38,0,0,1,0
2020,2020-01-25,"[-14,+7]",-14,7,22,22,0,0,1,0
2020,2020-01-25,"[-30,+7]",-30,7,38,32,6,0,0.842105263157895,0.157894736842105
2021,2021-02-12,"[-14,+7]",-14,7,22,22,0,0,1,0
2021,2021-02-12,"[-30,+7]",-30,7,38,38,0,0,1,0
2022,2022-02-01,"[-14,+7]",-14,7,22,22,0,0,1,0
2022,2022-02-01,"[-30,+7]",-30,7,38,38,0,0,1,0
2023,2023-01-22,"[-14,+7]",-14,7,22,22,0,0,1,0
2023,2023-01-22,"[-30,+7]",-30,7,38,29,9,0,0.763157894736842,0.236842105263158
2024,2024-02-10,"[-14,+7]",-14,7,22,22,0,0,1,0
2024,2024-02-10,"[-30,+7]",-30,7,38,38,0,0,1,0
2025,2025-01-29,"[-14,+7]",-14,7,22,22,0,0,1,0
2025,2025-01-29,"[-30,+7]",-30,7,38,36,2,0,0.947368421052632,0.0526315789473684
2026,2026-02-17,"[-14,+7]",-14,7,22,22,0,0,1,0
2026,2026-02-17,"[-30,+7]",-30,7,38,38,0,0,1,0
