model,horizon,scope,coverage,method,subset,n,empirical_coverage,mean_width,winkler_score
SARIMA,1,all,0.8,calibrated,all,86,0.790697674418605,7260.18755031584,16084.9637961061
SARIMA,1,all,0.8,calibrated,calibrated_only,66,0.833333333333333,8780.64453331273,18654.5682983845
SARIMA,1,Q1,0.8,calibrated,all,22,0.636363636363636,6988.12273052802,26943.1304511645
SARIMA,1,Q1,0.8,calibrated,calibrated_only,17,0.705882352941177,8432.73683557174,32559.3724791283
SARIMA,1,all,0.8,parametric,all,86,0.802325581395349,7703.59853444259,14676.8178352223
SARIMA,1,Q1,0.8,parametric,all,22,0.636363636363636,7384.20505452161,24674.0830163942
SARIMA,1,all,0.95,calibrated,all,86,0.906976744186046,19337.4088512038,36637.4776451757
SARIMA,1,all,0.95,calibrated,calibrated_only,66,0.924242424242424,24157.2896954215,41621.1905273529
SARIMA,1,Q1,0.95,calibrated,all,22,0.818181818181818,19210.4452436332,70814.471728701
SARIMA,1,Q1,0.95,calibrated,calibrated_only,17,0.823529411764706,23926.0534754203,86749.7510135699
SARIMA,1,all,0.95,parametric,all,86,0.906976744186046,11789.2411705899,28878.7837864699
SARIMA,1,Q1,0.95,parametric,all,22,0.863636363636364,11300.3228345325,59216.8623852902
SARIMA,2,all,0.8,calibrated,all,86,0.825581395348837,8756.6052314879,19035.4002458517
SARIMA,2,all,0.8,calibrated,calibrated_only,65,0.861538461538462,10656.10829961,22631.8886140534
SARIMA,2,Q1,0.8,calibrated,all,22,0.818181818181818,8413.88100633981,26644.5614740825
SARIMA,2,Q1,0.8,calibrated,calibrated_only,16,0.8125,10521.4516943222,35501.3483469601
SARIMA,2,all,0.8,parametric,all,86,0.813953488372093,9427.33547803883,16958.161855114
SARIMA,2,Q1,0.8,parametric,all,22,0.818181818181818,9034.62342587634,23782.9020788814
SARIMA,2,all,0.95,calibrated,all,86,0.895348837209302,24320.6980492754,44720.6749247376
SARIMA,2,all,0.95,calibrated,calibrated_only,65,0.907692307692308,30755.2684579052,53136.5361798902
SARIMA,2,Q1,0.95,calibrated,all,22,0.863636363636364,23484.64169535,66785.9572999767
SARIMA,2,Q1,0.95,calibrated,calibrated_only,16,0.8125,30687.823244438,90227.1322007998
SARIMA,2,all,0.95,parametric,all,86,0.906976744186046,14431.5105392712,33912.3366869191
SARIMA,2,Q1,0.95,parametric,all,22,0.909090909090909,13830.1758040986,60253.1462946906
SARIMA+CNY,1,all,0.8,calibrated,all,86,0.802325581395349,7141.99029219638,15925.6418253605
SARIMA+CNY,1,all,0.8,calibrated,calibrated_only,66,0.848484848484849,8626.21450953802,18433.1962822286
SARIMA+CNY,1,Q1,0.8,calibrated,all,22,0.636363636363636,6936.86066182244,27098.8491833775
SARIMA+CNY,1,Q1,0.8,calibrated,calibrated_only,17,0.705882352941177,8366.45953174111,32722.5465077199
SARIMA+CNY,1,all,0.8,parametric,all,86,0.813953488372093,7648.35772480645,14581.1439812524
SARIMA+CNY,1,Q1,0.8,parametric,all,22,0.681818181818182,7341.18959656825,24879.4118973213
SARIMA+CNY,1,all,0.95,calibrated,all,86,0.918604651162791,18152.070027081,34451.1431957024
SARIMA+CNY,1,all,0.95,calibrated,calibrated_only,66,0.939393939393939,22612.1205528048,38751.8810341725
SARIMA+CNY,1,Q1,0.95,calibrated,all,22,0.818181818181818,18112.4752734491,67688.9939819652
SARIMA+CNY,1,Q1,0.95,calibrated,calibrated_only,17,0.823529411764706,22505.2448332836,82632.9842949305
SARIMA+CNY,1,all,0.95,parametric,all,86,0.895348837209302,11704.5641895166,28598.0394107163
SARIMA+CNY,1,Q1,0.95,parametric,all,22,0.818181818181818,11234.3700826761,59348.1484787774
SARIMA+CNY,2,all,0.8,calibrated,all,86,0.813953488372093,8591.08160755716,18456.6880396297
SARIMA+CNY,2,all,0.8,calibrated,calibrated_only,65,0.846153846153846,10436.5614002565,21875.0371588782
SARIMA+CNY,2,Q1,0.8,calibrated,all,22,0.772727272727273,8289.97033557839,25788.3033372424
SARIMA+CNY,2,Q1,0.8,calibrated,calibrated_only,16,0.75,10349.8140737866,34337.9967745164
SARIMA+CNY,2,all,0.8,parametric,all,86,0.813953488372093,9407.2243286385,16566.0362920196
SARIMA+CNY,2,Q1,0.8,parametric,all,22,0.772727272727273,9022.78832518236,23245.7448426294
SARIMA+CNY,2,all,0.95,calibrated,all,86,0.895348837209302,23172.940678857,42329.6533195697
SARIMA+CNY,2,all,0.95,calibrated,calibrated_only,65,0.907692307692308,29235.8591642603,49967.4505618837
SARIMA+CNY,2,Q1,0.95,calibrated,all,22,0.863636363636364,22397.8260185687,62988.7968397286
SARIMA+CNY,2,Q1,0.95,calibrated,calibrated_only,16,0.8125,29191.5185747973,85004.1034538922
SARIMA+CNY,2,all,0.95,parametric,all,86,0.906976744186046,14400.6279902151,32212.6703909511
SARIMA+CNY,2,Q1,0.95,parametric,all,22,0.909090909090909,13811.9758443019,56232.0314490785
SARIMA-W40,1,all,0.8,calibrated,all,86,0.802325581395349,10480.2971439343,19856.6827454263
SARIMA-W40,1,all,0.8,calibrated,calibrated_only,66,0.863636363636364,12943.1206853419,23512.4568007731
SARIMA-W40,1,Q1,0.8,calibrated,all,22,0.590909090909091,9861.44081473042,32818.3851302703
SARIMA-W40,1,Q1,0.8,calibrated,calibrated_only,17,0.647058823529412,12119.6809468964,40349.2597817987
SARIMA-W40,1,all,0.8,parametric,all,86,0.790697674418605,7977.23153956094,16303.7803386564
SARIMA-W40,1,Q1,0.8,parametric,all,22,0.590909090909091,7345.63585181107,29332.5614154889
SARIMA-W40,1,all,0.95,calibrated,all,86,0.918604651162791,25413.7320872009,41214.0667644288
SARIMA-W40,1,all,0.95,calibrated,calibrated_only,66,0.939393939393939,32023.7009398914,47619.4868328674
SARIMA-W40,1,Q1,0.95,calibrated,all,22,0.772727272727273,23954.2227776905,73639.7259840802
SARIMA-W40,1,Q1,0.95,calibrated,calibrated_only,17,0.764705882352941,30016.8479840782,90565.1932156319
SARIMA-W40,1,all,0.95,parametric,all,86,0.872093023255814,12211.6341287793,36378.5281987252
SARIMA-W40,1,Q1,0.95,parametric,all,22,0.681818181818182,11244.5072718658,83182.8953776608
SARIMA-W40,2,all,0.8,calibrated,all,86,0.790697674418605,12380.7608515259,22903.3496958914
SARIMA-W40,2,all,0.8,calibrated,calibrated_only,65,0.830769230769231,15443.0971231265,27665.1561293242
SARIMA-W40,2,Q1,0.8,calibrated,all,22,0.772727272727273,11803.701849179,31853.677775545
SARIMA-W40,2,Q1,0.8,calibrated,calibrated_only,16,0.75,15155.283440231,42625.0725538604
SARIMA-W40,2,all,0.8,parametric,all,86,0.790697674418605,9335.0447815604,19031.4350352441
SARIMA-W40,2,Q1,0.8,parametric,all,22,0.818181818181818,9057.3418582217,27554.8076419718
SARIMA-W40,2,all,0.95,calibrated,all,86,0.906976744186046,35025.566557686,51769.1496097139
SARIMA-W40,2,all,0.95,calibrated,calibrated_only,65,0.938461538461538,44906.2568765783,62306.1509711794
SARIMA-W40,2,Q1,0.95,calibrated,all,22,0.909090909090909,34155.4854150566,72479.1769410069
SARIMA-W40,2,Q1,0.95,calibrated,calibrated_only,16,0.875,45318.5390392803,98013.614887462
SARIMA-W40,2,all,0.95,parametric,all,86,0.848837209302326,14293.4335289054,40830.4620338467
SARIMA-W40,2,Q1,0.95,parametric,all,22,0.863636363636364,13868.2005853833,75904.2633738809
SARIMA-W60,1,all,0.8,calibrated,all,86,0.802325581395349,7769.4258736028,16685.1934766221
SARIMA-W60,1,all,0.8,calibrated,calibrated_only,66,0.848484848484849,9450.62741014457,19445.1780282751
SARIMA-W60,1,Q1,0.8,calibrated,all,22,0.681818181818182,7407.90517265726,28241.4306667727
SARIMA-W60,1,Q1,0.8,calibrated,calibrated_only,17,0.764705882352941,8974.08254483733,34269.2957218344
SARIMA-W60,1,all,0.8,parametric,all,86,0.813953488372093,8296.36966659337,15554.2267390803
SARIMA-W60,1,Q1,0.8,parametric,all,22,0.636363636363636,7874.50358869234,26374.7847731074
SARIMA-W60,1,all,0.95,calibrated,all,86,0.918604651162791,23839.1991589031,43065.3352658807
SARIMA-W60,1,all,0.95,calibrated,calibrated_only,66,0.939393939393939,30033.1099495479,50006.1442001483
SARIMA-W60,1,Q1,0.95,calibrated,all,22,0.818181818181818,23307.3290509091,77203.2718478361
SARIMA-W60,1,Q1,0.95,calibrated,calibrated_only,17,0.823529411764706,29224.9891602539,95014.2082564036
SARIMA-W60,1,all,0.95,parametric,all,86,0.918604651162791,12697.7938900929,31833.2837207627
SARIMA-W60,1,Q1,0.95,parametric,all,22,0.863636363636364,12051.7241692561,66081.5500965195
SARIMA-W60,2,all,0.8,calibrated,all,86,0.825581395348837,8996.3289851783,17541.795639955
SARIMA-W60,2,all,0.8,calibrated,calibrated_only,65,0.861538461538462,10983.9183401022,20668.7157188684
SARIMA-W60,2,Q1,0.8,calibrated,all,22,0.863636363636364,8883.57838799175,20931.6451322946
SARIMA-W60,2,Q1,0.8,calibrated,calibrated_only,16,0.875,11179.2865849673,27657.5837655993
SARIMA-W60,2,all,0.8,parametric,all,86,0.813953488372093,9705.70224467816,16182.4507698091
SARIMA-W60,2,Q1,0.8,parametric,all,22,0.863636363636364,9525.16857573589,19656.4543427626
SARIMA-W60,2,all,0.95,calibrated,all,86,0.906976744186046,22382.9873741933,38549.7818362623
SARIMA-W60,2,all,0.95,calibrated,calibrated_only,65,0.923076923076923,28207.8408449265,44988.571111302
SARIMA-W60,2,Q1,0.95,calibrated,all,22,0.909090909090909,22147.2597947975,57723.3611516953
SARIMA-W60,2,Q1,0.95,calibrated,calibrated_only,16,0.875,28867.3287898089,77784.4681555435
SARIMA-W60,2,all,0.95,parametric,all,86,0.918604651162791,14858.6056696256,29301.0336367461
SARIMA-W60,2,Q1,0.95,parametric,all,22,0.954545454545455,14582.5477762966,46757.6990569919
