metric,delta,lower_95,upper_95,n,block_length,reps,seed,reference_model,extended_model,horizon,scope,point_convention
MAE,-61.4835987033553,-210.562234974367,67.0848600133807,86,4,5000,20261008,SARIMA,SARIMA+CNY,1,all,mean
RMSE,-67.3602087248992,-286.338203334636,191.780631579984,86,4,5000,20261008,SARIMA,SARIMA+CNY,1,all,mean
MASE,-0.013229090405272,-0.0486222243720442,0.0171246812477986,86,4,5000,20261008,SARIMA,SARIMA+CNY,1,all,mean
MAE,-61.4835987033553,-193.605677535278,60.0653336684733,86,8,5000,20261008,SARIMA,SARIMA+CNY,1,all,mean
RMSE,-67.3602087248992,-251.721278956983,221.779358678266,86,8,5000,20261008,SARIMA,SARIMA+CNY,1,all,mean
MASE,-0.013229090405272,-0.0442997304095153,0.0149992563628996,86,8,5000,20261008,SARIMA,SARIMA+CNY,1,all,mean
MAE,-90.2910901712212,-333.899354503313,148.076490947924,22,4,5000,20261008,SARIMA,SARIMA+CNY,1,Q1,mean
RMSE,-57.8563534198292,-293.487969512459,427.818362536995,22,4,5000,20261008,SARIMA,SARIMA+CNY,1,Q1,mean
MASE,-0.0227696737808623,-0.078596816829061,0.0325746527464165,22,4,5000,20261008,SARIMA,SARIMA+CNY,1,Q1,mean
MAE,-90.2910901712212,-268.950095508164,56.5401246946866,22,8,5000,20261008,SARIMA,SARIMA+CNY,1,Q1,mean
RMSE,-57.8563534198292,-238.170578486302,304.312746561962,22,8,5000,20261008,SARIMA,SARIMA+CNY,1,Q1,mean
MASE,-0.0227696737808623,-0.0618092223419132,0.0112438662247872,22,8,5000,20261008,SARIMA,SARIMA+CNY,1,Q1,mean
MAE,-4.5068176663126,-122.481029979867,109.248955491822,86,4,5000,20261008,SARIMA,SARIMA+CNY,2,all,mean
RMSE,-93.929986541476,-283.136577510041,141.1912440618,86,4,5000,20261008,SARIMA,SARIMA+CNY,2,all,mean
MASE,-0.0014861258412926,-0.0299138863759044,0.025552181948603,86,4,5000,20261008,SARIMA,SARIMA+CNY,2,all,mean
MAE,-4.5068176663126,-118.368665536332,110.45901751614,86,8,5000,20261008,SARIMA,SARIMA+CNY,2,all,mean
RMSE,-93.929986541476,-270.128083290314,169.363829154431,86,8,5000,20261008,SARIMA,SARIMA+CNY,2,all,mean
MASE,-0.0014861258412926,-0.0288025990031692,0.0259750692434703,86,8,5000,20261008,SARIMA,SARIMA+CNY,2,all,mean
MAE,28.9306964730958,-125.495643822499,225.307112270674,22,4,5000,20261008,SARIMA,SARIMA+CNY,2,Q1,mean
RMSE,-114.553463310264,-332.481111961895,440.053887132168,22,4,5000,20261008,SARIMA,SARIMA+CNY,2,Q1,mean
MASE,-4.57567078542276e-05,-0.037682014363753,0.0481129217247321,22,4,5000,20261008,SARIMA,SARIMA+CNY,2,Q1,mean
MAE,28.9306964730958,-94.9525475692453,168.577583085862,22,8,5000,20261008,SARIMA,SARIMA+CNY,2,Q1,mean
RMSE,-114.553463310264,-272.258237548446,330.902345715032,22,8,5000,20261008,SARIMA,SARIMA+CNY,2,Q1,mean
MASE,-4.57567078542276e-05,-0.0299959382825547,0.0334525804190836,22,8,5000,20261008,SARIMA,SARIMA+CNY,2,Q1,mean
MAE,-65.7445283673796,-213.465584914346,60.207090749332,86,4,5000,20261008,SARIMA,SARIMA+CNY,1,all,median
RMSE,-67.745845879328,-288.263032732522,194.063416936531,86,4,5000,20261008,SARIMA,SARIMA+CNY,1,all,median
MASE,-0.0142661859029795,-0.0490283595634548,0.0155713970350408,86,4,5000,20261008,SARIMA,SARIMA+CNY,1,all,median
MAE,-65.7445283673796,-196.188607302826,52.4389225083252,86,8,5000,20261008,SARIMA,SARIMA+CNY,1,all,median
RMSE,-67.745845879328,-252.728997556703,223.4609768849,86,8,5000,20261008,SARIMA,SARIMA+CNY,1,all,median
MASE,-0.0142661859029795,-0.0448023210994718,0.0134138252385599,86,8,5000,20261008,SARIMA,SARIMA+CNY,1,all,median
MAE,-95.0627716341928,-334.941899364775,142.190780702966,22,4,5000,20261008,SARIMA,SARIMA+CNY,1,Q1,median
RMSE,-59.8702607822961,-297.044378454769,419.338369200791,22,4,5000,20261008,SARIMA,SARIMA+CNY,1,Q1,median
MASE,-0.024049354228882,-0.0786103378500118,0.0309115274882046,22,4,5000,20261008,SARIMA,SARIMA+CNY,1,Q1,median
MAE,-95.0627716341928,-271.00361207917,50.780784715781,22,8,5000,20261008,SARIMA,SARIMA+CNY,1,Q1,median
RMSE,-59.8702607822961,-242.640804519164,299.813804546468,22,8,5000,20261008,SARIMA,SARIMA+CNY,1,Q1,median
MASE,-0.024049354228882,-0.0616851914150631,0.00937544660866787,22,8,5000,20261008,SARIMA,SARIMA+CNY,1,Q1,median
MAE,-8.79424299216817,-126.438001973338,105.769962179117,86,4,5000,20261008,SARIMA,SARIMA+CNY,2,all,median
RMSE,-94.6510431220822,-284.112248347619,142.48892820941,86,4,5000,20261008,SARIMA,SARIMA+CNY,2,all,median
MASE,-0.0023136563329148,-0.0308125354773536,0.0244791860783068,86,4,5000,20261008,SARIMA,SARIMA+CNY,2,all,median
MAE,-8.79424299216817,-121.51988462179,106.115029905322,86,8,5000,20261008,SARIMA,SARIMA+CNY,2,all,median
RMSE,-94.6510431220822,-270.892027672258,171.016382184617,86,8,5000,20261008,SARIMA,SARIMA+CNY,2,all,median
MASE,-0.0023136563329148,-0.0296389664137354,0.0247632223480474,86,8,5000,20261008,SARIMA,SARIMA+CNY,2,all,median
MAE,6.67079230479976,-141.060745276005,205.625520465954,22,4,5000,20261008,SARIMA,SARIMA+CNY,2,Q1,median
RMSE,-116.165327121607,-333.776724519793,426.839302471349,22,4,5000,20261008,SARIMA,SARIMA+CNY,2,Q1,median
MASE,-0.00511157908268034,-0.0413332144657129,0.0428631589019512,22,4,5000,20261008,SARIMA,SARIMA+CNY,2,Q1,median
MAE,6.67079230479976,-110.487310888359,135.543227425622,22,8,5000,20261008,SARIMA,SARIMA+CNY,2,Q1,median
RMSE,-116.165327121607,-273.107965589148,317.73625858718,22,8,5000,20261008,SARIMA,SARIMA+CNY,2,Q1,median
MASE,-0.00511157908268034,-0.0334920285640138,0.0270184795873592,22,8,5000,20261008,SARIMA,SARIMA+CNY,2,Q1,median
MAE,100.181101033297,2.11636586808819,198.275057122595,86,4,5000,20261008,SARIMA,SARIMA+ETS-50:50,1,all,mean
RMSE,-0.484413994604438,-115.943896355353,156.783548179012,86,4,5000,20261008,SARIMA,SARIMA+ETS-50:50,1,all,mean
MASE,0.0339648996447587,-0.00393579378718101,0.0699220869012236,86,4,5000,20261008,SARIMA,SARIMA+ETS-50:50,1,all,mean
MAE,100.181101033297,17.6948410280951,179.100647204604,86,8,5000,20261008,SARIMA,SARIMA+ETS-50:50,1,all,mean
RMSE,-0.484413994604438,-98.2721122344822,141.683231568252,86,8,5000,20261008,SARIMA,SARIMA+ETS-50:50,1,all,mean
MASE,0.0339648996447587,-0.00278688778061586,0.0702575174540341,86,8,5000,20261008,SARIMA,SARIMA+ETS-50:50,1,all,mean
MAE,78.4810997236314,-37.2487709410798,249.590267255834,22,4,5000,20261008,SARIMA,SARIMA+ETS-50:50,1,Q1,mean
RMSE,-15.8294005413691,-104.465763026726,220.740788595257,22,4,5000,20261008,SARIMA,SARIMA+ETS-50:50,1,Q1,mean
MASE,0.0159707705309255,-0.0155404810085932,0.058136794781759,22,4,5000,20261008,SARIMA,SARIMA+ETS-50:50,1,Q1,mean
MAE,78.4810997236314,-34.4247381873158,229.048525662948,22,8,5000,20261008,SARIMA,SARIMA+ETS-50:50,1,Q1,mean
RMSE,-15.8294005413691,-101.259440902806,196.00853301689,22,8,5000,20261008,SARIMA,SARIMA+ETS-50:50,1,Q1,mean
MASE,0.0159707705309255,-0.0125076160149036,0.0521590862603432,22,8,5000,20261008,SARIMA,SARIMA+ETS-50:50,1,Q1,mean
MAE,102.091589161483,0.361787028283323,207.196540690595,86,4,5000,20261008,SARIMA,SARIMA+ETS-50:50,2,all,mean
RMSE,21.4305191731301,-110.502235480368,170.597747675845,86,4,5000,20261008,SARIMA,SARIMA+ETS-50:50,2,all,mean
MASE,0.0452004440223021,0.0067468935666022,0.0875863706796673,86,4,5000,20261008,SARIMA,SARIMA+ETS-50:50,2,all,mean
MAE,102.091589161483,14.6004806219419,196.745808030173,86,8,5000,20261008,SARIMA,SARIMA+ETS-50:50,2,all,mean
RMSE,21.4305191731301,-90.8006992061167,145.749968943535,86,8,5000,20261008,SARIMA,SARIMA+ETS-50:50,2,all,mean
MASE,0.0452004440223021,0.00827419893895634,0.0876558640849005,86,8,5000,20261008,SARIMA,SARIMA+ETS-50:50,2,all,mean
MAE,160.509703357533,1.12075661776079,319.603345723176,22,4,5000,20261008,SARIMA,SARIMA+ETS-50:50,2,Q1,mean
RMSE,6.43808687277487,-145.613360460836,305.204141254617,22,4,5000,20261008,SARIMA,SARIMA+ETS-50:50,2,Q1,mean
MASE,0.0601781201292697,0.00942787715366919,0.102265741846298,22,4,5000,20261008,SARIMA,SARIMA+ETS-50:50,2,Q1,mean
MAE,160.509703357533,2.23897900945458,313.970826668598,22,8,5000,20261008,SARIMA,SARIMA+ETS-50:50,2,Q1,mean
RMSE,6.43808687277487,-136.32808148091,280.651756994682,22,8,5000,20261008,SARIMA,SARIMA+ETS-50:50,2,Q1,mean
MASE,0.0601781201292697,0.00635538777857346,0.104157825479791,22,8,5000,20261008,SARIMA,SARIMA+ETS-50:50,2,Q1,mean
MAE,237.065195221254,-4.72195821239637,510.962084949047,86,4,5000,20261008,SARIMA,SARIMA-W40,1,all,mean
RMSE,360.413171018745,-86.2472788743228,910.702650011656,86,4,5000,20261008,SARIMA,SARIMA-W40,1,all,mean
MASE,0.0707306142607734,0.0128577166963572,0.134293698233154,86,4,5000,20261008,SARIMA,SARIMA-W40,1,all,mean
MAE,237.065195221254,-23.2424234543845,524.897903993668,86,8,5000,20261008,SARIMA,SARIMA-W40,1,all,mean
RMSE,360.413171018745,-141.082202199519,759.348143128376,86,8,5000,20261008,SARIMA,SARIMA-W40,1,all,mean
MASE,0.0707306142607734,0.00908309476601394,0.135229356229586,86,8,5000,20261008,SARIMA,SARIMA-W40,1,all,mean
MAE,329.669762111677,-28.136146099656,828.252111772379,22,4,5000,20261008,SARIMA,SARIMA-W40,1,Q1,mean
RMSE,431.225764099875,-248.059518582415,1018.06117294823,22,4,5000,20261008,SARIMA,SARIMA-W40,1,Q1,mean
MASE,0.0806226569889319,-0.0132704442172027,0.207928815143681,22,4,5000,20261008,SARIMA,SARIMA-W40,1,Q1,mean
MAE,329.669762111677,2.40519075338261,724.984478194644,22,8,5000,20261008,SARIMA,SARIMA-W40,1,Q1,mean
RMSE,431.225764099875,-175.426427217577,851.708876221585,22,8,5000,20261008,SARIMA,SARIMA-W40,1,Q1,mean
MASE,0.0806226569889319,-0.00686132533697289,0.186324923470421,22,8,5000,20261008,SARIMA,SARIMA-W40,1,Q1,mean
MAE,314.771107165747,84.3378313065579,574.825255426097,86,4,5000,20261008,SARIMA,SARIMA-W40,2,all,mean
RMSE,339.059025021418,-16.5831162364344,765.96163144584,86,4,5000,20261008,SARIMA,SARIMA-W40,2,all,mean
MASE,0.093191622418378,0.0361272568845445,0.154701700420626,86,4,5000,20261008,SARIMA,SARIMA-W40,2,all,mean
MAE,314.771107165747,88.4714729795747,561.339341610587,86,8,5000,20261008,SARIMA,SARIMA-W40,2,all,mean
RMSE,339.059025021418,-27.1642121376424,653.311573493537,86,8,5000,20261008,SARIMA,SARIMA-W40,2,all,mean
MASE,0.093191622418378,0.0374859423039223,0.14783316556853,86,8,5000,20261008,SARIMA,SARIMA-W40,2,all,mean
MAE,264.435678830654,-19.2932106936542,642.446815018555,22,4,5000,20261008,SARIMA,SARIMA-W40,2,Q1,mean
RMSE,423.204301751217,-132.545770509891,999.447218948059,22,4,5000,20261008,SARIMA,SARIMA-W40,2,Q1,mean
MASE,0.0701704211526015,-0.00413380127966523,0.163638779072857,22,4,5000,20261008,SARIMA,SARIMA-W40,2,Q1,mean
MAE,264.435678830654,32.6958370457413,548.977541915642,22,8,5000,20261008,SARIMA,SARIMA-W40,2,Q1,mean
RMSE,423.204301751217,-74.3529510719196,795.781694988095,22,8,5000,20261008,SARIMA,SARIMA-W40,2,Q1,mean
MASE,0.0701704211526015,0.00918559852864406,0.14027720399991,22,8,5000,20261008,SARIMA,SARIMA-W40,2,Q1,mean
MAE,226.170514749374,-12.7028770445253,498.087180183006,86,4,5000,20261008,SARIMA,SARIMA-W40,1,all,median
RMSE,362.239798951931,-93.2950051917288,908.848189199063,86,4,5000,20261008,SARIMA,SARIMA-W40,1,all,median
MASE,0.0682346472541483,0.0102442375028383,0.13215059679713,86,4,5000,20261008,SARIMA,SARIMA-W40,1,all,median
MAE,226.170514749374,-36.0228669729933,508.082485264836,86,8,5000,20261008,SARIMA,SARIMA-W40,1,all,median
RMSE,362.239798951931,-146.12072479233,763.363026118764,86,8,5000,20261008,SARIMA,SARIMA-W40,1,all,median
MASE,0.0682346472541483,0.00593549994639705,0.132318760808246,86,8,5000,20261008,SARIMA,SARIMA-W40,1,all,median
MAE,349.393191474853,-11.0528437589633,850.256724031432,22,4,5000,20261008,SARIMA,SARIMA-W40,1,Q1,median
RMSE,455.896629829777,-216.03022526647,1042.34508241166,22,4,5000,20261008,SARIMA,SARIMA-W40,1,Q1,median
MASE,0.0850418904153327,-0.00999705036336448,0.214406360498785,22,4,5000,20261008,SARIMA,SARIMA-W40,1,Q1,median
MAE,349.393191474853,10.2657870499105,758.574419966018,22,8,5000,20261008,SARIMA,SARIMA-W40,1,Q1,median
RMSE,455.896629829777,-145.113621611287,880.977582904542,22,8,5000,20261008,SARIMA,SARIMA-W40,1,Q1,median
MASE,0.0850418904153327,-0.0048849338294118,0.194096643555942,22,8,5000,20261008,SARIMA,SARIMA-W40,1,Q1,median
MAE,309.092459980064,82.1998685868849,564.32565746678,86,4,5000,20261008,SARIMA,SARIMA-W40,2,all,median
RMSE,343.235347351459,-16.0483996958361,767.210027029368,86,4,5000,20261008,SARIMA,SARIMA-W40,2,all,median
MASE,0.0915672879314685,0.0357531588993973,0.152089076859507,86,4,5000,20261008,SARIMA,SARIMA-W40,2,all,median
MAE,309.092459980064,87.7522025576231,550.496907326848,86,8,5000,20261008,SARIMA,SARIMA-W40,2,all,median
RMSE,343.235347351459,-28.6040500548907,656.255298464839,86,8,5000,20261008,SARIMA,SARIMA-W40,2,all,median
MASE,0.0915672879314685,0.037686779931948,0.145182514580298,86,8,5000,20261008,SARIMA,SARIMA-W40,2,all,median
MAE,270.767103966565,-11.8165082244353,654.376220859759,22,4,5000,20261008,SARIMA,SARIMA-W40,2,Q1,median
RMSE,444.757692371358,-99.6740634534332,1016.95643911023,22,4,5000,20261008,SARIMA,SARIMA-W40,2,Q1,median
MASE,0.0703396417470854,-0.00322102102741532,0.166623613481711,22,4,5000,20261008,SARIMA,SARIMA-W40,2,Q1,median
MAE,270.767103966565,30.162367669637,570.288471738907,22,8,5000,20261008,SARIMA,SARIMA-W40,2,Q1,median
RMSE,444.757692371358,-52.2148827354942,818.408781103196,22,8,5000,20261008,SARIMA,SARIMA-W40,2,Q1,median
MASE,0.0703396417470854,0.00932644077769262,0.14388144954445,22,8,5000,20261008,SARIMA,SARIMA-W40,2,Q1,median
MAE,106.686658181249,-12.6852451404524,247.465718045212,86,4,5000,20261008,SARIMA,SARIMA-W60,1,all,mean
RMSE,199.267356325108,-82.71230207507,583.472898872366,86,4,5000,20261008,SARIMA,SARIMA-W60,1,all,mean
MASE,0.0368888177675869,0.00469566022959163,0.07337259634964,86,4,5000,20261008,SARIMA,SARIMA-W60,1,all,mean
MAE,106.686658181249,-26.9910592543879,252.741826468255,86,8,5000,20261008,SARIMA,SARIMA-W60,1,all,mean
RMSE,199.267356325108,-88.0207884720209,483.61752295467,86,8,5000,20261008,SARIMA,SARIMA-W60,1,all,mean
MASE,0.0368888177675869,0.000898891559531937,0.0755984200350223,86,8,5000,20261008,SARIMA,SARIMA-W60,1,all,mean
MAE,92.1416609265702,-177.776497369963,392.351814289007,22,4,5000,20261008,SARIMA,SARIMA-W60,1,Q1,mean
RMSE,292.773746016194,-226.841320523949,721.120308981999,22,4,5000,20261008,SARIMA,SARIMA-W60,1,Q1,mean
MASE,0.0270827820116291,-0.038151927655618,0.0994723769417153,22,4,5000,20261008,SARIMA,SARIMA-W60,1,Q1,mean
MAE,92.1416609265702,-152.805624379736,361.048412080602,22,8,5000,20261008,SARIMA,SARIMA-W60,1,Q1,mean
RMSE,292.773746016194,-202.590971567338,592.538113093384,22,8,5000,20261008,SARIMA,SARIMA-W60,1,Q1,mean
MASE,0.0270827820116291,-0.0334383030504751,0.0934442324830848,22,8,5000,20261008,SARIMA,SARIMA-W60,1,Q1,mean
MAE,-121.441525725222,-548.113737910403,154.188415288819,86,4,5000,20261008,SARIMA,SARIMA-W60,2,all,mean
RMSE,-304.44584529554,-947.979751061873,115.09091169133,86,4,5000,20261008,SARIMA,SARIMA-W60,2,all,mean
MASE,-0.0171380723611629,-0.123161948307421,0.0541736270347067,86,4,5000,20261008,SARIMA,SARIMA-W60,2,all,mean
MAE,-121.441525725222,-565.985996668651,186.790327417765,86,8,5000,20261008,SARIMA,SARIMA-W60,2,all,mean
RMSE,-304.44584529554,-801.141612762625,150.358130849296,86,8,5000,20261008,SARIMA,SARIMA-W60,2,all,mean
MASE,-0.0171380723611629,-0.130075301454975,0.062853757886093,86,8,5000,20261008,SARIMA,SARIMA-W60,2,all,mean
MAE,-719.088286623739,-2325.21987584657,220.114896979024,22,4,5000,20261008,SARIMA,SARIMA-W60,2,Q1,mean
RMSE,-918.046434894693,-2555.21370611066,265.051508566181,22,4,5000,20261008,SARIMA,SARIMA-W60,2,Q1,mean
MASE,-0.170444056985721,-0.566404225862633,0.0645826592890213,22,4,5000,20261008,SARIMA,SARIMA-W60,2,Q1,mean
MAE,-719.088286623739,-2176.43101985073,207.67820183119,22,8,5000,20261008,SARIMA,SARIMA-W60,2,Q1,mean
RMSE,-918.046434894693,-2136.94397221838,235.708815819371,22,8,5000,20261008,SARIMA,SARIMA-W60,2,Q1,mean
MASE,-0.170444056985721,-0.52598466805617,0.0621790599107068,22,8,5000,20261008,SARIMA,SARIMA-W60,2,Q1,mean
MAE,98.4821680368073,-19.8675698730546,239.299863779329,86,4,5000,20261008,SARIMA,SARIMA-W60,1,all,median
RMSE,199.298480693157,-86.4325644100484,586.100900991184,86,4,5000,20261008,SARIMA,SARIMA-W60,1,all,median
MASE,0.0346421686926499,0.00250960536166769,0.0713441909243106,86,4,5000,20261008,SARIMA,SARIMA-W60,1,all,median
MAE,98.4821680368073,-32.5693323362214,241.578390696813,86,8,5000,20261008,SARIMA,SARIMA-W60,1,all,median
RMSE,199.298480693157,-91.6485470994324,487.246748771999,86,8,5000,20261008,SARIMA,SARIMA-W60,1,all,median
MASE,0.0346421686926499,-0.000625283117606828,0.0727776540184278,86,8,5000,20261008,SARIMA,SARIMA-W60,1,all,median
MAE,84.0371570542388,-174.835290046795,374.897916535501,22,4,5000,20261008,SARIMA,SARIMA-W60,1,Q1,median
RMSE,290.607805355459,-220.98875630754,719.93540959659,22,4,5000,20261008,SARIMA,SARIMA-W60,1,Q1,median
MASE,0.0244490527436245,-0.0378164678926789,0.0958894695846819,22,4,5000,20261008,SARIMA,SARIMA-W60,1,Q1,median
MAE,84.0371570542388,-146.261091329036,340.060385338455,22,8,5000,20261008,SARIMA,SARIMA-W60,1,Q1,median
RMSE,290.607805355459,-197.553868321064,590.369635545161,22,8,5000,20261008,SARIMA,SARIMA-W60,1,Q1,median
MASE,0.0244490527436245,-0.032705494885837,0.0876970815741676,22,8,5000,20261008,SARIMA,SARIMA-W60,1,Q1,median
MAE,-129.987344755049,-550.175438839867,140.71127387533,86,4,5000,20261008,SARIMA,SARIMA-W60,2,all,median
RMSE,-310.391996352118,-956.862914073699,111.08699134441,86,4,5000,20261008,SARIMA,SARIMA-W60,2,all,median
MASE,-0.0195999304193769,-0.12451340263881,0.0502257228512092,86,4,5000,20261008,SARIMA,SARIMA-W60,2,all,median
MAE,-129.987344755049,-566.430493884467,173.262386530325,86,8,5000,20261008,SARIMA,SARIMA-W60,2,all,median
RMSE,-310.391996352118,-810.933696904631,146.036368269959,86,8,5000,20261008,SARIMA,SARIMA-W60,2,all,median
MASE,-0.0195999304193769,-0.130018390528668,0.0589074267580816,86,8,5000,20261008,SARIMA,SARIMA-W60,2,all,median
MAE,-725.456292074436,-2320.8207044293,196.585902977179,22,4,5000,20261008,SARIMA,SARIMA-W60,2,Q1,median
RMSE,-936.459430838799,-2573.90232272573,256.555615632511,22,4,5000,20261008,SARIMA,SARIMA-W60,2,Q1,median
MASE,-0.17267277862771,-0.56579207428601,0.0579014925844972,22,4,5000,20261008,SARIMA,SARIMA-W60,2,Q1,median
MAE,-725.456292074436,-2190.33138820736,189.450510977815,22,8,5000,20261008,SARIMA,SARIMA-W60,2,Q1,median
RMSE,-936.459430838799,-2128.43861078179,230.796421764207,22,8,5000,20261008,SARIMA,SARIMA-W60,2,Q1,median
MASE,-0.17267277862771,-0.52814841329623,0.0552266107758858,22,8,5000,20261008,SARIMA,SARIMA-W60,2,Q1,median
