period,model,horizon,scope,point_convention,n,MAE,RMSE,MASE
2005-2011,ETS,1,all,mean,28,1396.22264621543,1790.71789761375,0.930772314408223
2005-2011,ETS,1,Q1,mean,7,1233.81184020949,1631.31223786544,0.895895217097401
2005-2011,ETS,2,all,mean,28,1711.08735370853,2041.08601231961,1.17318914406382
2005-2011,ETS,2,Q1,mean,7,1172.31555148359,1256.17622010073,0.794660892608976
2005-2011,SARIMA,1,all,mean,28,1116.61017839317,1642.25909684016,0.805144122165816
2005-2011,SARIMA,1,all,median,28,1115.78283251788,1639.40428587562,0.804903740002383
2005-2011,SARIMA,1,Q1,mean,7,1233.66124135724,1595.65990202603,0.897462248672612
2005-2011,SARIMA,1,Q1,median,7,1231.84415088987,1599.97768074271,0.896875307216041
2005-2011,SARIMA,2,all,mean,28,1303.59683511596,1809.1035713887,0.948569163837186
2005-2011,SARIMA,2,all,median,28,1305.07113535391,1806.94418627741,0.949019744863831
2005-2011,SARIMA,2,Q1,mean,7,901.070565514728,995.713790924788,0.601767532109746
2005-2011,SARIMA,2,Q1,median,7,895.093526784199,988.385248978088,0.598702196075724
2005-2011,SARIMA+CNY,1,all,mean,28,1115.30782098285,1643.24534173501,0.806360993284427
2005-2011,SARIMA+CNY,1,all,median,28,1114.68818840701,1640.43849287585,0.806334412819195
2005-2011,SARIMA+CNY,1,Q1,mean,7,1218.33274922964,1593.26283969824,0.890975183987843
2005-2011,SARIMA+CNY,1,Q1,median,7,1217.3515642481,1597.60574879929,0.891253387796277
2005-2011,SARIMA+CNY,2,all,mean,28,1292.86920694918,1804.6110110241,0.942839922994949
2005-2011,SARIMA+CNY,2,all,median,28,1294.79899298688,1802.50124637639,0.943777419183819
2005-2011,SARIMA+CNY,2,Q1,mean,7,865.954602694256,964.953038764202,0.577781172486422
2005-2011,SARIMA+CNY,2,Q1,median,7,861.7302459463,957.344037909949,0.576617311112983
2005-2011,SARIMA+ETS-50:50,1,all,mean,28,1242.13998676694,1661.4200547166,0.86048661285703
2005-2011,SARIMA+ETS-50:50,1,Q1,mean,7,1201.77939269125,1606.94524876664,0.882053433244297
2005-2011,SARIMA+ETS-50:50,2,all,mean,28,1505.09290492231,1877.77889266044,1.05857183118204
2005-2011,SARIMA+ETS-50:50,2,Q1,mean,7,1036.69305849916,1120.05412599693,0.698214212359361
2005-2011,SARIMA-W40,1,all,mean,28,1219.82672575545,1704.14529265266,0.865788178336338
2005-2011,SARIMA-W40,1,all,median,28,1220.17452515566,1701.34308279044,0.86606554456585
2005-2011,SARIMA-W40,1,Q1,mean,7,1184.79942284839,1559.83994610272,0.866945824011184
2005-2011,SARIMA-W40,1,Q1,median,7,1181.56416573531,1564.93472315739,0.865708234668408
2005-2011,SARIMA-W40,2,all,mean,28,1419.55025691617,1876.99460815519,1.01418131415884
2005-2011,SARIMA-W40,2,all,median,28,1420.86579077135,1876.8296100036,1.01454419678472
2005-2011,SARIMA-W40,2,Q1,mean,7,881.951395590038,972.14537380857,0.591894045980922
2005-2011,SARIMA-W40,2,Q1,median,7,874.090757832067,962.78121123793,0.587906283635562
2005-2011,SARIMA-W60,1,all,mean,28,1193.07139266717,1690.17227267897,0.845584985935303
2005-2011,SARIMA-W60,1,all,median,28,1191.98576698488,1687.5478777524,0.845203538084911
2005-2011,SARIMA-W60,1,Q1,mean,7,1226.97463547614,1602.75909701978,0.894177379302573
2005-2011,SARIMA-W60,1,Q1,median,7,1225.15721145151,1607.4337682486,0.893598198354781
2005-2011,SARIMA-W60,2,all,mean,28,1388.34640259257,1858.46242843025,0.992888724188624
2005-2011,SARIMA-W60,2,all,median,28,1389.48714378231,1856.89553939558,0.993159113274861
2005-2011,SARIMA-W60,2,Q1,mean,7,882.341841784527,972.681089574747,0.591149568708055
2005-2011,SARIMA-W60,2,Q1,median,7,876.451235629492,965.072153962491,0.588101318732896
2012-2019,ETS,1,all,mean,32,1179.46076594483,1660.49740774409,0.349893205738419
2012-2019,ETS,1,Q1,mean,8,2257.75848816108,2756.14780370606,0.672388842066816
2012-2019,ETS,2,all,mean,32,1626.46886353259,2093.64296105254,0.493809979189901
2012-2019,ETS,2,Q1,mean,8,2267.78866563659,2569.80718208716,0.717073654747853
2012-2019,SARIMA,1,all,mean,32,866.270146841963,1526.84932022984,0.255937720954465
2012-2019,SARIMA,1,all,median,32,850.581065577361,1506.90596658457,0.250708767777493
2012-2019,SARIMA,1,Q1,mean,8,2200.70923230263,2839.47571676603,0.651633502173485
2012-2019,SARIMA,1,Q1,median,8,2177.47276112785,2803.47410036463,0.643827507829914
2012-2019,SARIMA,2,all,mean,32,1397.80727951567,2101.25254852222,0.421921091834887
2012-2019,SARIMA,2,all,median,32,1364.28278974688,2059.61306343017,0.411131373706009
2012-2019,SARIMA,2,Q1,mean,8,2167.17080717339,2704.80452937105,0.675759022095957
2012-2019,SARIMA,2,Q1,median,8,2125.84323671943,2646.22237217324,0.66151353130404
2012-2019,SARIMA+CNY,1,all,mean,32,898.057583132266,1559.6843634222,0.265518219255621
2012-2019,SARIMA+CNY,1,all,median,32,877.971045339032,1540.15779028083,0.258972998330113
2012-2019,SARIMA+CNY,1,Q1,mean,8,2239.64203104644,2913.64902033363,0.660335322101713
2012-2019,SARIMA+CNY,1,Q1,median,8,2204.60892842549,2878.27680171821,0.648722494997882
2012-2019,SARIMA+CNY,2,all,mean,32,1437.90428647412,2125.38858941976,0.434529646869873
2012-2019,SARIMA+CNY,2,all,median,32,1403.5129716899,2084.2345386735,0.423565180501606
2012-2019,SARIMA+CNY,2,Q1,mean,8,2214.65105618475,2777.28056543859,0.686754600092945
2012-2019,SARIMA+CNY,2,Q1,median,8,2158.75370484655,2719.65381994312,0.667714584506338
2012-2019,SARIMA+ETS-50:50,1,all,mean,32,979.478068457791,1563.66174129999,0.288612782841196
2012-2019,SARIMA+ETS-50:50,1,Q1,mean,8,2229.23386023185,2791.4000674054,0.66201117212015
2012-2019,SARIMA+ETS-50:50,2,all,mean,32,1429.99309101168,2038.23341986249,0.43262932713238
2012-2019,SARIMA+ETS-50:50,2,Q1,mean,8,2215.19121424448,2599.01038764665,0.695663045451747
2012-2019,SARIMA-W40,1,all,mean,32,956.256396829002,1544.35668394126,0.285580700345639
2012-2019,SARIMA-W40,1,all,median,32,943.033739205548,1535.86113403384,0.280503403442692
2012-2019,SARIMA-W40,1,Q1,mean,8,2571.61080133397,2965.5867674558,0.759248423171305
2012-2019,SARIMA-W40,1,Q1,median,8,2555.75280009069,2951.57705188682,0.753073975168362
2012-2019,SARIMA-W40,2,all,mean,32,1647.54189514708,2198.11063728964,0.50002924430726
2012-2019,SARIMA-W40,2,all,median,32,1616.87066320856,2173.51675570398,0.488824123158739
2012-2019,SARIMA-W40,2,Q1,mean,8,2474.61173548626,2814.5465956272,0.770931092426415
2012-2019,SARIMA-W40,2,Q1,median,8,2408.86153643475,2767.37075611979,0.747850285113104
2012-2019,SARIMA-W60,1,all,mean,32,1063.30026580174,1789.62232164941,0.311938529898037
2012-2019,SARIMA-W60,1,all,median,32,1025.63455040972,1758.7076968558,0.300698678039399
2012-2019,SARIMA-W60,1,Q1,mean,8,2326.52541328578,3138.70689359078,0.690772707004721
2012-2019,SARIMA-W60,1,Q1,median,8,2269.19041497554,3093.48560584411,0.673117919374817
2012-2019,SARIMA-W60,2,all,mean,32,1648.87915398762,2407.03097297439,0.493220236888282
2012-2019,SARIMA-W60,2,all,median,32,1590.48720782388,2357.19141653239,0.475384915466708
2012-2019,SARIMA-W60,2,Q1,mean,8,2476.29660180046,3108.70267776821,0.768509885724464
2012-2019,SARIMA-W60,2,Q1,median,8,2395.37895543087,3043.01815885085,0.742914830885054
2020-2026,ETS,1,all,mean,26,5613.45788412232,7716.78487392475,1.32478681054092
2020-2026,ETS,1,Q1,mean,7,9367.39264635644,12029.710821295,2.25197876467333
2020-2026,ETS,2,all,mean,26,6880.07719024032,8942.38564769091,1.63415919429752
2020-2026,ETS,2,Q1,mean,7,9268.47102645216,12392.333440054,2.24992767208825
2020-2026,SARIMA,1,all,mean,26,5370.48770854673,7659.84809251783,1.2704849507489
2020-2026,SARIMA,1,all,median,26,5356.25467181462,7655.01217532476,1.26746681863699
2020-2026,SARIMA,1,Q1,mean,7,8875.51832888557,12048.8566390372,2.14449382178611
2020-2026,SARIMA,1,Q1,median,7,8967.84398911547,12076.7308284,2.1653830702192
2020-2026,SARIMA,2,all,mean,26,6700.37667739873,8809.01851688651,1.59451474740563
2020-2026,SARIMA,2,all,median,26,6666.09483491432,8792.01407525818,1.58691101290103
2020-2026,SARIMA,2,Q1,mean,7,8640.55880747902,12317.8978398255,2.11005347373103
2020-2026,SARIMA,2,Q1,median,7,8770.8112205471,12348.0750583516,2.13943544846728
2020-2026,SARIMA+CNY,1,all,mean,26,5129.39842230484,7522.83784445713,1.21362533106384
2020-2026,SARIMA+CNY,1,all,median,26,5106.26010424294,7517.3295679039,1.20856658001349
2020-2026,SARIMA+CNY,1,Q1,mean,7,8562.5801961964,11922.0633138646,2.06947411752734
2020-2026,SARIMA+CNY,1,Q1,median,7,8652.55510228106,11946.4399164888,2.08982703387051
2020-2026,SARIMA+CNY,2,all,mean,26,6647.67217919476,8622.13541550401,1.58025083048686
2020-2026,SARIMA+CNY,2,all,median,26,6599.7851913287,8603.91744143081,1.5696005843222
2020-2026,SARIMA+CNY,2,Q1,mean,7,8712.33667463052,12092.2751156654,2.12132965170454
2020-2026,SARIMA+CNY,2,Q1,median,7,8787.5278850548,12119.980586512,2.13836845265326
2020-2026,SARIMA+ETS-50:50,1,all,mean,26,5427.33719172718,7645.32103239084,1.28301532189197
2020-2026,SARIMA+ETS-50:50,1,Q1,mean,7,9121.455487621,12031.0378364041,2.19823629322972
2020-2026,SARIMA+ETS-50:50,2,all,mean,26,6781.45516760787,8852.9064162501,1.61238013089573
2020-2026,SARIMA+ETS-50:50,2,Q1,mean,7,8954.51491696559,12344.9848444586,2.17999057290964
2020-2026,SARIMA-W40,1,all,mean,26,5932.71784175054,8326.94802208033,1.40264740894637
2020-2026,SARIMA-W40,1,all,median,26,5878.14741483332,8322.65651229754,1.39062915689827
2020-2026,SARIMA-W40,1,Q1,mean,7,9536.59760656674,12813.651322618,2.30540725870096
2020-2026,SARIMA-W40,1,Q1,median,7,9683.89681723348,12880.8562583577,2.33897154997108
2020-2026,SARIMA-W40,2,all,mean,26,7309.30405069271,9416.53760259006,1.73597161047711
2020-2026,SARIMA-W40,2,all,median,26,7252.89826783061,9402.0732270077,1.72360078697157
2020-2026,SARIMA-W40,2,Q1,mean,7,9139.40047851391,13064.9168021142,2.23169448881893
2020-2026,SARIMA-W40,2,Q1,median,7,9319.34683086236,13131.4299003994,2.2726282306165
2020-2026,SARIMA-W60,1,all,mean,26,5398.53289305452,7961.08213054468,1.28002603752861
2020-2026,SARIMA-W60,1,all,median,26,5384.48823994746,7959.80856191498,1.27712662759376
2020-2026,SARIMA-W60,1,Q1,mean,7,9028.00309084087,12505.2575735085,2.18816548624272
2020-2026,SARIMA-W60,1,Q1,median,7,9133.82753204124,12532.4034392353,2.21202530308053
2020-2026,SARIMA-W60,2,all,mean,26,5898.40517413656,8106.23086898809,1.40234572607452
2020-2026,SARIMA-W60,2,all,median,26,5866.82170939919,8082.7638731806,1.39546448721189
2020-2026,SARIMA-W60,2,Q1,mean,7,6046.00915081797,10508.5069430528,1.47898912817359
2020-2026,SARIMA-W60,2,Q1,median,7,6201.40720094051,10512.2293005379,1.51432039345901
