model,horizon,scope,point_convention,n,MAE,RMSE,MASE
ETS,1,all,mean,86,2590.54515804008,4480.30161146602,0.833751912338645
ETS,1,Q1,mean,22,4194.11360505682,7046.58737570803,1.24610130040589
ETS,2,all,mean,86,3242.31926143174,5211.83647730643,1.05975993511162
ETS,2,Q1,mean,22,4146.71888048377,7194.90545494407,1.22948678140288
SARIMA,1,all,mean,86,2309.51639669961,4414.06593434748,0.741472688496013
SARIMA,1,all,median,86,2299.10621949019,4408.63066729534,0.738536308994281
SARIMA,1,Q1,mean,22,4016.81503864185,7066.40102748036,1.20485275048177
SARIMA,1,Q1,median,22,4037.16359404819,7076.61715798404,1.20847403203118
SARIMA,2,all,mean,86,2970.23648767576,5115.5228212922,0.947892964636094
SARIMA,2,all,median,86,2947.87798569281,5100.1058062972,0.941726083141933
SARIMA,2,Q1,mean,22,3824.03509401561,7159.17120761119,1.1085826917115
SARIMA,2,Q1,median,22,3848.54905113975,7167.42309491511,1.11177598919243
SARIMA+CNY,1,all,mean,86,2248.03279799626,4346.70572562258,0.728243598090741
SARIMA+CNY,1,all,median,86,2233.36169112281,4340.88482141601,0.724270123091302
SARIMA+CNY,1,Q1,mean,22,3926.52394847063,7008.54467406053,1.18208307670091
SARIMA+CNY,1,Q1,median,22,3942.100822414,7016.74689720175,1.1844246778023
SARIMA+CNY,2,all,mean,86,2965.72967000945,5021.59283475073,0.946406838794801
SARIMA+CNY,2,all,median,86,2939.08374270065,5005.45476317511,0.939412426809018
SARIMA+CNY,2,Q1,mean,22,3852.9657904887,7044.61774430093,1.10853693500365
SARIMA+CNY,2,Q1,median,22,3855.21984344455,7051.2577677935,1.10666441010975
SARIMA+ETS-50:50,1,all,mean,86,2409.69749773291,4413.58152035288,0.775437588140772
SARIMA+ETS-50:50,1,Q1,mean,22,4095.29613836548,7050.57162693899,1.2208235210127
SARIMA+ETS-50:50,2,all,mean,86,3072.32807683724,5136.95334046533,0.993093408658396
SARIMA+ETS-50:50,2,Q1,mean,22,3984.54479737314,7165.60929448396,1.16876081184077
SARIMA-W40,1,all,mean,86,2546.58159192087,4774.47910536623,0.812203302756787
SARIMA-W40,1,all,median,86,2525.27673423956,4770.87046624727,0.80677095624843
SARIMA-W40,1,Q1,mean,22,4346.48480075353,7497.62679158024,1.2854754074707
SARIMA-W40,1,Q1,median,22,4386.55678552305,7532.51378781382,1.29351592244651
SARIMA-W40,2,all,mean,86,3285.00759484151,5454.58184631362,1.04108458705447
SARIMA-W40,2,all,median,86,3256.97044567288,5443.34115364866,1.0332933710734
SARIMA-W40,2,Q1,mean,22,4088.47077284626,7582.37550936241,1.1787531128641
SARIMA-W40,2,Q1,median,22,4119.31615510632,7612.18078728647,1.18211563093951
SARIMA-W60,1,all,mean,86,2416.20305488086,4613.33329067259,0.7783615062636
SARIMA-W60,1,all,median,86,2397.588387527,4607.9291479885,0.773178477686931
SARIMA-W60,1,Q1,mean,22,4108.95669956842,7359.17477349656,1.2319355324934
SARIMA-W60,1,Q1,median,22,4121.20075110243,7367.2249633395,1.23292308477481
SARIMA-W60,2,all,mean,86,2848.79496195054,4811.07697599667,0.930754892274931
SARIMA-W60,2,all,median,86,2817.89064093777,4789.71380994508,0.922126152722557
SARIMA-W60,2,Q1,mean,22,3104.94680739187,6241.1247727165,0.938138634725782
SARIMA-W60,2,Q1,median,22,3123.09275906532,6230.96366407631,0.939103210564716
