model,horizon,scope,point_convention,n,MAE,RMSE,MASE,score_sample
ETS,1,all,mean,86,2590.54515804008,4480.30161146602,0.833751912338645,all
ETS,1,Q1,mean,22,4194.11360505682,7046.58737570803,1.24610130040589,all
ETS,2,all,mean,86,3242.31926143174,5211.83647730643,1.05975993511162,all
ETS,2,Q1,mean,22,4146.71888048377,7194.90545494407,1.22948678140288,all
SARIMA,1,all,mean,86,2309.51639669961,4414.06593434748,0.741472688496013,all
SARIMA,1,Q1,mean,22,4016.81503864185,7066.40102748036,1.20485275048177,all
SARIMA,2,all,mean,86,2970.23648767576,5115.5228212922,0.947892964636094,all
SARIMA,2,Q1,mean,22,3824.03509401561,7159.17120761119,1.1085826917115,all
SARIMA+CNY,1,all,mean,86,2248.03279799626,4346.70572562258,0.728243598090741,all
SARIMA+CNY,1,Q1,mean,22,3926.52394847063,7008.54467406053,1.18208307670091,all
SARIMA+CNY,2,all,mean,86,2965.72967000945,5021.59283475073,0.946406838794801,all
SARIMA+CNY,2,Q1,mean,22,3852.9657904887,7044.61774430093,1.10853693500365,all
SARIMA+ETS-50:50,1,all,mean,86,2409.69749773291,4413.58152035288,0.775437588140772,all
SARIMA+ETS-50:50,1,Q1,mean,22,4095.29613836548,7050.57162693899,1.2208235210127,all
SARIMA+ETS-50:50,2,all,mean,86,3072.32807683724,5136.95334046533,0.993093408658396,all
SARIMA+ETS-50:50,2,Q1,mean,22,3984.54479737314,7165.60929448396,1.16876081184077,all
SARIMA-W40,1,all,mean,86,2546.58159192087,4774.47910536623,0.812203302756787,all
SARIMA-W40,1,Q1,mean,22,4346.48480075353,7497.62679158024,1.2854754074707,all
SARIMA-W40,2,all,mean,86,3285.00759484151,5454.58184631362,1.04108458705447,all
SARIMA-W40,2,Q1,mean,22,4088.47077284626,7582.37550936241,1.1787531128641,all
SARIMA-W60,1,all,mean,86,2416.20305488086,4613.33329067259,0.7783615062636,all
SARIMA-W60,1,Q1,mean,22,4108.95669956842,7359.17477349656,1.2319355324934,all
SARIMA-W60,2,all,mean,86,2848.79496195054,4811.07697599667,0.930754892274931,all
SARIMA-W60,2,Q1,mean,22,3104.94680739187,6241.1247727165,0.938138634725782,all
ETS,1,all,mean,84,2223.99842626459,3374.91447633818,0.748509080803211,exclude_original_shocks
ETS,1,Q1,mean,21,3164.60243902496,4504.18803450652,0.995762012964922,exclude_original_shocks
ETS,2,all,mean,84,2926.03162302656,4415.39561161889,0.987205101846008,exclude_original_shocks
ETS,2,Q1,mean,21,3141.86616206176,4886.19779088145,0.98177195494885,exclude_original_shocks
SARIMA,1,all,mean,84,1925.57329437457,3215.63543106762,0.651417860635863,exclude_original_shocks
SARIMA,1,Q1,mean,21,2950.27743749556,4368.95754948397,0.945348230847274,exclude_original_shocks
SARIMA,2,all,mean,84,2634.7197496877,4218.6558699171,0.869410498483842,exclude_original_shocks
SARIMA,2,Q1,mean,21,2750.36018678144,4536.31638521114,0.841493784424474,exclude_original_shocks
SARIMA+CNY,1,all,mean,84,1858.89483316325,3127.29660874394,0.637112556022387,exclude_original_shocks
SARIMA+CNY,1,Q1,mean,21,2871.76356891123,4367.90205198051,0.92554447929859,exclude_original_shocks
SARIMA+CNY,2,all,mean,84,2636.76569066407,4131.78955853973,0.869514938805172,exclude_original_shocks
SARIMA+CNY,2,Q1,mean,21,2796.58221417726,4439.32429762415,0.845499487035853,exclude_original_shocks
SARIMA+ETS-50:50,1,all,mean,84,2033.49226450081,3249.70217002082,0.687498884341157,exclude_original_shocks
SARIMA+ETS-50:50,1,Q1,mean,21,3046.78755556289,4427.68650563126,0.965680022025861,exclude_original_shocks
SARIMA+ETS-50:50,2,all,mean,84,2745.61756012356,4285.54774021516,0.917319210349096,exclude_original_shocks
SARIMA+ETS-50:50,2,Q1,mean,21,2945.24135645569,4697.81725341258,0.911345900936126,exclude_original_shocks
SARIMA-W40,1,all,mean,84,2178.06499368512,3748.45909984362,0.726157905464154,exclude_original_shocks
SARIMA-W40,1,Q1,mean,21,3310.65806217942,5143.49883867654,1.03359207853262,exclude_original_shocks
SARIMA-W40,2,all,mean,84,2950.63573437165,4639.24342656698,0.963488032011335,exclude_original_shocks
SARIMA-W40,2,Q1,mean,21,3045.2470587506,5296.14600832188,0.919554822180321,exclude_original_shocks
SARIMA-W60,1,all,mean,84,2040.22939080736,3522.98641712515,0.690512313210939,exclude_original_shocks
SARIMA-W60,1,Q1,mean,21,3061.50543461793,4927.91044172325,0.977423664908613,exclude_original_shocks
SARIMA-W60,2,all,mean,84,2503.57490964591,3804.60740790482,0.850223371652689,exclude_original_shocks
SARIMA-W60,2,Q1,mean,21,1984.09853548045,2646.64529289981,0.659639456707998,exclude_original_shocks
