model,window,origin,training_start,training_end,n_train,p,d,q,P,D,Q,status,attempt_count,attempts_json,failure_reason,checkpoint_reused
SARIMA-W40,40,2004Q3,1994Q4,2004Q3,40,0,1,0,1,0,0,successful,1,"[{""aic"": -180.21339305413665, ""attempt"": 1, ""converged"": true, ""disp"": false, ""iterations"": 19, ""llf"": 92.10669652706832, ""maxiter"": 100, ""method"": ""lbfgs"", ""start"": ""initial"", ""start_params"": null, ""terminal_params"": [0.9802384354860851, 0.00037315783677879], ""valid_parameters"": true, ""warnings"": []}]",,True
SARIMA-W40,40,2004Q4,1995Q1,2004Q4,40,1,1,0,1,0,0,successful,1,"[{""aic"": -178.32938139780643, ""attempt"": 1, ""converged"": true, ""disp"": false, ""iterations"": 27, ""llf"": 92.16469069890321, ""maxiter"": 100, ""method"": ""lbfgs"", ""start"": ""initial"", ""start_params"": null, ""terminal_params"": [0.044588599016739054, 0.9810767388170412, 0.0003701217551346968], ""valid_parameters"": true, ""warnings"": []}]",,True
SARIMA-W40,40,2005Q1,1995Q2,2005Q1,40,0,1,0,1,0,0,successful,1,"[{""aic"": -181.2662172636428, ""attempt"": 1, ""converged"": true, ""disp"": false, ""iterations"": 21, ""llf"": 92.6331086318214, ""maxiter"": 100, ""method"": ""lbfgs"", ""start"": ""initial"", ""start_params"": null, ""terminal_params"": [0.9800008619469054, 0.00036341781216612954], ""valid_parameters"": true, ""warnings"": []}]",,True
SARIMA-W40,40,2005Q2,1995Q3,2005Q2,40,1,1,0,1,0,0,successful,1,"[{""aic"": -180.99445618901743, ""attempt"": 1, ""converged"": true, ""disp"": false, ""iterations"": 42, ""llf"": 93.49722809450871, ""maxiter"": 100, ""method"": ""lbfgs"", ""start"": ""initial"", ""start_params"": null, ""terminal_params"": [0.04437347362412928, 0.9821434049533175, 0.00034367526990381587], ""valid_parameters"": true, ""warnings"": []}]",,True
SARIMA-W40,40,2005Q3,1995Q4,2005Q3,40,0,1,0,1,0,0,successful,1,"[{""aic"": -183.6278130358568, ""attempt"": 1, ""converged"": true, ""disp"": false, ""iterations"": 18, ""llf"": 93.8139065179284, ""maxiter"": 100, ""method"": ""lbfgs"", ""start"": ""initial"", ""start_params"": null, ""terminal_params"": [0.9815871905872369, 0.0003392752008504807], ""valid_parameters"": true, ""warnings"": []}]",,True
SARIMA-W40,40,2005Q4,1996Q1,2005Q4,40,0,1,0,1,0,0,successful,1,"[{""aic"": -131.29967456959096, ""attempt"": 1, ""converged"": true, ""disp"": false, ""iterations"": 19, ""llf"": 67.64983728479548, ""maxiter"": 100, ""method"": ""lbfgs"", ""start"": ""initial"", ""start_params"": null, ""terminal_params"": [0.9667919052938048, 0.0013779943806560156], ""valid_parameters"": true, ""warnings"": [""Non-stationary starting seasonal autoregressive Using zeros as starting parameters.""]}]",,True
SARIMA-W40,40,2006Q1,1996Q2,2006Q1,40,1,1,0,1,0,0,successful,1,"[{""aic"": -126.20860900175217, ""attempt"": 1, ""converged"": true, ""disp"": false, ""iterations"": 18, ""llf"": 66.10430450087608, ""maxiter"": 100, ""method"": ""lbfgs"", ""start"": ""initial"", ""start_params"": null, ""terminal_params"": [-0.5626264811597766, 0.9706701993440651, 0.001451751223623064], ""valid_parameters"": true, ""warnings"": [""Non-stationary starting seasonal autoregressive Using zeros as starting parameters.""]}]",,True
SARIMA-W40,40,2006Q2,1996Q3,2006Q2,40,0,1,1,1,0,0,successful,1,"[{""aic"": -128.20362290366336, ""attempt"": 1, ""converged"": true, ""disp"": false, ""iterations"": 14, ""llf"": 67.10181145183168, ""maxiter"": 100, ""method"": ""lbfgs"", ""start"": ""initial"", ""start_params"": null, ""terminal_params"": [-0.5619600851094093, 0.968603966869119, 0.0014027847738011102], ""valid_parameters"": true, ""warnings"": [""Non-stationary starting seasonal autoregressive Using zeros as starting parameters.""]}]",,True
SARIMA-W40,40,2006Q3,1996Q4,2006Q3,40,1,1,0,1,0,0,successful,1,"[{""aic"": -125.41390478755906, ""attempt"": 1, ""converged"": true, ""disp"": false, ""iterations"": 18, ""llf"": 65.70695239377953, ""maxiter"": 100, ""method"": ""lbfgs"", ""start"": ""initial"", ""start_params"": null, ""terminal_params"": [-0.4441263631190809, 0.9654133723864557, 0.0015172837518837327], ""valid_parameters"": true, ""warnings"": [""Non-stationary starting seasonal autoregressive Using zeros as starting parameters.""]}]",,True
SARIMA-W40,40,2006Q4,1997Q1,2006Q4,40,0,1,0,1,0,1,successful,1,"[{""aic"": -117.8752941174441, ""attempt"": 1, ""converged"": true, ""disp"": false, ""iterations"": 53, ""llf"": 61.93764705872205, ""maxiter"": 100, ""method"": ""lbfgs"", ""start"": ""initial"", ""start_params"": null, ""terminal_params"": [0.9998468228673343, -0.9534144076002139, 0.0016434769342487162], ""valid_parameters"": true, ""warnings"": [""Non-invertible starting seasonal moving average Using zeros as starting parameters.""]}]",,True
SARIMA-W40,40,2007Q1,1997Q2,2007Q1,40,1,1,0,1,0,1,successful,1,"[{""aic"": -118.41282749605017, ""attempt"": 1, ""converged"": true, ""disp"": false, ""iterations"": 33, ""llf"": 63.206413748025085, ""maxiter"": 100, ""method"": ""lbfgs"", ""start"": ""initial"", ""start_params"": null, ""terminal_params"": [-0.35756280385329353, 0.9997113375710469, -0.9322976163428472, 0.0015374397945419468], ""valid_parameters"": true, ""warnings"": [""Non-stationary starting seasonal autoregressive Using zeros as starting parameters."", ""Non-invertible starting seasonal moving average Using zeros as starting parameters.""]}]",,True
SARIMA-W40,40,2007Q2,1997Q3,2007Q2,40,1,1,0,1,0,1,successful,1,"[{""aic"": -117.13158934656317, ""attempt"": 1, ""converged"": true, ""disp"": false, ""iterations"": 53, ""llf"": 62.56579467328159, ""maxiter"": 100, ""method"": ""lbfgs"", ""start"": ""initial"", ""start_params"": null, ""terminal_params"": [-0.31744816148077015, 0.9990871440590071, -0.886082387462212, 0.0016622202238930192], ""valid_parameters"": true, ""warnings"": [""Non-stationary starting seasonal autoregressive Using zeros as starting parameters."", ""Non-invertible starting seasonal moving average Using zeros as starting parameters.""]}]",,True
SARIMA-W40,40,2007Q3,1997Q4,2007Q3,40,1,1,0,1,0,1,successful,1,"[{""aic"": -117.49937997216426, ""attempt"": 1, ""converged"": true, ""disp"": false, ""iterations"": 22, ""llf"": 62.74968998608213, ""maxiter"": 100, ""method"": ""lbfgs"", ""start"": ""initial"", ""start_params"": null, ""terminal_params"": [-0.31362442489845627, 0.99987452470567, -0.9554160361817442, 0.0015529760429939038], ""valid_parameters"": true, ""warnings"": [""Non-invertible starting seasonal moving average Using zeros as starting parameters.""]}]",,True
SARIMA-W40,40,2007Q4,1998Q1,2007Q4,40,1,1,0,1,0,1,successful,1,"[{""aic"": -116.71806316450616, ""attempt"": 1, ""converged"": true, ""disp"": false, ""iterations"": 47, ""llf"": 62.35903158225308, ""maxiter"": 100, ""method"": ""lbfgs"", ""start"": ""initial"", ""start_params"": null, ""terminal_params"": [-0.31405681322932383, 0.9996339290893318, -0.9280182537770767, 0.001635237383021343], ""valid_parameters"": true, ""warnings"": []}]",,True
SARIMA-W40,40,2008Q1,1998Q2,2008Q1,40,1,1,0,1,0,1,successful,1,"[{""aic"": -114.81226133494808, ""attempt"": 1, ""converged"": true, ""disp"": false, ""iterations"": 50, ""llf"": 61.40613066747404, ""maxiter"": 100, ""method"": ""lbfgs"", ""start"": ""initial"", ""start_params"": null, ""terminal_params"": [-0.347122182711957, 0.9990862060412659, -0.8901083279983992, 0.0017664800056083746], ""valid_parameters"": true, ""warnings"": []}]",,True
SARIMA-W40,40,2008Q2,1998Q3,2008Q2,40,1,1,0,1,0,1,successful,1,"[{""aic"": -112.79163849659281, ""attempt"": 1, ""converged"": true, ""disp"": false, ""iterations"": 42, ""llf"": 60.395819248296405, ""maxiter"": 100, ""method"": ""lbfgs"", ""start"": ""initial"", ""start_params"": null, ""terminal_params"": [-0.30200488623043836, 0.9975912861617885, -0.8316273042681355, 0.0019503677692195315], ""valid_parameters"": true, ""warnings"": []}]",,True
SARIMA-W40,40,2008Q3,1998Q4,2008Q3,40,1,1,0,1,0,1,successful,1,"[{""aic"": -112.88894378109333, ""attempt"": 1, ""converged"": true, ""disp"": false, ""iterations"": 40, ""llf"": 60.444471890546666, ""maxiter"": 100, ""method"": ""lbfgs"", ""start"": ""initial"", ""start_params"": null, ""terminal_params"": [-0.30263501822921485, 0.9977051633051904, -0.833391348424306, 0.0019375663100361866], ""valid_parameters"": true, ""warnings"": []}]",,True
SARIMA-W40,40,2008Q4,1999Q1,2008Q4,40,1,1,0,1,0,1,successful,1,"[{""aic"": -112.09679996879358, ""attempt"": 1, ""converged"": true, ""disp"": false, ""iterations"": 32, ""llf"": 60.04839998439679, ""maxiter"": 100, ""method"": ""lbfgs"", ""start"": ""initial"", ""start_params"": null, ""terminal_params"": [-0.31742057252822387, 0.9966492700238039, -0.8089540440186288, 0.0020153922291245375], ""valid_parameters"": true, ""warnings"": []}]",,True
SARIMA-W40,40,2009Q1,1999Q2,2009Q1,40,1,1,0,1,0,1,successful,1,"[{""aic"": -112.20838576443124, ""attempt"": 1, ""converged"": true, ""disp"": false, ""iterations"": 58, ""llf"": 60.10419288221562, ""maxiter"": 100, ""method"": ""lbfgs"", ""start"": ""initial"", ""start_params"": null, ""terminal_params"": [-0.30426216604928863, 0.998397966274403, -0.8656780842019217, 0.001954327845610774], ""valid_parameters"": true, ""warnings"": []}]",,True
SARIMA-W40,40,2009Q2,1999Q3,2009Q2,40,1,1,0,1,0,1,successful,1,"[{""aic"": -111.6875403582257, ""attempt"": 1, ""converged"": true, ""disp"": false, ""iterations"": 38, ""llf"": 59.84377017911285, ""maxiter"": 100, ""method"": ""lbfgs"", ""start"": ""initial"", ""start_params"": null, ""terminal_params"": [-0.3102249720486807, 0.9957169245697443, -0.7881486639951328, 0.002067807010678438], ""valid_parameters"": true, ""warnings"": []}]",,True
SARIMA-W40,40,2009Q3,1999Q4,2009Q3,40,1,1,0,1,0,1,successful,1,"[{""aic"": -111.54442912279117, ""attempt"": 1, ""converged"": true, ""disp"": false, ""iterations"": 40, ""llf"": 59.772214561395586, ""maxiter"": 100, ""method"": ""lbfgs"", ""start"": ""initial"", ""start_params"": null, ""terminal_params"": [-0.3060463403933382, 0.9952873488159262, -0.7787818621615022, 0.002084591637664632], ""valid_parameters"": true, ""warnings"": []}]",,True
SARIMA-W40,40,2009Q4,2000Q1,2009Q4,40,1,1,0,1,0,1,successful,1,"[{""aic"": -111.38669267131863, ""attempt"": 1, ""converged"": true, ""disp"": false, ""iterations"": 55, ""llf"": 59.693346335659314, ""maxiter"": 100, ""method"": ""lbfgs"", ""start"": ""initial"", ""start_params"": null, ""terminal_params"": [-0.31736924888775303, 0.993439603720677, -0.7472746363310977, 0.002129742167917756], ""valid_parameters"": true, ""warnings"": []}]",,True
SARIMA-W40,40,2010Q1,2000Q2,2010Q1,40,1,1,0,1,0,1,successful,1,"[{""aic"": -110.39277214564544, ""attempt"": 1, ""converged"": true, ""disp"": false, ""iterations"": 36, ""llf"": 59.19638607282272, ""maxiter"": 100, ""method"": ""lbfgs"", ""start"": ""initial"", ""start_params"": null, ""terminal_params"": [-0.33447296300057383, 0.9934619855553044, -0.7494398345526501, 0.002184885230039821], ""valid_parameters"": true, ""warnings"": []}]",,True
SARIMA-W40,40,2010Q2,2000Q3,2010Q2,40,1,1,0,1,0,1,successful,1,"[{""aic"": -109.83521226352507, ""attempt"": 1, ""converged"": true, ""disp"": false, ""iterations"": 39, ""llf"": 58.91760613176253, ""maxiter"": 100, ""method"": ""lbfgs"", ""start"": ""initial"", ""start_params"": null, ""terminal_params"": [-0.3149471916397307, 0.9905877924062485, -0.7076096459132387, 0.0022577197322451803], ""valid_parameters"": true, ""warnings"": []}]",,True
SARIMA-W40,40,2010Q3,2000Q4,2010Q3,40,1,1,0,1,0,1,successful,1,"[{""aic"": -109.79484282125681, ""attempt"": 1, ""converged"": true, ""disp"": false, ""iterations"": 41, ""llf"": 58.897421410628404, ""maxiter"": 100, ""method"": ""lbfgs"", ""start"": ""initial"", ""start_params"": null, ""terminal_params"": [-0.31302232044981043, 0.9902505672999777, -0.7037222329004315, 0.0022639342091859884], ""valid_parameters"": true, ""warnings"": []}]",,True
SARIMA-W40,40,2010Q4,2001Q1,2010Q4,40,1,1,0,1,0,1,successful,1,"[{""aic"": -109.55445900504267, ""attempt"": 1, ""converged"": true, ""disp"": false, ""iterations"": 47, ""llf"": 58.77722950252134, ""maxiter"": 100, ""method"": ""lbfgs"", ""start"": ""initial"", ""start_params"": null, ""terminal_params"": [-0.3194829132402575, 0.9878645017613018, -0.6791126142656978, 0.002305078444227277], ""valid_parameters"": true, ""warnings"": []}]",,True
SARIMA-W40,40,2011Q1,2001Q2,2011Q1,40,1,1,0,1,0,1,successful,1,"[{""aic"": -109.9463187982899, ""attempt"": 1, ""converged"": true, ""disp"": false, ""iterations"": 29, ""llf"": 58.97315939914495, ""maxiter"": 100, ""method"": ""lbfgs"", ""start"": ""initial"", ""start_params"": null, ""terminal_params"": [-0.32247439042029064, 0.9899348173850703, -0.7055145350251673, 0.0022638664876176435], ""valid_parameters"": true, ""warnings"": []}]",,True
SARIMA-W40,40,2011Q2,2001Q3,2011Q2,40,1,1,0,1,0,1,successful,1,"[{""aic"": -109.9786919348808, ""attempt"": 1, ""converged"": true, ""disp"": false, ""iterations"": 44, ""llf"": 58.9893459674404, ""maxiter"": 100, ""method"": ""lbfgs"", ""start"": ""initial"", ""start_params"": null, ""terminal_params"": [-0.3205675583530004, 0.9892577506084366, -0.6947062083543585, 0.002266015702439414], ""valid_parameters"": true, ""warnings"": []}]",,True
SARIMA-W40,40,2011Q3,2001Q4,2011Q3,40,1,1,0,1,0,1,successful,1,"[{""aic"": -109.99101082266553, ""attempt"": 1, ""converged"": true, ""disp"": false, ""iterations"": 41, ""llf"": 58.995505411332765, ""maxiter"": 100, ""method"": ""lbfgs"", ""start"": ""initial"", ""start_params"": null, ""terminal_params"": [-0.3187442275788719, 0.9892211941979875, -0.69553844715958, 0.002266651359944881], ""valid_parameters"": true, ""warnings"": []}]",,True
SARIMA-W40,40,2011Q4,2002Q1,2011Q4,40,0,1,1,1,0,1,successful,1,"[{""aic"": -112.5172958882346, ""attempt"": 1, ""converged"": true, ""disp"": false, ""iterations"": 42, ""llf"": 60.2586479441173, ""maxiter"": 100, ""method"": ""lbfgs"", ""start"": ""initial"", ""start_params"": null, ""terminal_params"": [-0.4880767170262117, 0.9921081886786224, -0.7114334565880692, 0.0020671833914502015], ""valid_parameters"": true, ""warnings"": []}]",,True
SARIMA-W40,40,2012Q1,2002Q2,2012Q1,40,0,1,1,1,0,1,successful,1,"[{""aic"": -113.33098450819597, ""attempt"": 1, ""converged"": true, ""disp"": false, ""iterations"": 40, ""llf"": 60.665492254097984, ""maxiter"": 100, ""method"": ""lbfgs"", ""start"": ""initial"", ""start_params"": null, ""terminal_params"": [-0.5118609522130139, 0.9947386712429938, -0.7524251597710299, 0.001978200586243788], ""valid_parameters"": true, ""warnings"": []}]",,True
SARIMA-W40,40,2012Q2,2002Q3,2012Q2,40,1,1,0,1,0,1,successful,2,"[{""aic"": -110.94498008427314, ""attempt"": 1, ""converged"": false, ""disp"": false, ""iterations"": 37, ""llf"": 59.47249004213657, ""maxiter"": 100, ""method"": ""lbfgs"", ""start"": ""initial"", ""start_params"": null, ""terminal_params"": [-0.3293605147388663, 0.9896036785229415, -0.7034877621142278, 0.002210860345168006], ""valid_parameters"": true, ""warnings"": [""Maximum Likelihood optimization failed to converge. Check mle_retvals""]}, {""aic"": -110.94498008427314, ""attempt"": 2, ""converged"": true, ""disp"": false, ""iterations"": 1, ""llf"": 59.47249004213657, ""maxiter"": 100, ""method"": ""lbfgs"", ""start"": ""terminal_continuation"", ""start_params"": [-0.3293605147388663, 0.9896036785229415, -0.7034877621142278, 0.002210860345168006], ""terminal_params"": [-0.3293605147388663, 0.9896036785229415, -0.7034877621142278, 0.0022108603451680055], ""valid_parameters"": true, ""warnings"": []}]",,True
SARIMA-W40,40,2012Q3,2002Q4,2012Q3,40,1,1,0,1,0,1,successful,1,"[{""aic"": -111.07577450079732, ""attempt"": 1, ""converged"": true, ""disp"": false, ""iterations"": 36, ""llf"": 59.53788725039866, ""maxiter"": 100, ""method"": ""lbfgs"", ""start"": ""initial"", ""start_params"": null, ""terminal_params"": [-0.32462541835502284, 0.989628214748509, -0.7082602605167173, 0.002207349635301411], ""valid_parameters"": true, ""warnings"": []}]",,True
SARIMA-W40,40,2012Q4,2003Q1,2012Q4,40,1,1,0,1,0,1,successful,1,"[{""aic"": -111.44385401393373, ""attempt"": 1, ""converged"": true, ""disp"": false, ""iterations"": 32, ""llf"": 59.721927006966865, ""maxiter"": 100, ""method"": ""lbfgs"", ""start"": ""initial"", ""start_params"": null, ""terminal_params"": [-0.33634853469911713, 0.9889535414337406, -0.7018618432770358, 0.002194398643619328], ""valid_parameters"": true, ""warnings"": []}]",,True
SARIMA-W40,40,2013Q1,2003Q2,2013Q1,40,1,1,0,1,0,1,successful,1,"[{""aic"": -111.65480555653846, ""attempt"": 1, ""converged"": true, ""disp"": false, ""iterations"": 34, ""llf"": 59.82740277826923, ""maxiter"": 100, ""method"": ""lbfgs"", ""start"": ""initial"", ""start_params"": null, ""terminal_params"": [-0.32641934245767085, 0.9902706154410736, -0.7202505527682639, 0.0021716689791245235], ""valid_parameters"": true, ""warnings"": []}]",,True
SARIMA-W40,40,2013Q2,2003Q3,2013Q2,40,1,1,0,1,0,1,successful,1,"[{""aic"": -111.68424239674108, ""attempt"": 1, ""converged"": true, ""disp"": false, ""iterations"": 36, ""llf"": 59.84212119837054, ""maxiter"": 100, ""method"": ""lbfgs"", ""start"": ""initial"", ""start_params"": null, ""terminal_params"": [-0.32376446084622573, 0.9903426732056589, -0.7233777454367393, 0.002171943850354754], ""valid_parameters"": true, ""warnings"": []}]",,True
SARIMA-W40,40,2013Q3,2003Q4,2013Q3,40,1,1,0,1,0,1,successful,1,"[{""aic"": -111.71352640141896, ""attempt"": 1, ""converged"": true, ""disp"": false, ""iterations"": 42, ""llf"": 59.85676320070948, ""maxiter"": 100, ""method"": ""lbfgs"", ""start"": ""initial"", ""start_params"": null, ""terminal_params"": [-0.3229838539972955, 0.98991122714019, -0.7154105834863946, 0.0021718181995069364], ""valid_parameters"": true, ""warnings"": []}]",,True
SARIMA-W40,40,2013Q4,2004Q1,2013Q4,40,1,1,0,1,0,1,successful,1,"[{""aic"": -110.22483951098431, ""attempt"": 1, ""converged"": true, ""disp"": false, ""iterations"": 26, ""llf"": 59.112419755492155, ""maxiter"": 100, ""method"": ""lbfgs"", ""start"": ""initial"", ""start_params"": null, ""terminal_params"": [-0.30696911906397156, 0.9993707807769092, -0.9276586244307071, 0.0020385588317745683], ""valid_parameters"": true, ""warnings"": []}]",,True
SARIMA-W40,40,2014Q1,2004Q2,2014Q1,40,1,1,0,1,0,1,successful,1,"[{""aic"": -111.47064943185184, ""attempt"": 1, ""converged"": true, ""disp"": false, ""iterations"": 35, ""llf"": 59.73532471592592, ""maxiter"": 100, ""method"": ""lbfgs"", ""start"": ""initial"", ""start_params"": null, ""terminal_params"": [-0.3193755530794497, 0.9875586039950736, -0.6857693417397831, 0.002205171036544813], ""valid_parameters"": true, ""warnings"": [""Non-stationary starting seasonal autoregressive Using zeros as starting parameters.""]}]",,True
SARIMA-W40,40,2014Q2,2004Q3,2014Q2,40,1,1,0,1,0,1,successful,1,"[{""aic"": -110.24401696099761, ""attempt"": 1, ""converged"": true, ""disp"": false, ""iterations"": 27, ""llf"": 59.122008480498806, ""maxiter"": 100, ""method"": ""lbfgs"", ""start"": ""initial"", ""start_params"": null, ""terminal_params"": [-0.2990306881097727, 0.9985125234195493, -0.886947015581787, 0.002085102409735264], ""valid_parameters"": true, ""warnings"": []}]",,True
SARIMA-W40,40,2014Q3,2004Q4,2014Q3,40,1,1,0,1,0,1,successful,1,"[{""aic"": -111.81409685387197, ""attempt"": 1, ""converged"": true, ""disp"": false, ""iterations"": 34, ""llf"": 59.90704842693599, ""maxiter"": 100, ""method"": ""lbfgs"", ""start"": ""initial"", ""start_params"": null, ""terminal_params"": [-0.313640698163308, 0.9841811426087629, -0.6293630028025032, 0.0021941261927088947], ""valid_parameters"": true, ""warnings"": []}]",,True
SARIMA-W40,40,2014Q4,2005Q1,2014Q4,40,1,1,0,1,0,1,successful,1,"[{""aic"": -112.69713086180178, ""attempt"": 1, ""converged"": true, ""disp"": false, ""iterations"": 43, ""llf"": 60.34856543090089, ""maxiter"": 100, ""method"": ""lbfgs"", ""start"": ""initial"", ""start_params"": null, ""terminal_params"": [-0.3069476088633714, 0.9742894636409821, -0.4829106443729322, 0.002158836696980106], ""valid_parameters"": true, ""warnings"": []}]",,True
SARIMA-W40,40,2015Q1,2005Q2,2015Q1,40,1,1,0,1,0,1,successful,1,"[{""aic"": -112.80256436134268, ""attempt"": 1, ""converged"": true, ""disp"": false, ""iterations"": 27, ""llf"": 60.40128218067134, ""maxiter"": 100, ""method"": ""lbfgs"", ""start"": ""initial"", ""start_params"": null, ""terminal_params"": [-0.3034869320452446, 0.9799762081994593, -0.5386336176292427, 0.002131806033965682], ""valid_parameters"": true, ""warnings"": []}]",,True
SARIMA-W40,40,2015Q2,2005Q3,2015Q2,40,1,1,0,1,0,1,successful,1,"[{""aic"": -122.70030518309042, ""attempt"": 1, ""converged"": true, ""disp"": false, ""iterations"": 19, ""llf"": 65.35015259154521, ""maxiter"": 100, ""method"": ""lbfgs"", ""start"": ""initial"", ""start_params"": null, ""terminal_params"": [-0.7350600772658511, 0.9775774269582179, -0.42784570540660494, 0.0015838406602679473], ""valid_parameters"": true, ""warnings"": []}]",,True
SARIMA-W40,40,2015Q3,2005Q4,2015Q3,40,1,1,0,1,0,1,successful,1,"[{""aic"": -143.45544886427535, ""attempt"": 1, ""converged"": true, ""disp"": false, ""iterations"": 23, ""llf"": 75.72772443213768, ""maxiter"": 100, ""method"": ""lbfgs"", ""start"": ""initial"", ""start_params"": null, ""terminal_params"": [0.4736656409253731, 0.9997615296288751, -0.9448590427297827, 0.0008188602728316808], ""valid_parameters"": true, ""warnings"": []}]",,True
SARIMA-W40,40,2015Q4,2006Q1,2015Q4,40,1,1,0,1,0,1,successful,1,"[{""aic"": -200.36453555624203, ""attempt"": 1, ""converged"": true, ""disp"": false, ""iterations"": 22, ""llf"": 104.18226777812102, ""maxiter"": 100, ""method"": ""lbfgs"", ""start"": ""initial"", ""start_params"": null, ""terminal_params"": [0.2420908932863101, 0.9914681690517932, -0.45127918423922064, 0.0002029911036864188], ""valid_parameters"": true, ""warnings"": []}]",,True
SARIMA-W40,40,2016Q1,2006Q2,2016Q1,40,1,1,0,1,0,1,successful,1,"[{""aic"": -191.02673239877637, ""attempt"": 1, ""converged"": true, ""disp"": false, ""iterations"": 45, ""llf"": 99.51336619938819, ""maxiter"": 100, ""method"": ""lbfgs"", ""start"": ""initial"", ""start_params"": null, ""terminal_params"": [0.15802114873128775, 0.9932647871170625, -0.4715206933528153, 0.0002535527465768331], ""valid_parameters"": true, ""warnings"": []}]",,True
SARIMA-W40,40,2016Q2,2006Q3,2016Q2,40,1,1,0,1,0,1,successful,1,"[{""aic"": -191.304655134764, ""attempt"": 1, ""converged"": true, ""disp"": false, ""iterations"": 17, ""llf"": 99.652327567382, ""maxiter"": 100, ""method"": ""lbfgs"", ""start"": ""initial"", ""start_params"": null, ""terminal_params"": [0.1296406781723516, 0.9947940999346164, -0.4941498995818587, 0.00024671089975341633], ""valid_parameters"": true, ""warnings"": []}]",,True
SARIMA-W40,40,2016Q3,2006Q4,2016Q3,40,0,1,1,1,0,1,successful,1,"[{""aic"": -190.50198648388502, ""attempt"": 1, ""converged"": true, ""disp"": false, ""iterations"": 13, ""llf"": 99.25099324194251, ""maxiter"": 100, ""method"": ""lbfgs"", ""start"": ""initial"", ""start_params"": null, ""terminal_params"": [0.13176657477546735, 0.9854288243560488, -0.38593601398341565, 0.00027181135474616696], ""valid_parameters"": true, ""warnings"": []}]",,True
SARIMA-W40,40,2016Q4,2007Q1,2016Q4,40,0,1,1,1,0,1,successful,1,"[{""aic"": -189.78066555836037, ""attempt"": 1, ""converged"": true, ""disp"": false, ""iterations"": 18, ""llf"": 98.89033277918018, ""maxiter"": 100, ""method"": ""lbfgs"", ""start"": ""initial"", ""start_params"": null, ""terminal_params"": [0.12723865048551733, 0.9981793579077901, -0.5502785092466423, 0.00023416895437922928], ""valid_parameters"": true, ""warnings"": []}]",,True
SARIMA-W40,40,2017Q1,2007Q2,2017Q1,40,0,1,1,1,0,1,successful,1,"[{""aic"": -189.3278446053913, ""attempt"": 1, ""converged"": true, ""disp"": false, ""iterations"": 31, ""llf"": 98.66392230269565, ""maxiter"": 100, ""method"": ""lbfgs"", ""start"": ""initial"", ""start_params"": null, ""terminal_params"": [0.1048158738453667, 0.9914450440679698, -0.38218025947708195, 0.00026593221122552717], ""valid_parameters"": true, ""warnings"": [""Non-stationary starting seasonal autoregressive Using zeros as starting parameters.""]}]",,True
SARIMA-W40,40,2017Q2,2007Q3,2017Q2,40,0,1,1,1,0,1,successful,1,"[{""aic"": -189.37056494193112, ""attempt"": 1, ""converged"": true, ""disp"": false, ""iterations"": 49, ""llf"": 98.68528247096556, ""maxiter"": 100, ""method"": ""lbfgs"", ""start"": ""initial"", ""start_params"": null, ""terminal_params"": [0.0999620523479291, 0.9917897743905357, -0.3824576817713965, 0.0002640683033336437], ""valid_parameters"": true, ""warnings"": [""Non-stationary starting seasonal autoregressive Using zeros as starting parameters.""]}]",,True
SARIMA-W40,40,2017Q3,2007Q4,2017Q3,40,0,1,1,1,0,1,successful,1,"[{""aic"": -190.95946096880135, ""attempt"": 1, ""converged"": true, ""disp"": false, ""iterations"": 50, ""llf"": 99.47973048440068, ""maxiter"": 100, ""method"": ""lbfgs"", ""start"": ""initial"", ""start_params"": null, ""terminal_params"": [0.03440109272519753, 0.9917943018555831, -0.394735748006796, 0.0002545099706672758], ""valid_parameters"": true, ""warnings"": [""Non-stationary starting seasonal autoregressive Using zeros as starting parameters.""]}]",,True
SARIMA-W40,40,2017Q4,2008Q1,2017Q4,40,0,1,1,1,0,1,successful,1,"[{""aic"": -194.68212680839792, ""attempt"": 1, ""converged"": true, ""disp"": false, ""iterations"": 38, ""llf"": 101.34106340419896, ""maxiter"": 100, ""method"": ""lbfgs"", ""start"": ""initial"", ""start_params"": null, ""terminal_params"": [0.04088671325490164, 0.9908924800572664, -0.3283489913363867, 0.00023010651249681552], ""valid_parameters"": true, ""warnings"": [""Non-stationary starting seasonal autoregressive Using zeros as starting parameters.""]}]",,True
SARIMA-W40,40,2018Q1,2008Q2,2018Q1,40,0,1,1,1,0,1,successful,1,"[{""aic"": -185.48258469179387, ""attempt"": 1, ""converged"": true, ""disp"": false, ""iterations"": 33, ""llf"": 96.74129234589694, ""maxiter"": 100, ""method"": ""lbfgs"", ""start"": ""initial"", ""start_params"": null, ""terminal_params"": [0.05422304272776291, 0.9858605683121557, -0.19494334423062604, 0.0002954551679070047], ""valid_parameters"": true, ""warnings"": [""Non-stationary starting seasonal autoregressive Using zeros as starting parameters.""]}]",,True
SARIMA-W40,40,2018Q2,2008Q3,2018Q2,40,0,1,1,1,0,1,successful,1,"[{""aic"": -185.205598657406, ""attempt"": 1, ""converged"": true, ""disp"": false, ""iterations"": 33, ""llf"": 96.602799328703, ""maxiter"": 100, ""method"": ""lbfgs"", ""start"": ""initial"", ""start_params"": null, ""terminal_params"": [0.09286599862534996, 0.9865335697319103, -0.20269259141676846, 0.0002970042690530936], ""valid_parameters"": true, ""warnings"": [""Non-stationary starting seasonal autoregressive Using zeros as starting parameters.""]}]",,True
SARIMA-W40,40,2018Q3,2008Q4,2018Q3,40,0,1,1,1,0,1,successful,1,"[{""aic"": -185.17024940783102, ""attempt"": 1, ""converged"": true, ""disp"": false, ""iterations"": 97, ""llf"": 96.58512470391551, ""maxiter"": 100, ""method"": ""lbfgs"", ""start"": ""initial"", ""start_params"": null, ""terminal_params"": [0.09825399673480081, 0.9844074363629243, -0.1881644890697587, 0.00030044890658258226], ""valid_parameters"": true, ""warnings"": [""Non-stationary starting seasonal autoregressive Using zeros as starting parameters.""]}]",,True
SARIMA-W40,40,2018Q4,2009Q1,2018Q4,40,0,1,1,1,0,1,successful,1,"[{""aic"": -197.44483374129868, ""attempt"": 1, ""converged"": true, ""disp"": false, ""iterations"": 33, ""llf"": 102.72241687064934, ""maxiter"": 100, ""method"": ""lbfgs"", ""start"": ""initial"", ""start_params"": null, ""terminal_params"": [0.08882912189592256, 0.985710332844127, -0.019491553308697118, 0.0002103435236071418], ""valid_parameters"": true, ""warnings"": [""Non-stationary starting seasonal autoregressive Using zeros as starting parameters.""]}]",,True
SARIMA-W40,40,2019Q1,2009Q2,2019Q1,40,0,1,1,1,0,1,successful,1,"[{""aic"": -190.82578720683512, ""attempt"": 1, ""converged"": true, ""disp"": false, ""iterations"": 35, ""llf"": 99.41289360341756, ""maxiter"": 100, ""method"": ""lbfgs"", ""start"": ""initial"", ""start_params"": null, ""terminal_params"": [0.08279426557019473, 0.9852101221850621, -0.1700872942552974, 0.0002580051785350243], ""valid_parameters"": true, ""warnings"": [""Non-stationary starting seasonal autoregressive Using zeros as starting parameters.""]}]",,True
SARIMA-W40,40,2019Q2,2009Q3,2019Q2,40,0,1,1,1,0,1,successful,1,"[{""aic"": -190.79503749983064, ""attempt"": 1, ""converged"": true, ""disp"": false, ""iterations"": 38, ""llf"": 99.39751874991532, ""maxiter"": 100, ""method"": ""lbfgs"", ""start"": ""initial"", ""start_params"": null, ""terminal_params"": [0.07096473547804817, 0.9851286775633126, -0.1687194660748752, 0.0002581367751335351], ""valid_parameters"": true, ""warnings"": [""Non-stationary starting seasonal autoregressive Using zeros as starting parameters.""]}]",,True
SARIMA-W40,40,2019Q3,2009Q4,2019Q3,40,0,1,1,1,0,1,successful,1,"[{""aic"": -191.8076037342214, ""attempt"": 1, ""converged"": true, ""disp"": false, ""iterations"": 48, ""llf"": 99.9038018671107, ""maxiter"": 100, ""method"": ""lbfgs"", ""start"": ""initial"", ""start_params"": null, ""terminal_params"": [0.007664720770558193, 0.9838116211333454, -0.17541828204299836, 0.00025409596321602265], ""valid_parameters"": true, ""warnings"": [""Non-stationary starting seasonal autoregressive Using zeros as starting parameters.""]}]",,True
SARIMA-W40,40,2019Q4,2010Q1,2019Q4,40,0,1,1,1,0,1,successful,1,"[{""aic"": -197.3058227345894, ""attempt"": 1, ""converged"": true, ""disp"": false, ""iterations"": 40, ""llf"": 102.6529113672947, ""maxiter"": 100, ""method"": ""lbfgs"", ""start"": ""initial"", ""start_params"": null, ""terminal_params"": [0.001161368701835256, 0.9889280051392859, -0.24089206249717146, 0.00021521211570884257], ""valid_parameters"": true, ""warnings"": [""Non-stationary starting seasonal autoregressive Using zeros as starting parameters.""]}]",,True
SARIMA-W40,40,2020Q1,2010Q2,2020Q1,40,1,1,0,1,0,1,successful,1,"[{""aic"": -108.32691590803208, ""attempt"": 1, ""converged"": true, ""disp"": false, ""iterations"": 27, ""llf"": 58.16345795401604, ""maxiter"": 100, ""method"": ""lbfgs"", ""start"": ""initial"", ""start_params"": null, ""terminal_params"": [-0.18679542475136005, 0.9536662854833903, -0.34866156366378664, 0.002482373716297199], ""valid_parameters"": true, ""warnings"": [""Non-stationary starting seasonal autoregressive Using zeros as starting parameters.""]}]",,True
SARIMA-W40,40,2020Q2,2010Q3,2020Q2,40,1,1,0,1,0,1,successful,1,"[{""aic"": -107.45336141149505, ""attempt"": 1, ""converged"": true, ""disp"": false, ""iterations"": 23, ""llf"": 57.726680705747526, ""maxiter"": 100, ""method"": ""lbfgs"", ""start"": ""initial"", ""start_params"": null, ""terminal_params"": [-0.5364443683338772, 0.9456266747914822, -0.3287120131114983, 0.002539949996116792], ""valid_parameters"": true, ""warnings"": [""Non-stationary starting seasonal autoregressive Using zeros as starting parameters.""]}]",,True
SARIMA-W40,40,2020Q3,2010Q4,2020Q3,40,0,1,1,1,0,1,successful,1,"[{""aic"": -106.94576927991338, ""attempt"": 1, ""converged"": true, ""disp"": false, ""iterations"": 32, ""llf"": 57.47288463995669, ""maxiter"": 100, ""method"": ""lbfgs"", ""start"": ""initial"", ""start_params"": null, ""terminal_params"": [-0.5755076174830808, 0.9367623441310486, -0.2742196003374249, 0.002595012707153576], ""valid_parameters"": true, ""warnings"": [""Non-stationary starting seasonal autoregressive Using zeros as starting parameters.""]}]",,True
SARIMA-W40,40,2020Q4,2011Q1,2020Q4,40,0,1,1,1,0,1,successful,1,"[{""aic"": -105.18793101965923, ""attempt"": 1, ""converged"": true, ""disp"": false, ""iterations"": 35, ""llf"": 56.593965509829616, ""maxiter"": 100, ""method"": ""lbfgs"", ""start"": ""initial"", ""start_params"": null, ""terminal_params"": [-0.6000599515935239, 0.945186503739228, -0.284487336406707, 0.0026828267498817536], ""valid_parameters"": true, ""warnings"": [""Non-stationary starting seasonal autoregressive Using zeros as starting parameters.""]}]",,True
SARIMA-W40,40,2021Q1,2011Q2,2021Q1,40,0,1,1,1,0,1,successful,1,"[{""aic"": -99.28566705318079, ""attempt"": 1, ""converged"": true, ""disp"": false, ""iterations"": 41, ""llf"": 53.642833526590394, ""maxiter"": 100, ""method"": ""lbfgs"", ""start"": ""initial"", ""start_params"": null, ""terminal_params"": [-0.45288974423520856, 0.972570460787936, -0.6389672201990249, 0.0031898827404932806], ""valid_parameters"": true, ""warnings"": [""Non-invertible starting seasonal moving average Using zeros as starting parameters.""]}]",,True
SARIMA-W40,40,2021Q2,2011Q3,2021Q2,40,0,1,1,1,0,1,successful,1,"[{""aic"": -99.31610334540228, ""attempt"": 1, ""converged"": true, ""disp"": false, ""iterations"": 46, ""llf"": 53.65805167270114, ""maxiter"": 100, ""method"": ""lbfgs"", ""start"": ""initial"", ""start_params"": null, ""terminal_params"": [-0.45819100570776206, 0.9724091142379974, -0.6392782921845805, 0.00318960741755857], ""valid_parameters"": true, ""warnings"": [""Non-invertible starting seasonal moving average Using zeros as starting parameters.""]}]",,True
SARIMA-W40,40,2021Q3,2011Q4,2021Q3,40,0,1,1,1,0,1,successful,1,"[{""aic"": -98.39032279684135, ""attempt"": 1, ""converged"": true, ""disp"": false, ""iterations"": 26, ""llf"": 53.19516139842067, ""maxiter"": 100, ""method"": ""lbfgs"", ""start"": ""initial"", ""start_params"": null, ""terminal_params"": [-0.4898249449100931, 0.9710723015704491, -0.6445262935702006, 0.0032824138452999456], ""valid_parameters"": true, ""warnings"": [""Non-invertible starting seasonal moving average Using zeros as starting parameters.""]}]",,True
SARIMA-W40,40,2021Q4,2012Q1,2021Q4,40,0,1,1,1,0,1,successful,1,"[{""aic"": -98.73729131009716, ""attempt"": 1, ""converged"": true, ""disp"": false, ""iterations"": 32, ""llf"": 53.36864565504858, ""maxiter"": 100, ""method"": ""lbfgs"", ""start"": ""initial"", ""start_params"": null, ""terminal_params"": [-0.48821883040469716, 0.9752811083196372, -0.6708048633769228, 0.003233708570855102], ""valid_parameters"": true, ""warnings"": [""Non-invertible starting seasonal moving average Using zeros as starting parameters.""]}]",,True
SARIMA-W40,40,2022Q1,2012Q2,2022Q1,40,0,1,1,1,0,1,successful,1,"[{""aic"": -96.65173988391746, ""attempt"": 1, ""converged"": true, ""disp"": false, ""iterations"": 28, ""llf"": 52.32586994195873, ""maxiter"": 100, ""method"": ""lbfgs"", ""start"": ""initial"", ""start_params"": null, ""terminal_params"": [-0.47000098156454073, 0.9998796911398613, -0.9769874851864593, 0.0029481828731618568], ""valid_parameters"": true, ""warnings"": [""Non-stationary starting seasonal autoregressive Using zeros as starting parameters.""]}]",,True
SARIMA-W40,40,2022Q2,2012Q3,2022Q2,40,0,1,1,1,0,1,successful,1,"[{""aic"": -96.06663990560624, ""attempt"": 1, ""converged"": true, ""disp"": false, ""iterations"": 27, ""llf"": 52.03331995280312, ""maxiter"": 100, ""method"": ""lbfgs"", ""start"": ""initial"", ""start_params"": null, ""terminal_params"": [-0.5002031190312545, 0.9753382744644855, -0.6861290913014679, 0.0034797170815475268], ""valid_parameters"": true, ""warnings"": [""Non-stationary starting seasonal autoregressive Using zeros as starting parameters.""]}]",,True
SARIMA-W40,40,2022Q3,2012Q4,2022Q3,40,0,1,1,1,0,1,successful,1,"[{""aic"": -96.20053710125939, ""attempt"": 1, ""converged"": true, ""disp"": false, ""iterations"": 32, ""llf"": 52.10026855062969, ""maxiter"": 100, ""method"": ""lbfgs"", ""start"": ""initial"", ""start_params"": null, ""terminal_params"": [-0.5040489041418373, 0.9751574415922689, -0.688672890362876, 0.003473056145885061], ""valid_parameters"": true, ""warnings"": [""Non-stationary starting seasonal autoregressive Using zeros as starting parameters.""]}]",,True
SARIMA-W40,40,2022Q4,2013Q1,2022Q4,40,0,1,1,1,0,1,successful,1,"[{""aic"": -95.98476588660448, ""attempt"": 1, ""converged"": true, ""disp"": false, ""iterations"": 30, ""llf"": 51.99238294330224, ""maxiter"": 100, ""method"": ""lbfgs"", ""start"": ""initial"", ""start_params"": null, ""terminal_params"": [-0.4858901934362047, 0.9801305201172247, -0.7302398069034363, 0.003474809343259862], ""valid_parameters"": true, ""warnings"": [""Non-stationary starting seasonal autoregressive Using zeros as starting parameters.""]}]",,True
SARIMA-W40,40,2023Q1,2013Q2,2023Q1,40,0,1,1,1,0,1,successful,1,"[{""aic"": -94.51337731707152, ""attempt"": 1, ""converged"": true, ""disp"": false, ""iterations"": 38, ""llf"": 51.25668865853576, ""maxiter"": 100, ""method"": ""lbfgs"", ""start"": ""initial"", ""start_params"": null, ""terminal_params"": [-0.507389635284048, 0.9871050433957155, -0.7896310878971097, 0.0035581407982576193], ""valid_parameters"": true, ""warnings"": []}]",,True
SARIMA-W40,40,2023Q2,2013Q3,2023Q2,40,0,1,1,1,0,1,successful,1,"[{""aic"": -94.59404482411756, ""attempt"": 1, ""converged"": true, ""disp"": false, ""iterations"": 38, ""llf"": 51.29702241205878, ""maxiter"": 100, ""method"": ""lbfgs"", ""start"": ""initial"", ""start_params"": null, ""terminal_params"": [-0.5120551693971718, 0.9874786585463461, -0.7943258527038879, 0.0035489630699324154], ""valid_parameters"": true, ""warnings"": []}]",,True
SARIMA-W40,40,2023Q3,2013Q4,2023Q3,40,0,1,1,1,0,1,successful,1,"[{""aic"": -94.60637376133081, ""attempt"": 1, ""converged"": true, ""disp"": false, ""iterations"": 35, ""llf"": 51.30318688066541, ""maxiter"": 100, ""method"": ""lbfgs"", ""start"": ""initial"", ""start_params"": null, ""terminal_params"": [-0.5268441756742545, 0.9864967715357036, -0.7902087365376056, 0.0035643283966724933], ""valid_parameters"": true, ""warnings"": []}]",,True
SARIMA-W40,40,2023Q4,2014Q1,2023Q4,40,0,1,1,1,0,1,successful,1,"[{""aic"": -95.44743508392827, ""attempt"": 1, ""converged"": true, ""disp"": false, ""iterations"": 48, ""llf"": 51.723717541964135, ""maxiter"": 100, ""method"": ""lbfgs"", ""start"": ""initial"", ""start_params"": null, ""terminal_params"": [-0.5272321045311775, 0.9989649335572409, -0.9379071908075737, 0.0031672447352132133], ""valid_parameters"": true, ""warnings"": []}]",,True
SARIMA-W40,40,2024Q1,2014Q2,2024Q1,40,0,1,1,1,0,1,successful,1,"[{""aic"": -95.0952179675444, ""attempt"": 1, ""converged"": true, ""disp"": false, ""iterations"": 53, ""llf"": 51.5476089837722, ""maxiter"": 100, ""method"": ""lbfgs"", ""start"": ""initial"", ""start_params"": null, ""terminal_params"": [-0.5304338469798054, 0.9991202939410857, -0.9435058296336264, 0.003185069393200919], ""valid_parameters"": true, ""warnings"": []}]",,True
SARIMA-W40,40,2024Q2,2014Q3,2024Q2,40,0,1,1,1,0,1,successful,1,"[{""aic"": -95.02698961506788, ""attempt"": 1, ""converged"": true, ""disp"": false, ""iterations"": 45, ""llf"": 51.51349480753394, ""maxiter"": 100, ""method"": ""lbfgs"", ""start"": ""initial"", ""start_params"": null, ""terminal_params"": [-0.5564879092946251, 0.9993345799332815, -0.9508799316253148, 0.003190285555424182], ""valid_parameters"": true, ""warnings"": []}]",,True
SARIMA-W40,40,2024Q3,2014Q4,2024Q3,40,0,1,1,1,0,1,successful,1,"[{""aic"": -95.25212231196315, ""attempt"": 1, ""converged"": true, ""disp"": false, ""iterations"": 52, ""llf"": 51.626061155981574, ""maxiter"": 100, ""method"": ""lbfgs"", ""start"": ""initial"", ""start_params"": null, ""terminal_params"": [-0.5972797682201788, 0.9958262817542234, -0.883036115592002, 0.0033464607008870722], ""valid_parameters"": true, ""warnings"": []}]",,True
SARIMA-W40,40,2024Q4,2015Q1,2024Q4,40,0,1,1,1,0,1,successful,1,"[{""aic"": -97.8950051438693, ""attempt"": 1, ""converged"": true, ""disp"": false, ""iterations"": 43, ""llf"": 52.94750257193465, ""maxiter"": 100, ""method"": ""lbfgs"", ""start"": ""initial"", ""start_params"": null, ""terminal_params"": [-0.6392817963840092, 0.9994847136624679, -0.9544308623636151, 0.002918266410097329], ""valid_parameters"": true, ""warnings"": []}]",,True
SARIMA-W40,40,2025Q1,2015Q2,2025Q1,40,0,1,1,1,0,1,successful,1,"[{""aic"": -97.6356016394314, ""attempt"": 1, ""converged"": true, ""disp"": false, ""iterations"": 56, ""llf"": 52.8178008197157, ""maxiter"": 100, ""method"": ""lbfgs"", ""start"": ""initial"", ""start_params"": null, ""terminal_params"": [-0.6638705015400344, 0.9995614098492089, -0.9580951270899485, 0.0029246766556419827], ""valid_parameters"": true, ""warnings"": []}]",,True
SARIMA-W40,40,2025Q2,2015Q3,2025Q2,40,0,1,1,1,0,1,successful,1,"[{""aic"": -98.07893486239864, ""attempt"": 1, ""converged"": true, ""disp"": false, ""iterations"": 48, ""llf"": 53.03946743119932, ""maxiter"": 100, ""method"": ""lbfgs"", ""start"": ""initial"", ""start_params"": null, ""terminal_params"": [-0.6995220773158383, 0.9993877280046914, -0.9506799998721915, 0.002905126697900698], ""valid_parameters"": true, ""warnings"": []}]",,True
SARIMA-W40,40,2025Q3,2015Q4,2025Q3,40,0,1,1,1,0,1,successful,1,"[{""aic"": -97.9906218321973, ""attempt"": 1, ""converged"": true, ""disp"": false, ""iterations"": 49, ""llf"": 52.99531091609865, ""maxiter"": 100, ""method"": ""lbfgs"", ""start"": ""initial"", ""start_params"": null, ""terminal_params"": [-0.7367777300311718, 0.9993105277680809, -0.9477023441826411, 0.002893391280070313], ""valid_parameters"": true, ""warnings"": []}]",,True
SARIMA-W40,40,2025Q4,2016Q1,2025Q4,40,0,1,1,1,0,1,successful,1,"[{""aic"": -98.66469125789591, ""attempt"": 1, ""converged"": true, ""disp"": false, ""iterations"": 54, ""llf"": 53.332345628947955, ""maxiter"": 100, ""method"": ""lbfgs"", ""start"": ""initial"", ""start_params"": null, ""terminal_params"": [-0.7717110059047939, 0.9964958630174428, -0.8794448810934994, 0.002976880380163157], ""valid_parameters"": true, ""warnings"": []}]",,True
SARIMA-W40,40,2026Q1,2016Q2,2026Q1,40,0,1,1,1,0,1,successful,1,"[{""aic"": -98.92833387702343, ""attempt"": 1, ""converged"": true, ""disp"": false, ""iterations"": 37, ""llf"": 53.46416693851172, ""maxiter"": 100, ""method"": ""lbfgs"", ""start"": ""initial"", ""start_params"": null, ""terminal_params"": [-0.8000452938572633, 0.9973349674154418, -0.8902262633007855, 0.002906369803995782], ""valid_parameters"": true, ""warnings"": []}]",,True
SARIMA-W60,60,2004Q3,1994Q1,2004Q3,43,0,1,0,1,0,0,successful,3,"[{""aic"": -193.49786051100992, ""attempt"": 1, ""converged"": false, ""disp"": false, ""iterations"": 18, ""llf"": 98.74893025550496, ""maxiter"": 100, ""method"": ""lbfgs"", ""start"": ""initial"", ""start_params"": null, ""terminal_params"": [0.9828156761787372, 0.0003850006477097754], ""valid_parameters"": true, ""warnings"": [""Maximum Likelihood optimization failed to converge. Check mle_retvals""]}, {""aic"": -193.49786051100992, ""attempt"": 2, ""converged"": false, ""disp"": false, ""iterations"": 0, ""llf"": 98.74893025550496, ""maxiter"": 100, ""method"": ""lbfgs"", ""start"": ""terminal_continuation"", ""start_params"": [0.9828156761787372, 0.0003850006477097754], ""terminal_params"": [0.9828156761787372, 0.0003850006477097754], ""valid_parameters"": true, ""warnings"": [""Maximum Likelihood optimization failed to converge. Check mle_retvals""]}, {""aic"": -193.50126965241492, ""attempt"": 3, ""converged"": true, ""disp"": false, ""iterations"": 17, ""llf"": 98.75063482620746, ""maxiter"": 100, ""method"": ""lbfgs"", ""start"": ""deterministic_order"", ""start_params"": [0.5, 0.0003570317242562539], ""terminal_params"": [0.9832040404597759, 0.0003842726340419516], ""valid_parameters"": true, ""warnings"": []}]",,True
SARIMA-W60,60,2004Q4,1994Q1,2004Q4,44,1,1,0,1,0,0,successful,1,"[{""aic"": -197.82545762231652, ""attempt"": 1, ""converged"": true, ""disp"": false, ""iterations"": 36, ""llf"": 101.91272881115826, ""maxiter"": 100, ""method"": ""lbfgs"", ""start"": ""initial"", ""start_params"": null, ""terminal_params"": [0.07989934554611305, 0.9839067213973378, 0.0003713768501117066], ""valid_parameters"": true, ""warnings"": []}]",,True
SARIMA-W60,60,2005Q1,1994Q1,2005Q1,45,0,1,0,1,0,0,successful,1,"[{""aic"": -205.59470218010895, ""attempt"": 1, ""converged"": true, ""disp"": false, ""iterations"": 21, ""llf"": 104.79735109005448, ""maxiter"": 100, ""method"": ""lbfgs"", ""start"": ""initial"", ""start_params"": null, ""terminal_params"": [0.9842158408209772, 0.0003647520505662947], ""valid_parameters"": true, ""warnings"": []}]",,True
SARIMA-W60,60,2005Q2,1994Q1,2005Q2,46,1,1,0,1,0,0,successful,1,"[{""aic"": -209.74334783684074, ""attempt"": 1, ""converged"": true, ""disp"": false, ""iterations"": 27, ""llf"": 107.87167391842037, ""maxiter"": 100, ""method"": ""lbfgs"", ""start"": ""initial"", ""start_params"": null, ""terminal_params"": [0.08507151112477616, 0.984594859982564, 0.0003554894941862268], ""valid_parameters"": true, ""warnings"": []}]",,True
SARIMA-W60,60,2005Q3,1994Q1,2005Q3,47,0,1,0,1,0,0,successful,1,"[{""aic"": -217.45697301720645, ""attempt"": 1, ""converged"": true, ""disp"": false, ""iterations"": 22, ""llf"": 110.72848650860323, ""maxiter"": 100, ""method"": ""lbfgs"", ""start"": ""initial"", ""start_params"": null, ""terminal_params"": [0.9849558914990242, 0.0003498340151151623], ""valid_parameters"": true, ""warnings"": []}]",,True
SARIMA-W60,60,2005Q4,1994Q1,2005Q4,48,0,1,0,1,0,0,successful,1,"[{""aic"": -166.70537327609236, ""attempt"": 1, ""converged"": true, ""disp"": false, ""iterations"": 21, ""llf"": 85.35268663804618, ""maxiter"": 100, ""method"": ""lbfgs"", ""start"": ""initial"", ""start_params"": null, ""terminal_params"": [0.9716377603392936, 0.0012118273796047213], ""valid_parameters"": true, ""warnings"": [""Non-stationary starting seasonal autoregressive Using zeros as starting parameters.""]}]",,True
SARIMA-W60,60,2006Q1,1994Q1,2006Q1,49,1,1,0,1,0,0,successful,1,"[{""aic"": -161.4272185701007, ""attempt"": 1, ""converged"": true, ""disp"": false, ""iterations"": 17, ""llf"": 83.71360928505035, ""maxiter"": 100, ""method"": ""lbfgs"", ""start"": ""initial"", ""start_params"": null, ""terminal_params"": [-0.4744374209027748, 0.9723039670060765, 0.0013941764560512567], ""valid_parameters"": true, ""warnings"": [""Non-stationary starting seasonal autoregressive Using zeros as starting parameters.""]}]",,True
SARIMA-W60,60,2006Q2,1994Q1,2006Q2,50,0,1,1,1,0,0,successful,1,"[{""aic"": -164.84098280792506, ""attempt"": 1, ""converged"": true, ""disp"": false, ""iterations"": 19, ""llf"": 85.42049140396253, ""maxiter"": 100, ""method"": ""lbfgs"", ""start"": ""initial"", ""start_params"": null, ""terminal_params"": [-0.3769500552445285, 0.9701170807472097, 0.0014187539242383135], ""valid_parameters"": true, ""warnings"": [""Non-stationary starting seasonal autoregressive Using zeros as starting parameters.""]}]",,True
SARIMA-W60,60,2006Q3,1994Q1,2006Q3,51,1,1,0,1,0,0,successful,1,"[{""aic"": -168.86231794482651, ""attempt"": 1, ""converged"": true, ""disp"": false, ""iterations"": 17, ""llf"": 87.43115897241326, ""maxiter"": 100, ""method"": ""lbfgs"", ""start"": ""initial"", ""start_params"": null, ""terminal_params"": [-0.3750183170123435, 0.9709748872677308, 0.0014052044289855148], ""valid_parameters"": true, ""warnings"": [""Non-stationary starting seasonal autoregressive Using zeros as starting parameters.""]}]",,True
SARIMA-W60,60,2006Q4,1994Q1,2006Q4,52,0,1,0,1,0,1,successful,1,"[{""aic"": -161.98553530917647, ""attempt"": 1, ""converged"": true, ""disp"": false, ""iterations"": 37, ""llf"": 83.99276765458823, ""maxiter"": 100, ""method"": ""lbfgs"", ""start"": ""initial"", ""start_params"": null, ""terminal_params"": [0.9986385036645572, -0.8609997121812643, 0.0016766787148833693], ""valid_parameters"": true, ""warnings"": []}]",,True
SARIMA-W60,60,2007Q1,1994Q1,2007Q1,53,1,1,0,1,0,1,successful,1,"[{""aic"": -164.8535180216994, ""attempt"": 1, ""converged"": true, ""disp"": false, ""iterations"": 43, ""llf"": 86.4267590108497, ""maxiter"": 100, ""method"": ""lbfgs"", ""start"": ""initial"", ""start_params"": null, ""terminal_params"": [-0.26239683133678293, 0.997912529808156, -0.8244003329696827, 0.0016514511683360263], ""valid_parameters"": true, ""warnings"": []}]",,True
SARIMA-W60,60,2007Q2,1994Q1,2007Q2,54,1,1,0,1,0,1,successful,1,"[{""aic"": -168.47351746911988, ""attempt"": 1, ""converged"": true, ""disp"": false, ""iterations"": 52, ""llf"": 88.23675873455994, ""maxiter"": 100, ""method"": ""lbfgs"", ""start"": ""initial"", ""start_params"": null, ""terminal_params"": [-0.22716778183387337, 0.9982397037508605, -0.8420755718122508, 0.0016481737801642194], ""valid_parameters"": true, ""warnings"": []}]",,True
SARIMA-W60,60,2007Q3,1994Q1,2007Q3,55,1,1,0,1,0,1,successful,1,"[{""aic"": -173.09899601671725, ""attempt"": 1, ""converged"": true, ""disp"": false, ""iterations"": 47, ""llf"": 90.54949800835863, ""maxiter"": 100, ""method"": ""lbfgs"", ""start"": ""initial"", ""start_params"": null, ""terminal_params"": [-0.22306190859192102, 0.9990410272198263, -0.8806997031666308, 0.0015794802407458678], ""valid_parameters"": true, ""warnings"": []}]",,True
SARIMA-W60,60,2007Q4,1994Q1,2007Q4,56,1,1,0,1,0,1,successful,1,"[{""aic"": -176.39980252727347, ""attempt"": 1, ""converged"": true, ""disp"": false, ""iterations"": 44, ""llf"": 92.19990126363673, ""maxiter"": 100, ""method"": ""lbfgs"", ""start"": ""initial"", ""start_params"": null, ""terminal_params"": [-0.2219779013595589, 0.9985533244122303, -0.8584316802335846, 0.0016194695052790047], ""valid_parameters"": true, ""warnings"": []}]",,True
SARIMA-W60,60,2008Q1,1994Q1,2008Q1,57,1,1,0,1,0,1,successful,1,"[{""aic"": -178.56660290823365, ""attempt"": 1, ""converged"": true, ""disp"": false, ""iterations"": 49, ""llf"": 93.28330145411682, ""maxiter"": 100, ""method"": ""lbfgs"", ""start"": ""initial"", ""start_params"": null, ""terminal_params"": [-0.25291892856139925, 0.9986514132117424, -0.8607087012835545, 0.0016359851472123616], ""valid_parameters"": true, ""warnings"": []}]",,True
SARIMA-W60,60,2008Q2,1994Q1,2008Q2,58,1,1,0,1,0,1,successful,1,"[{""aic"": -181.73318804055606, ""attempt"": 1, ""converged"": true, ""disp"": false, ""iterations"": 53, ""llf"": 94.86659402027803, ""maxiter"": 100, ""method"": ""lbfgs"", ""start"": ""initial"", ""start_params"": null, ""terminal_params"": [-0.22259826355961293, 0.9967863015985448, -0.7948067989312437, 0.001709717067366877], ""valid_parameters"": true, ""warnings"": []}]",,True
SARIMA-W60,60,2008Q3,1994Q1,2008Q3,59,1,1,0,1,0,1,successful,1,"[{""aic"": -186.14684879794152, ""attempt"": 1, ""converged"": true, ""disp"": false, ""iterations"": 36, ""llf"": 97.07342439897076, ""maxiter"": 100, ""method"": ""lbfgs"", ""start"": ""initial"", ""start_params"": null, ""terminal_params"": [-0.2136664448847096, 0.9976305880290549, -0.8212946114310167, 0.0016682484155759944], ""valid_parameters"": true, ""warnings"": []}]",,True
SARIMA-W60,60,2008Q4,1994Q1,2008Q4,60,1,1,0,1,0,1,successful,1,"[{""aic"": -188.97511220734137, ""attempt"": 1, ""converged"": true, ""disp"": false, ""iterations"": 57, ""llf"": 98.48755610367068, ""maxiter"": 100, ""method"": ""lbfgs"", ""start"": ""initial"", ""start_params"": null, ""terminal_params"": [-0.23681064197920998, 0.9933679221487223, -0.7136698684893666, 0.0017436380831929617], ""valid_parameters"": true, ""warnings"": []}]",,True
SARIMA-W60,60,2009Q1,1994Q2,2009Q1,60,1,1,0,1,0,1,successful,1,"[{""aic"": -192.41387409180962, ""attempt"": 1, ""converged"": true, ""disp"": false, ""iterations"": 55, ""llf"": 100.20693704590481, ""maxiter"": 100, ""method"": ""lbfgs"", ""start"": ""initial"", ""start_params"": null, ""terminal_params"": [-0.24168114269166183, 0.9997768053343455, -0.9426992171359481, 0.0014918526129661844], ""valid_parameters"": true, ""warnings"": []}]",,True
SARIMA-W60,60,2009Q2,1994Q3,2009Q2,60,1,1,0,1,0,1,successful,1,"[{""aic"": -192.76164598075087, ""attempt"": 1, ""converged"": true, ""disp"": false, ""iterations"": 45, ""llf"": 100.38082299037544, ""maxiter"": 100, ""method"": ""lbfgs"", ""start"": ""initial"", ""start_params"": null, ""terminal_params"": [-0.2537799518906005, 0.9985059150801028, -0.8561829127135442, 0.0015589196743550308], ""valid_parameters"": true, ""warnings"": []}]",,True
SARIMA-W60,60,2009Q3,1994Q4,2009Q3,60,1,1,0,1,0,1,successful,1,"[{""aic"": -193.42764422690536, ""attempt"": 1, ""converged"": true, ""disp"": false, ""iterations"": 43, ""llf"": 100.71382211345268, ""maxiter"": 100, ""method"": ""lbfgs"", ""start"": ""initial"", ""start_params"": null, ""terminal_params"": [-0.25086721661499667, 0.997738068974543, -0.8267198226588882, 0.0015626413495484837], ""valid_parameters"": true, ""warnings"": []}]",,True
SARIMA-W60,60,2009Q4,1995Q1,2009Q4,60,1,1,0,1,0,1,successful,1,"[{""aic"": -193.07108781536078, ""attempt"": 1, ""converged"": true, ""disp"": false, ""iterations"": 45, ""llf"": 100.53554390768039, ""maxiter"": 100, ""method"": ""lbfgs"", ""start"": ""initial"", ""start_params"": null, ""terminal_params"": [-0.2770058596856892, 0.9947580909389102, -0.7452459822885616, 0.0016153439170660795], ""valid_parameters"": true, ""warnings"": []}]",,True
SARIMA-W60,60,2010Q1,1995Q2,2010Q1,60,1,1,0,1,0,1,successful,1,"[{""aic"": -194.11406290582119, ""attempt"": 1, ""converged"": true, ""disp"": false, ""iterations"": 53, ""llf"": 101.05703145291059, ""maxiter"": 100, ""method"": ""lbfgs"", ""start"": ""initial"", ""start_params"": null, ""terminal_params"": [-0.31210679617491377, 0.9949815641159433, -0.7443246828664782, 0.0015815222677332806], ""valid_parameters"": true, ""warnings"": []}]",,True
SARIMA-W60,60,2010Q2,1995Q3,2010Q2,60,1,1,0,1,0,1,successful,1,"[{""aic"": -193.81741950295984, ""attempt"": 1, ""converged"": true, ""disp"": false, ""iterations"": 40, ""llf"": 100.90870975147992, ""maxiter"": 100, ""method"": ""lbfgs"", ""start"": ""initial"", ""start_params"": null, ""terminal_params"": [-0.295716433523674, 0.9929803622119442, -0.7058562897846085, 0.0016081250931576732], ""valid_parameters"": true, ""warnings"": []}]",,True
SARIMA-W60,60,2010Q3,1995Q4,2010Q3,60,1,1,0,1,0,1,successful,1,"[{""aic"": -193.77079446492314, ""attempt"": 1, ""converged"": true, ""disp"": false, ""iterations"": 48, ""llf"": 100.88539723246157, ""maxiter"": 100, ""method"": ""lbfgs"", ""start"": ""initial"", ""start_params"": null, ""terminal_params"": [-0.296079385701098, 0.9926578971233944, -0.7008691924637411, 0.0016116889599818835], ""valid_parameters"": true, ""warnings"": []}]",,True
SARIMA-W60,60,2010Q4,1996Q1,2010Q4,60,1,1,0,1,0,1,successful,1,"[{""aic"": -193.84622592136782, ""attempt"": 1, ""converged"": true, ""disp"": false, ""iterations"": 43, ""llf"": 100.92311296068391, ""maxiter"": 100, ""method"": ""lbfgs"", ""start"": ""initial"", ""start_params"": null, ""terminal_params"": [-0.3188308507577927, 0.9905642538230912, -0.6634461482785621, 0.001621993099932758], ""valid_parameters"": true, ""warnings"": []}]",,True
SARIMA-W60,60,2011Q1,1996Q2,2011Q1,60,1,1,0,1,0,1,successful,1,"[{""aic"": -195.80853740600912, ""attempt"": 1, ""converged"": true, ""disp"": false, ""iterations"": 44, ""llf"": 101.90426870300456, ""maxiter"": 100, ""method"": ""lbfgs"", ""start"": ""initial"", ""start_params"": null, ""terminal_params"": [-0.3210896326414994, 0.9911919973499164, -0.6667776147160895, 0.001561955167400242], ""valid_parameters"": true, ""warnings"": []}]",,True
SARIMA-W60,60,2011Q2,1996Q3,2011Q2,60,1,1,0,1,0,1,successful,1,"[{""aic"": -195.87279720267927, ""attempt"": 1, ""converged"": true, ""disp"": false, ""iterations"": 40, ""llf"": 101.93639860133963, ""maxiter"": 100, ""method"": ""lbfgs"", ""start"": ""initial"", ""start_params"": null, ""terminal_params"": [-0.32778876733676554, 0.9903615311370648, -0.6536952088173265, 0.0015646221639314102], ""valid_parameters"": true, ""warnings"": []}]",,True
SARIMA-W60,60,2011Q3,1996Q4,2011Q3,60,1,1,0,1,0,1,successful,1,"[{""aic"": -196.37201688014648, ""attempt"": 1, ""converged"": true, ""disp"": false, ""iterations"": 39, ""llf"": 102.18600844007324, ""maxiter"": 100, ""method"": ""lbfgs"", ""start"": ""initial"", ""start_params"": null, ""terminal_params"": [-0.32312583208224105, 0.9896004133131928, -0.6461457127220908, 0.001556824852306703], ""valid_parameters"": true, ""warnings"": []}]",,True
SARIMA-W60,60,2011Q4,1997Q1,2011Q4,60,0,1,1,1,0,1,successful,1,"[{""aic"": -198.170262398181, ""attempt"": 1, ""converged"": true, ""disp"": false, ""iterations"": 38, ""llf"": 103.0851311990905, ""maxiter"": 100, ""method"": ""lbfgs"", ""start"": ""initial"", ""start_params"": null, ""terminal_params"": [-0.4118105123139905, 0.9871469607682307, -0.6168706985679785, 0.0015199301977422822], ""valid_parameters"": true, ""warnings"": []}]",,True
SARIMA-W60,60,2012Q1,1997Q2,2012Q1,60,0,1,1,1,0,1,successful,1,"[{""aic"": -197.96058218379113, ""attempt"": 1, ""converged"": true, ""disp"": false, ""iterations"": 41, ""llf"": 102.98029109189557, ""maxiter"": 100, ""method"": ""lbfgs"", ""start"": ""initial"", ""start_params"": null, ""terminal_params"": [-0.40518670825377257, 0.9872041966880658, -0.6207945996626376, 0.0015260761264338397], ""valid_parameters"": true, ""warnings"": []}]",,True
SARIMA-W60,60,2012Q2,1997Q3,2012Q2,60,1,1,0,1,0,1,successful,1,"[{""aic"": -196.2156511723543, ""attempt"": 1, ""converged"": true, ""disp"": false, ""iterations"": 33, ""llf"": 102.10782558617716, ""maxiter"": 100, ""method"": ""lbfgs"", ""start"": ""initial"", ""start_params"": null, ""terminal_params"": [-0.3146654628496083, 0.9888481755908025, -0.642425385845317, 0.0015673426931107587], ""valid_parameters"": true, ""warnings"": []}]",,True
SARIMA-W60,60,2012Q3,1997Q4,2012Q3,60,1,1,0,1,0,1,successful,1,"[{""aic"": -196.2971011303466, ""attempt"": 1, ""converged"": true, ""disp"": false, ""iterations"": 56, ""llf"": 102.1485505651733, ""maxiter"": 100, ""method"": ""lbfgs"", ""start"": ""initial"", ""start_params"": null, ""terminal_params"": [-0.31770188944525574, 0.989213346418186, -0.6455067327641476, 0.0015623456788730365], ""valid_parameters"": true, ""warnings"": []}]",,True
SARIMA-W60,60,2012Q4,1998Q1,2012Q4,60,1,1,0,1,0,1,successful,1,"[{""aic"": -196.33336487862923, ""attempt"": 1, ""converged"": true, ""disp"": false, ""iterations"": 43, ""llf"": 102.16668243931461, ""maxiter"": 100, ""method"": ""lbfgs"", ""start"": ""initial"", ""start_params"": null, ""terminal_params"": [-0.3155315905455809, 0.9887568691789863, -0.6428886799428225, 0.0015644710858888351], ""valid_parameters"": true, ""warnings"": []}]",,True
SARIMA-W60,60,2013Q1,1998Q2,2013Q1,60,1,1,0,1,0,1,successful,1,"[{""aic"": -196.00155211370762, ""attempt"": 1, ""converged"": true, ""disp"": false, ""iterations"": 38, ""llf"": 102.00077605685381, ""maxiter"": 100, ""method"": ""lbfgs"", ""start"": ""initial"", ""start_params"": null, ""terminal_params"": [-0.3127527203060281, 0.9884486558118761, -0.6401042790514917, 0.0015749530379893413], ""valid_parameters"": true, ""warnings"": []}]",,True
SARIMA-W60,60,2013Q2,1998Q3,2013Q2,60,1,1,0,1,0,1,successful,1,"[{""aic"": -196.04980809504227, ""attempt"": 1, ""converged"": true, ""disp"": false, ""iterations"": 46, ""llf"": 102.02490404752113, ""maxiter"": 100, ""method"": ""lbfgs"", ""start"": ""initial"", ""start_params"": null, ""terminal_params"": [-0.31261374011151605, 0.9887812026105873, -0.6430143273362169, 0.0015725219495489665], ""valid_parameters"": true, ""warnings"": []}]",,True
SARIMA-W60,60,2013Q3,1998Q4,2013Q3,60,1,1,0,1,0,1,successful,1,"[{""aic"": -196.30991357292018, ""attempt"": 1, ""converged"": true, ""disp"": false, ""iterations"": 37, ""llf"": 102.15495678646009, ""maxiter"": 100, ""method"": ""lbfgs"", ""start"": ""initial"", ""start_params"": null, ""terminal_params"": [-0.31915350359808387, 0.9892697461625857, -0.6436654739741193, 0.0015604894937335564], ""valid_parameters"": true, ""warnings"": []}]",,True
SARIMA-W60,60,2013Q4,1999Q1,2013Q4,60,1,1,0,1,0,1,successful,1,"[{""aic"": -196.94116304289832, ""attempt"": 1, ""converged"": true, ""disp"": false, ""iterations"": 42, ""llf"": 102.47058152144916, ""maxiter"": 100, ""method"": ""lbfgs"", ""start"": ""initial"", ""start_params"": null, ""terminal_params"": [-0.31871321168324035, 0.9893988538685455, -0.649119501542135, 0.0015446041980535967], ""valid_parameters"": true, ""warnings"": []}]",,True
SARIMA-W60,60,2014Q1,1999Q2,2014Q1,60,1,1,0,1,0,1,successful,1,"[{""aic"": -196.35705725717554, ""attempt"": 1, ""converged"": true, ""disp"": false, ""iterations"": 33, ""llf"": 102.17852862858777, ""maxiter"": 100, ""method"": ""lbfgs"", ""start"": ""initial"", ""start_params"": null, ""terminal_params"": [-0.31824115907158856, 0.9890703488059955, -0.6459341305011949, 0.0015618488874640567], ""valid_parameters"": true, ""warnings"": []}]",,True
SARIMA-W60,60,2014Q2,1999Q3,2014Q2,60,1,1,0,1,0,1,successful,1,"[{""aic"": -196.3522247210641, ""attempt"": 1, ""converged"": true, ""disp"": false, ""iterations"": 38, ""llf"": 102.17611236053204, ""maxiter"": 100, ""method"": ""lbfgs"", ""start"": ""initial"", ""start_params"": null, ""terminal_params"": [-0.3164227621145613, 0.9889919439908864, -0.6467398994050406, 0.0015634890876552818], ""valid_parameters"": true, ""warnings"": []}]",,True
SARIMA-W60,60,2014Q3,1999Q4,2014Q3,60,1,1,0,1,0,1,successful,1,"[{""aic"": -196.36400309942275, ""attempt"": 1, ""converged"": true, ""disp"": false, ""iterations"": 37, ""llf"": 102.18200154971137, ""maxiter"": 100, ""method"": ""lbfgs"", ""start"": ""initial"", ""start_params"": null, ""terminal_params"": [-0.31682521947462217, 0.9889591249481775, -0.6462493793560848, 0.0015629104331044764], ""valid_parameters"": true, ""warnings"": []}]",,True
SARIMA-W60,60,2014Q4,2000Q1,2014Q4,60,1,1,0,1,0,1,successful,1,"[{""aic"": -196.51957445360267, ""attempt"": 1, ""converged"": true, ""disp"": false, ""iterations"": 38, ""llf"": 102.25978722680134, ""maxiter"": 100, ""method"": ""lbfgs"", ""start"": ""initial"", ""start_params"": null, ""terminal_params"": [-0.3182710006630324, 0.9889430331930253, -0.6481703737226204, 0.0015596239314907999], ""valid_parameters"": true, ""warnings"": []}]",,True
SARIMA-W60,60,2015Q1,2000Q2,2015Q1,60,1,1,0,1,0,1,successful,1,"[{""aic"": -196.70256629303248, ""attempt"": 1, ""converged"": true, ""disp"": false, ""iterations"": 36, ""llf"": 102.35128314651624, ""maxiter"": 100, ""method"": ""lbfgs"", ""start"": ""initial"", ""start_params"": null, ""terminal_params"": [-0.3185927230361522, 0.9892426348878228, -0.6545390781420175, 0.0015544687737960544], ""valid_parameters"": true, ""warnings"": []}]",,True
SARIMA-W60,60,2015Q2,2000Q3,2015Q2,60,1,1,0,1,0,1,successful,1,"[{""aic"": -196.7094065422757, ""attempt"": 1, ""converged"": true, ""disp"": false, ""iterations"": 40, ""llf"": 102.35470327113785, ""maxiter"": 100, ""method"": ""lbfgs"", ""start"": ""initial"", ""start_params"": null, ""terminal_params"": [-0.31760941368366247, 0.9894360625983193, -0.6562825777358117, 0.001553268446857657], ""valid_parameters"": true, ""warnings"": []}]",,True
SARIMA-W60,60,2015Q3,2000Q4,2015Q3,60,1,1,0,1,0,1,successful,1,"[{""aic"": -196.71551229943677, ""attempt"": 1, ""converged"": true, ""disp"": false, ""iterations"": 38, ""llf"": 102.35775614971838, ""maxiter"": 100, ""method"": ""lbfgs"", ""start"": ""initial"", ""start_params"": null, ""terminal_params"": [-0.31663346721041485, 0.9895267139911313, -0.6579662520623291, 0.0015530600926446604], ""valid_parameters"": true, ""warnings"": []}]",,True
SARIMA-W60,60,2015Q4,2001Q1,2015Q4,60,1,1,0,1,0,1,successful,1,"[{""aic"": -196.7120147817011, ""attempt"": 1, ""converged"": true, ""disp"": false, ""iterations"": 31, ""llf"": 102.35600739085055, ""maxiter"": 100, ""method"": ""lbfgs"", ""start"": ""initial"", ""start_params"": null, ""terminal_params"": [-0.31716453313969745, 0.9899664768963318, -0.664825975474042, 0.0015506233358021416], ""valid_parameters"": true, ""warnings"": []}]",,True
SARIMA-W60,60,2016Q1,2001Q2,2016Q1,60,1,1,0,1,0,1,successful,1,"[{""aic"": -195.8266756924148, ""attempt"": 1, ""converged"": true, ""disp"": false, ""iterations"": 47, ""llf"": 101.9133378462074, ""maxiter"": 100, ""method"": ""lbfgs"", ""start"": ""initial"", ""start_params"": null, ""terminal_params"": [-0.3261295273610295, 0.9898651206668576, -0.666228711048293, 0.001575548052099275], ""valid_parameters"": true, ""warnings"": []}]",,True
SARIMA-W60,60,2016Q2,2001Q3,2016Q2,60,1,1,0,1,0,1,successful,1,"[{""aic"": -195.89823517719293, ""attempt"": 1, ""converged"": true, ""disp"": false, ""iterations"": 38, ""llf"": 101.94911758859647, ""maxiter"": 100, ""method"": ""lbfgs"", ""start"": ""initial"", ""start_params"": null, ""terminal_params"": [-0.317341658688535, 0.990258924830845, -0.670534662003528, 0.0015713551689746073], ""valid_parameters"": true, ""warnings"": []}]",,True
SARIMA-W60,60,2016Q3,2001Q4,2016Q3,60,0,1,1,1,0,1,successful,1,"[{""aic"": -198.39146775037884, ""attempt"": 1, ""converged"": true, ""disp"": false, ""iterations"": 39, ""llf"": 103.19573387518942, ""maxiter"": 100, ""method"": ""lbfgs"", ""start"": ""initial"", ""start_params"": null, ""terminal_params"": [-0.42771303043073194, 0.9912023559392236, -0.6760221691207521, 0.0014965325218441374], ""valid_parameters"": true, ""warnings"": []}]",,True
SARIMA-W60,60,2016Q4,2002Q1,2016Q4,60,0,1,1,1,0,1,successful,1,"[{""aic"": -199.6642346909572, ""attempt"": 1, ""converged"": true, ""disp"": false, ""iterations"": 43, ""llf"": 103.8321173454786, ""maxiter"": 100, ""method"": ""lbfgs"", ""start"": ""initial"", ""start_params"": null, ""terminal_params"": [-0.45308926065305943, 0.9924372289036751, -0.6924328060600633, 0.0014558520784476022], ""valid_parameters"": true, ""warnings"": []}]",,True
SARIMA-W60,60,2017Q1,2002Q2,2017Q1,60,0,1,1,1,0,1,successful,1,"[{""aic"": -199.83862141666654, ""attempt"": 1, ""converged"": true, ""disp"": false, ""iterations"": 34, ""llf"": 103.91931070833327, ""maxiter"": 100, ""method"": ""lbfgs"", ""start"": ""initial"", ""start_params"": null, ""terminal_params"": [-0.46757037381065, 0.9921840485893026, -0.6834534979703166, 0.0014509502747948504], ""valid_parameters"": true, ""warnings"": []}]",,True
SARIMA-W60,60,2017Q2,2002Q3,2017Q2,60,0,1,1,1,0,1,successful,1,"[{""aic"": -200.31448747294516, ""attempt"": 1, ""converged"": true, ""disp"": false, ""iterations"": 42, ""llf"": 104.15724373647258, ""maxiter"": 100, ""method"": ""lbfgs"", ""start"": ""initial"", ""start_params"": null, ""terminal_params"": [-0.47231360401197714, 0.9921657506411105, -0.6758271250052361, 0.0014367484544082446], ""valid_parameters"": true, ""warnings"": []}]",,True
SARIMA-W60,60,2017Q3,2002Q4,2017Q3,60,0,1,1,1,0,1,successful,1,"[{""aic"": -200.31707727808876, ""attempt"": 1, ""converged"": true, ""disp"": false, ""iterations"": 41, ""llf"": 104.15853863904438, ""maxiter"": 100, ""method"": ""lbfgs"", ""start"": ""initial"", ""start_params"": null, ""terminal_params"": [-0.46805226949481954, 0.9920904622074362, -0.6767647198934108, 0.001437933150178996], ""valid_parameters"": true, ""warnings"": []}]",,True
SARIMA-W60,60,2017Q4,2003Q1,2017Q4,60,0,1,1,1,0,1,successful,1,"[{""aic"": -201.10951717095085, ""attempt"": 1, ""converged"": true, ""disp"": false, ""iterations"": 43, ""llf"": 104.55475858547543, ""maxiter"": 100, ""method"": ""lbfgs"", ""start"": ""initial"", ""start_params"": null, ""terminal_params"": [-0.4793579201346257, 0.9924004727111178, -0.679241060217536, 0.001415740548408934], ""valid_parameters"": true, ""warnings"": []}]",,True
SARIMA-W60,60,2018Q1,2003Q2,2018Q1,60,0,1,1,1,0,1,successful,1,"[{""aic"": -198.56436605572245, ""attempt"": 1, ""converged"": true, ""disp"": false, ""iterations"": 39, ""llf"": 103.28218302786122, ""maxiter"": 100, ""method"": ""lbfgs"", ""start"": ""initial"", ""start_params"": null, ""terminal_params"": [-0.4802210596922997, 0.9897682031240737, -0.6342317057948054, 0.0014916531621150036], ""valid_parameters"": true, ""warnings"": []}]",,True
SARIMA-W60,60,2018Q2,2003Q3,2018Q2,60,0,1,1,1,0,1,successful,1,"[{""aic"": -197.5110865878443, ""attempt"": 1, ""converged"": true, ""disp"": false, ""iterations"": 42, ""llf"": 102.75554329392214, ""maxiter"": 100, ""method"": ""lbfgs"", ""start"": ""initial"", ""start_params"": null, ""terminal_params"": [-0.4498482103896562, 0.989035262334096, -0.6337137599818595, 0.0015261002105028177], ""valid_parameters"": true, ""warnings"": []}]",,True
SARIMA-W60,60,2018Q3,2003Q4,2018Q3,60,0,1,1,1,0,1,successful,1,"[{""aic"": -197.50189507927965, ""attempt"": 1, ""converged"": true, ""disp"": false, ""iterations"": 39, ""llf"": 102.75094753963982, ""maxiter"": 100, ""method"": ""lbfgs"", ""start"": ""initial"", ""start_params"": null, ""terminal_params"": [-0.43742886362093836, 0.9887457581932552, -0.6281983588534947, 0.0015267400962068812], ""valid_parameters"": true, ""warnings"": []}]",,True
SARIMA-W60,60,2018Q4,2004Q1,2018Q4,60,0,1,1,1,0,1,successful,1,"[{""aic"": -197.91167215092494, ""attempt"": 1, ""converged"": true, ""disp"": false, ""iterations"": 37, ""llf"": 102.95583607546247, ""maxiter"": 100, ""method"": ""lbfgs"", ""start"": ""initial"", ""start_params"": null, ""terminal_params"": [-0.43438965799326573, 0.9882230630018158, -0.6187392186303532, 0.0015182153268391645], ""valid_parameters"": true, ""warnings"": [""Non-stationary starting seasonal autoregressive Using zeros as starting parameters.""]}]",,True
SARIMA-W60,60,2019Q1,2004Q2,2019Q1,60,0,1,1,1,0,1,successful,1,"[{""aic"": -197.98086250953628, ""attempt"": 1, ""converged"": true, ""disp"": false, ""iterations"": 41, ""llf"": 102.99043125476814, ""maxiter"": 100, ""method"": ""lbfgs"", ""start"": ""initial"", ""start_params"": null, ""terminal_params"": [-0.43463101964004697, 0.9883241693670859, -0.6196796674398202, 0.0015152378080788744], ""valid_parameters"": true, ""warnings"": [""Non-stationary starting seasonal autoregressive Using zeros as starting parameters.""]}]",,True
SARIMA-W60,60,2019Q2,2004Q3,2019Q2,60,0,1,1,1,0,1,successful,1,"[{""aic"": -197.97777062021942, ""attempt"": 1, ""converged"": true, ""disp"": false, ""iterations"": 36, ""llf"": 102.98888531010971, ""maxiter"": 100, ""method"": ""lbfgs"", ""start"": ""initial"", ""start_params"": null, ""terminal_params"": [-0.434550398530887, 0.9882528128066854, -0.6171745212207065, 0.0015155514219441085], ""valid_parameters"": true, ""warnings"": [""Non-stationary starting seasonal autoregressive Using zeros as starting parameters.""]}]",,True
SARIMA-W60,60,2019Q3,2004Q4,2019Q3,60,0,1,1,1,0,1,successful,1,"[{""aic"": -198.67418178387226, ""attempt"": 1, ""converged"": true, ""disp"": false, ""iterations"": 34, ""llf"": 103.33709089193613, ""maxiter"": 100, ""method"": ""lbfgs"", ""start"": ""initial"", ""start_params"": null, ""terminal_params"": [-0.41555422628125827, 0.9868783401687409, -0.5791934308842442, 0.001497611902638706], ""valid_parameters"": true, ""warnings"": [""Non-stationary starting seasonal autoregressive Using zeros as starting parameters.""]}]",,True
SARIMA-W60,60,2019Q4,2005Q1,2019Q4,60,0,1,1,1,0,1,successful,1,"[{""aic"": -201.92555045519356, ""attempt"": 1, ""converged"": true, ""disp"": false, ""iterations"": 31, ""llf"": 104.96277522759678, ""maxiter"": 100, ""method"": ""lbfgs"", ""start"": ""initial"", ""start_params"": null, ""terminal_params"": [-0.48657552791540537, 0.9803316664659019, -0.4116461753242279, 0.0014137943428223542], ""valid_parameters"": true, ""warnings"": [""Non-stationary starting seasonal autoregressive Using zeros as starting parameters.""]}]",,True
SARIMA-W60,60,2020Q1,2005Q2,2020Q1,60,1,1,0,1,0,1,successful,1,"[{""aic"": -160.2973344270867, ""attempt"": 1, ""converged"": true, ""disp"": false, ""iterations"": 30, ""llf"": 84.14866721354335, ""maxiter"": 100, ""method"": ""lbfgs"", ""start"": ""initial"", ""start_params"": null, ""terminal_params"": [-0.30179065905729036, 0.9676922151935012, -0.4069105238861033, 0.0029569801707690154], ""valid_parameters"": true, ""warnings"": [""Non-stationary starting seasonal autoregressive Using zeros as starting parameters."", ""Non-invertible starting seasonal moving average Using zeros as starting parameters.""]}]",,True
SARIMA-W60,60,2020Q2,2005Q3,2020Q2,60,1,1,0,1,0,1,successful,1,"[{""aic"": -166.44892753464603, ""attempt"": 1, ""converged"": true, ""disp"": false, ""iterations"": 39, ""llf"": 87.22446376732302, ""maxiter"": 100, ""method"": ""lbfgs"", ""start"": ""initial"", ""start_params"": null, ""terminal_params"": [-0.6367820128152979, 0.963615980175938, -0.3695041960910698, 0.0026413297715989596], ""valid_parameters"": true, ""warnings"": [""Non-stationary starting seasonal autoregressive Using zeros as starting parameters."", ""Non-invertible starting seasonal moving average Using zeros as starting parameters.""]}]",,True
SARIMA-W60,60,2020Q3,2005Q4,2020Q3,60,0,1,1,1,0,1,successful,1,"[{""aic"": -156.09881831046297, ""attempt"": 1, ""converged"": true, ""disp"": false, ""iterations"": 21, ""llf"": 82.04940915523149, ""maxiter"": 100, ""method"": ""lbfgs"", ""start"": ""initial"", ""start_params"": null, ""terminal_params"": [-0.3155719624562579, 0.999868440268453, -0.9770460646203823, 0.002933769007696093], ""valid_parameters"": true, ""warnings"": [""Non-stationary starting seasonal autoregressive Using zeros as starting parameters.""]}]",,True
SARIMA-W60,60,2020Q4,2006Q1,2020Q4,60,0,1,1,1,0,1,successful,1,"[{""aic"": -184.32332733210734, ""attempt"": 1, ""converged"": true, ""disp"": false, ""iterations"": 34, ""llf"": 96.16166366605367, ""maxiter"": 100, ""method"": ""lbfgs"", ""start"": ""initial"", ""start_params"": null, ""terminal_params"": [-0.5008778679813335, 0.9676714548279542, -0.35205175344547907, 0.0019487442575352692], ""valid_parameters"": true, ""warnings"": [""Non-stationary starting seasonal autoregressive Using zeros as starting parameters.""]}]",,True
SARIMA-W60,60,2021Q1,2006Q2,2021Q1,60,0,1,1,1,0,1,successful,1,"[{""aic"": -176.6920555712288, ""attempt"": 1, ""converged"": true, ""disp"": false, ""iterations"": 27, ""llf"": 92.3460277856144, ""maxiter"": 100, ""method"": ""lbfgs"", ""start"": ""initial"", ""start_params"": null, ""terminal_params"": [-0.36136336847706274, 0.9799802622344285, -0.6124396617028388, 0.0022497574151261854], ""valid_parameters"": true, ""warnings"": [""Non-invertible starting seasonal moving average Using zeros as starting parameters.""]}]",,True
SARIMA-W60,60,2021Q2,2006Q3,2021Q2,60,0,1,1,1,0,1,successful,1,"[{""aic"": -176.6480709474632, ""attempt"": 1, ""converged"": true, ""disp"": false, ""iterations"": 39, ""llf"": 92.3240354737316, ""maxiter"": 100, ""method"": ""lbfgs"", ""start"": ""initial"", ""start_params"": null, ""terminal_params"": [-0.37656414779873404, 0.9804925419135412, -0.6147993445575186, 0.002248110384593565], ""valid_parameters"": true, ""warnings"": [""Non-invertible starting seasonal moving average Using zeros as starting parameters.""]}]",,True
SARIMA-W60,60,2021Q3,2006Q4,2021Q3,60,0,1,1,1,0,1,successful,1,"[{""aic"": -174.8509097745235, ""attempt"": 1, ""converged"": true, ""disp"": false, ""iterations"": 32, ""llf"": 91.42545488726175, ""maxiter"": 100, ""method"": ""lbfgs"", ""start"": ""initial"", ""start_params"": null, ""terminal_params"": [-0.39311919578747045, 0.9798881627443289, -0.6215610275737798, 0.002324858268841404], ""valid_parameters"": true, ""warnings"": [""Non-invertible starting seasonal moving average Using zeros as starting parameters.""]}]",,True
SARIMA-W60,60,2021Q4,2007Q1,2021Q4,60,0,1,1,1,0,1,successful,1,"[{""aic"": -174.80289415949463, ""attempt"": 1, ""converged"": true, ""disp"": false, ""iterations"": 40, ""llf"": 91.40144707974731, ""maxiter"": 100, ""method"": ""lbfgs"", ""start"": ""initial"", ""start_params"": null, ""terminal_params"": [-0.3876813885058591, 0.9797044036237805, -0.6237119563684603, 0.0023288053414819453], ""valid_parameters"": true, ""warnings"": [""Non-invertible starting seasonal moving average Using zeros as starting parameters.""]}]",,True
SARIMA-W60,60,2022Q1,2007Q2,2022Q1,60,0,1,1,1,0,1,successful,1,"[{""aic"": -174.3588368495816, ""attempt"": 1, ""converged"": true, ""disp"": false, ""iterations"": 32, ""llf"": 91.1794184247908, ""maxiter"": 100, ""method"": ""lbfgs"", ""start"": ""initial"", ""start_params"": null, ""terminal_params"": [-0.3912732629443301, 0.9800403709666792, -0.6345770519531304, 0.0023499572600955234], ""valid_parameters"": true, ""warnings"": [""Non-stationary starting seasonal autoregressive Using zeros as starting parameters.""]}]",,True
SARIMA-W60,60,2022Q2,2007Q3,2022Q2,60,0,1,1,1,0,1,successful,1,"[{""aic"": -170.68925322133714, ""attempt"": 1, ""converged"": true, ""disp"": false, ""iterations"": 21, ""llf"": 89.34462661066857, ""maxiter"": 100, ""method"": ""lbfgs"", ""start"": ""initial"", ""start_params"": null, ""terminal_params"": [-0.4096217211571161, 0.9789648781836973, -0.6353496597261052, 0.0025085864232095192], ""valid_parameters"": true, ""warnings"": [""Non-stationary starting seasonal autoregressive Using zeros as starting parameters.""]}]",,True
SARIMA-W60,60,2022Q3,2007Q4,2022Q3,60,0,1,1,1,0,1,successful,1,"[{""aic"": -171.42510002647543, ""attempt"": 1, ""converged"": true, ""disp"": false, ""iterations"": 26, ""llf"": 89.71255001323772, ""maxiter"": 100, ""method"": ""lbfgs"", ""start"": ""initial"", ""start_params"": null, ""terminal_params"": [-0.4203712522560319, 0.9783406226061573, -0.6371211041421944, 0.0024820804710626036], ""valid_parameters"": true, ""warnings"": [""Non-stationary starting seasonal autoregressive Using zeros as starting parameters.""]}]",,True
SARIMA-W60,60,2022Q4,2008Q1,2022Q4,60,0,1,1,1,0,1,successful,1,"[{""aic"": -170.9210848014812, ""attempt"": 1, ""converged"": true, ""disp"": false, ""iterations"": 36, ""llf"": 89.4605424007406, ""maxiter"": 100, ""method"": ""lbfgs"", ""start"": ""initial"", ""start_params"": null, ""terminal_params"": [-0.40811623014888226, 0.9770458386359656, -0.6428155547827384, 0.002515862365043971], ""valid_parameters"": true, ""warnings"": [""Non-stationary starting seasonal autoregressive Using zeros as starting parameters.""]}]",,True
SARIMA-W60,60,2023Q1,2008Q2,2023Q1,60,0,1,1,1,0,1,successful,1,"[{""aic"": -168.26133584813124, ""attempt"": 1, ""converged"": true, ""disp"": false, ""iterations"": 47, ""llf"": 88.13066792406562, ""maxiter"": 100, ""method"": ""lbfgs"", ""start"": ""initial"", ""start_params"": null, ""terminal_params"": [-0.43613667876616313, 0.9750154942422989, -0.6450247108708086, 0.002645807164765957], ""valid_parameters"": true, ""warnings"": []}]",,True
SARIMA-W60,60,2023Q2,2008Q3,2023Q2,60,0,1,1,1,0,1,successful,1,"[{""aic"": -168.23013075200984, ""attempt"": 1, ""converged"": true, ""disp"": false, ""iterations"": 42, ""llf"": 88.11506537600492, ""maxiter"": 100, ""method"": ""lbfgs"", ""start"": ""initial"", ""start_params"": null, ""terminal_params"": [-0.43115142169561393, 0.9755784868536888, -0.6510081936165881, 0.002647905422908976], ""valid_parameters"": true, ""warnings"": []}]",,True
SARIMA-W60,60,2023Q3,2008Q4,2023Q3,60,0,1,1,1,0,1,successful,1,"[{""aic"": -167.99223872282445, ""attempt"": 1, ""converged"": true, ""disp"": false, ""iterations"": 40, ""llf"": 87.99611936141223, ""maxiter"": 100, ""method"": ""lbfgs"", ""start"": ""initial"", ""start_params"": null, ""terminal_params"": [-0.4368505981192628, 0.9744319087496205, -0.6456864103263208, 0.002662017491877103], ""valid_parameters"": true, ""warnings"": []}]",,True
SARIMA-W60,60,2023Q4,2009Q1,2023Q4,60,0,1,1,1,0,1,successful,1,"[{""aic"": -168.1477620556722, ""attempt"": 1, ""converged"": true, ""disp"": false, ""iterations"": 41, ""llf"": 88.0738810278361, ""maxiter"": 100, ""method"": ""lbfgs"", ""start"": ""initial"", ""start_params"": null, ""terminal_params"": [-0.4340640552494827, 0.9728130036929981, -0.6343703162134177, 0.0026592516749883188], ""valid_parameters"": true, ""warnings"": []}]",,True
SARIMA-W60,60,2024Q1,2009Q2,2024Q1,60,0,1,1,1,0,1,successful,1,"[{""aic"": -167.89355552035988, ""attempt"": 1, ""converged"": true, ""disp"": false, ""iterations"": 41, ""llf"": 87.94677776017994, ""maxiter"": 100, ""method"": ""lbfgs"", ""start"": ""initial"", ""start_params"": null, ""terminal_params"": [-0.4411382119451403, 0.9701519905382855, -0.6203861822214197, 0.002677993157405802], ""valid_parameters"": true, ""warnings"": []}]",,True
SARIMA-W60,60,2024Q2,2009Q3,2024Q2,60,0,1,1,1,0,1,successful,1,"[{""aic"": -168.11792200468818, ""attempt"": 1, ""converged"": true, ""disp"": false, ""iterations"": 39, ""llf"": 88.05896100234409, ""maxiter"": 100, ""method"": ""lbfgs"", ""start"": ""initial"", ""start_params"": null, ""terminal_params"": [-0.4632073050603368, 0.9689828709326884, -0.6145077178844637, 0.0026702051319556514], ""valid_parameters"": true, ""warnings"": []}]",,True
SARIMA-W60,60,2024Q3,2009Q4,2024Q3,60,0,1,1,1,0,1,successful,1,"[{""aic"": -169.0072992341725, ""attempt"": 1, ""converged"": true, ""disp"": false, ""iterations"": 25, ""llf"": 88.50364961708625, ""maxiter"": 100, ""method"": ""lbfgs"", ""start"": ""initial"", ""start_params"": null, ""terminal_params"": [-0.4856788057989556, 0.9663328930444495, -0.6091895712277919, 0.002639676031514181], ""valid_parameters"": true, ""warnings"": []}]",,True
SARIMA-W60,60,2024Q4,2010Q1,2024Q4,60,0,1,1,1,0,1,successful,1,"[{""aic"": -170.23206932578458, ""attempt"": 1, ""converged"": true, ""disp"": false, ""iterations"": 44, ""llf"": 89.11603466289229, ""maxiter"": 100, ""method"": ""lbfgs"", ""start"": ""initial"", ""start_params"": null, ""terminal_params"": [-0.49783622318242265, 0.9729274700567158, -0.6417301088429854, 0.002567434998352007], ""valid_parameters"": true, ""warnings"": []}]",,True
SARIMA-W60,60,2025Q1,2010Q2,2025Q1,60,0,1,1,1,0,1,successful,1,"[{""aic"": -170.16970592478287, ""attempt"": 1, ""converged"": true, ""disp"": false, ""iterations"": 37, ""llf"": 89.08485296239144, ""maxiter"": 100, ""method"": ""lbfgs"", ""start"": ""initial"", ""start_params"": null, ""terminal_params"": [-0.5052587704246181, 0.9711199335740061, -0.6311001105339662, 0.002574596253651976], ""valid_parameters"": true, ""warnings"": []}]",,True
SARIMA-W60,60,2025Q2,2010Q3,2025Q2,60,0,1,1,1,0,1,successful,1,"[{""aic"": -170.47563555766948, ""attempt"": 1, ""converged"": true, ""disp"": false, ""iterations"": 39, ""llf"": 89.23781777883474, ""maxiter"": 100, ""method"": ""lbfgs"", ""start"": ""initial"", ""start_params"": null, ""terminal_params"": [-0.5154837077126655, 0.9698831902384921, -0.6270071996514385, 0.002564707167707655], ""valid_parameters"": true, ""warnings"": []}]",,True
SARIMA-W60,60,2025Q3,2010Q4,2025Q3,60,0,1,1,1,0,1,successful,1,"[{""aic"": -170.48556308148628, ""attempt"": 1, ""converged"": true, ""disp"": false, ""iterations"": 33, ""llf"": 89.24278154074314, ""maxiter"": 100, ""method"": ""lbfgs"", ""start"": ""initial"", ""start_params"": null, ""terminal_params"": [-0.5254691720641859, 0.9666239916358959, -0.6152120181562624, 0.002574553630859796], ""valid_parameters"": true, ""warnings"": []}]",,True
SARIMA-W60,60,2025Q4,2011Q1,2025Q4,60,0,1,1,1,0,1,successful,1,"[{""aic"": -170.8031549935616, ""attempt"": 1, ""converged"": true, ""disp"": false, ""iterations"": 35, ""llf"": 89.4015774967808, ""maxiter"": 100, ""method"": ""lbfgs"", ""start"": ""initial"", ""start_params"": null, ""terminal_params"": [-0.5247038617329552, 0.9683501429254731, -0.6284409663575383, 0.0025585929856830445], ""valid_parameters"": true, ""warnings"": []}]",,True
SARIMA-W60,60,2026Q1,2011Q2,2026Q1,60,0,1,1,1,0,1,successful,1,"[{""aic"": -170.75749960809887, ""attempt"": 1, ""converged"": true, ""disp"": false, ""iterations"": 36, ""llf"": 89.37874980404943, ""maxiter"": 100, ""method"": ""lbfgs"", ""start"": ""initial"", ""start_params"": null, ""terminal_params"": [-0.5305379126204965, 0.9666497175097535, -0.6195949585541107, 0.0025645936118930683], ""valid_parameters"": true, ""warnings"": []}]",,True
