model,horizon,origin,target,training_start,training_end,n_train,p,d,q,P,D,Q,actual,forecast_log_mean,forecast_log_variance,forecast_level_median,forecast,error,absolute_error,squared_error,mase_scale,scaled_absolute_error
SARIMA-W40,1,2004Q4,2005Q1,1995Q1,2004Q4,40,1,1,0,1,0,0,15112.200000000001,9.6257488877479975,0.00037012175486967832,15149.895114041881,15152.699026363964,-40.499026363962912,40.499026363962912,1640.1711364289631,942.13499999999999,0.042986436512774617
SARIMA-W40,1,2005Q1,2005Q2,1995Q2,2005Q1,40,0,1,0,1,0,0,14497.5,9.5912737118686398,0.00036341787688780032,14636.500350889963,14639.160175480883,-141.66017548088348,141.66017548088348,20067.605317274702,974.80487804877998,0.14532157016329036
SARIMA-W40,1,2005Q2,2005Q3,1995Q3,2005Q2,40,1,1,0,1,0,0,15470.9,9.6404681033044763,0.00034367526982591182,15374.538920346304,15377.181071756269,93.718928243730261,93.718928243730261,8783.237511153462,1001.09285714286,0.093616618653344558
SARIMA-W40,1,2005Q3,2005Q4,1995Q4,2005Q3,40,0,1,0,1,0,0,22096,9.805870547081815,0.00033927505638502658,18139.924236864365,18143.001709793563,3952.9982902064366,3952.9982902064366,15626195.482375011,1030.86511627907,3.8346416303957107
SARIMA-W40,1,2005Q4,2006Q1,1996Q1,2005Q4,40,0,1,0,1,0,0,18440.200000000001,9.9779516021966117,0.0013779945227905244,21546.132265751316,21560.982607210903,-3120.7826072109019,3120.7826072109019,9739284.0814700741,1157.08863636364,2.6970990027337272
SARIMA-W40,1,2006Q1,2006Q2,1996Q2,2006Q1,40,1,1,0,1,0,0,18008,9.8695025665620371,0.001451751274722232,19331.72033752127,19345.757856472701,-1337.757856472701,1337.757856472701,1789596.0825544356,1205.33111111111,1.1098675244842191
SARIMA-W40,1,2006Q2,2006Q3,1996Q3,2006Q2,40,0,1,1,1,0,0,18643.200000000001,9.8657095871199942,0.0014027850496487726,19258.534403814672,19272.046934124497,-628.84693412449633,628.84693412449633,395448.46655777865,1255.4434782608701,0.50089625300823581
SARIMA-W40,1,2006Q3,2006Q4,1996Q4,2006Q3,40,1,1,0,1,0,0,21318.599999999999,10.189812324262098,0.0015172837218998436,26630.496533072244,26650.707207882744,-5332.1072078827456,5332.1072078827456,28431367.276355129,1296.22765957447,4.1135576520818793
SARIMA-W40,1,2006Q4,2007Q1,1997Q1,2006Q4,40,0,1,0,1,0,1,21187.799999999999,9.8937921178665391,0.0017510254746393357,19807.028290542014,19824.37718958169,1363.4228104183094,1363.4228104183094,1858921.7599689611,1285.41875,1.0606837736094243
SARIMA-W40,1,2007Q1,2007Q2,1997Q2,2007Q1,40,1,1,0,1,0,1,20856,9.8877921402087861,0.0016135373916277016,19688.542375209541,19704.432883984682,1151.5671160153179,1151.5671160153179,1326106.8226878366,1315.25918367347,0.87554387021958191
SARIMA-W40,1,2007Q2,2007Q3,1997Q3,2007Q2,40,1,1,0,1,0,1,21783.200000000001,9.9767930834937708,0.0017054046620567883,21521.185122204013,21539.544113189026,243.65588681097506,243.65588681097506,59368.191177642693,1345.914,0.18103377096231638
SARIMA-W40,1,2007Q3,2007Q4,1997Q4,2007Q3,40,1,1,0,1,0,1,25383,10.183766135892132,0.0016559348854182998,26469.969312578753,26491.894660863793,-1108.8946608637925,1108.8946608637925,1229647.3688922254,1381.09215686275,0.80291141713723602
SARIMA-W40,1,2007Q4,2008Q1,1998Q1,2007Q4,40,1,1,0,1,0,1,25555.200000000001,10.090845911432128,0.0017118919093678398,24121.188194720413,24141.843466815051,1413.3565331849495,1413.3565331849495,1997576.6898965794,1432.69423076923,0.98650256476994547
SARIMA-W40,1,2008Q1,2008Q2,1998Q2,2008Q1,40,1,1,0,1,0,1,25487.5,10.079643809977972,0.0018149012449126976,23852.488010590896,23874.142789518552,1613.3572104814484,1613.3572104814484,2602921.4886124805,1488.0660377358499,1.0841973202588737
SARIMA-W40,1,2008Q2,2008Q3,1998Q3,2008Q2,40,1,1,0,1,0,1,26843,10.177710174541096,0.0019711958580031653,26310.152611775393,26336.096626784853,506.90337321514744,506.90337321514744,256951.02977689504,1546.2777777777801,0.32782167635082959
SARIMA-W40,1,2008Q3,2008Q4,1998Q4,2008Q3,40,1,1,0,1,0,1,30602,10.384876130267051,0.0019589317270365886,32366.400117121815,32398.117431639239,-1796.1174316392389,1796.1174316392389,3226037.8282383359,1610.1600000000001,1.1154900330645643
SARIMA-W40,1,2008Q4,2009Q1,1999Q1,2008Q4,40,1,1,0,1,0,1,29398,10.299835575188832,0.0020296079277204652,29727.730474547341,29757.913605659749,-359.91360565974901,359.91360565974901,129537.80353900131,1674.6035714285699,0.2149246614544803
SARIMA-W40,1,2009Q1,2009Q2,1999Q2,2009Q1,40,1,1,0,1,0,1,29313.200000000001,10.249619345452022,0.0019910782708526032,28271.7780909049,28299.937767126579,1013.2622328734215,1013.2622328734215,1026700.3525676318,1712.6421052631599,0.5916368806766702
SARIMA-W40,1,2009Q2,2009Q3,1999Q3,2009Q2,40,1,1,0,1,0,1,30964.900000000001,10.322630640462389,0.0020776274110588916,30413.158540263492,30444.768561802728,520.13143819727338,520.13143819727338,270536.71300116403,1749.07413793103,0.29737529525908718
SARIMA-W40,1,2009Q3,2009Q4,1999Q4,2009Q3,40,1,1,0,1,0,1,35666.599999999999,10.510955828111747,0.002092830909097411,36715.556538486984,36753.996372781992,-1087.3963727819937,1087.3963727819937,1182430.8715394365,1789.29152542373,0.60772454199406245
SARIMA-W40,1,2009Q4,2010Q1,2000Q1,2009Q4,40,1,1,0,1,0,1,36374,10.449552708281111,0.0021341122814562256,34528.926751665414,34565.790719452343,1808.2092805476568,1808.2092805476568,3269620.8022586745,1843.8800000000001,0.98065453312995243
SARIMA-W40,1,2010Q1,2010Q2,2000Q2,2010Q1,40,1,1,0,1,0,1,36295.400000000001,10.460665329627954,0.0021895534566754651,34914.773554188403,34953.018366696218,1342.381633303783,1342.381633303783,1801988.4494313323,1928.0131147540999,0.69625129779005224
SARIMA-W40,1,2010Q2,2010Q3,2000Q3,2010Q2,40,1,1,0,1,0,1,38359.099999999999,10.542758040165944,0.0022596294604433566,37901.957551269115,37944.803940898128,414.29605910187092,414.29605910187092,171641.22458734093,2009.53225806452,0.20616541856406922
SARIMA-W40,1,2010Q3,2010Q4,2000Q4,2010Q3,40,1,1,0,1,0,1,43525.199999999997,10.709070040676348,0.0022656833262447518,44759.994550492112,44810.729268935633,-1285.5292689356356,1285.5292689356356,1652585.5012901898,2095.00317460318,0.61361685963990531
SARIMA-W40,1,2010Q4,2011Q1,2001Q1,2010Q4,40,1,1,0,1,0,1,42921.800000000003,10.670338961355391,0.0023060592736893746,43059.534542734509,43109.212096553165,-187.41209655316197,187.41209655316197,35123.293934451707,2185.0593749999998,0.085769795867978185
SARIMA-W40,1,2011Q1,2011Q2,2001Q2,2011Q1,40,1,1,0,1,0,1,42910.900000000001,10.65228059764874,0.0022656759004540351,42288.928688705222,42336.862337400198,574.0376625998033,574.0376625998033,329519.23808304564,2252.1784615384599,0.25488107288250994
SARIMA-W40,1,2011Q2,2011Q3,2001Q3,2011Q2,40,1,1,0,1,0,1,44978.099999999999,10.713271443964263,0.0022674230117444897,44948.444939598681,44999.432405875166,-21.332405875167751,21.332405875167751,455.07154042289159,2318.2893939393898,0.009201787288047901
SARIMA-W40,1,2011Q3,2011Q4,2001Q4,2011Q3,40,1,1,0,1,0,1,50415,10.859989622927463,0.0022680863227782567,52051.538042153923,52110.600216107909,-1695.6002161079086,1695.6002161079086,2875060.0928651863,2382.4791044776098,0.7116957344646645
SARIMA-W40,1,2011Q4,2012Q1,2002Q1,2011Q4,40,0,1,1,1,0,1,49318.800000000003,10.82490888296072,0.0020691125193642379,50257.189130445353,50309.209924633586,-990.4099246335827,990.4099246335827,980911.81881269894,2448.76323529412,0.40445311754062863
SARIMA-W40,1,2012Q1,2012Q2,2002Q2,2012Q1,40,0,1,1,1,0,1,48902.800000000003,10.805390407087653,0.0019827654996147077,49285.75667782782,49334.641954815743,-431.84195481573988,431.84195481573988,186487.47393907953,2505.9840579710099,0.17232430247995439
SARIMA-W40,1,2012Q2,2012Q3,2002Q3,2012Q2,40,1,1,0,1,0,1,51200.400000000001,10.846855233321731,0.0022125389147781447,51372.343031961937,51429.206133169566,-228.80613316956442,228.80613316956442,52352.246576008445,2555.7828571428599,0.089524872009412226
SARIMA-W40,1,2012Q3,2012Q4,2002Q4,2012Q3,40,1,1,0,1,0,1,57744.699999999997,10.97970465612341,0.0022092175807113873,58671.223528877403,58736.068085468592,-991.36808546859538,991.36808546859538,982810.68088566826,2607.42394366197,0.3802097805684328
SARIMA-W40,1,2012Q4,2013Q1,2003Q1,2012Q4,40,1,1,0,1,0,1,55451,10.949709048302559,0.0021959894403356444,56937.476900474867,57000.028283751228,-1549.0282837512277,1549.0282837512277,2399488.6238612742,2673.01111111111,0.57950686299516796
SARIMA-W40,1,2013Q1,2013Q2,2003Q2,2013Q1,40,1,1,0,1,0,1,55313.300000000003,10.922218285340662,0.002174078520283871,55393.54143483386,55453.789129003606,-140.48912900360301,140.48912900360301,19737.195368191009,2720.39726027397,0.051642872552170711
SARIMA-W40,1,2013Q2,2013Q3,2003Q3,2013Q2,40,1,1,0,1,0,1,58052.699999999997,10.966804801225075,0.0021745264815222669,57919.233964730192,57982.241665524547,70.458334475450101,70.458334475450101,4964.3768970544006,2770.2635135135101,0.025433802283338809
SARIMA-W40,1,2013Q3,2013Q4,2003Q4,2013Q3,40,1,1,0,1,0,1,65563,11.099132705262864,0.0021739789422098067,66113.795149197846,66185.699220824376,-622.69922082437552,622.69922082437552,387754.31961528439,2824.69066666667,0.22044864174780723
SARIMA-W40,1,2013Q4,2014Q1,2004Q1,2013Q4,40,1,1,0,1,0,1,62081.199999999997,11.069044161972441,0.002131994440339487,64154.156536876988,64222.5811531535,-2141.381153153503,2141.381153153503,4585513.2430810258,2890.39605263158,0.74086080736370663
SARIMA-W40,1,2014Q1,2014Q2,2004Q2,2014Q1,40,1,1,0,1,0,1,62117.5,11.040177452968901,0.002206264570570209,62328.711226261024,62397.505977794324,-280.00597779432428,280.00597779432428,78403.347600555615,2938.9649350649302,0.095273670826609619
SARIMA-W40,1,2014Q2,2014Q3,2004Q3,2014Q2,40,1,1,0,1,0,1,64952.099999999999,11.081891820427376,0.002138904674599834,64983.704693657965,65053.238843631232,-101.13884363123361,101.13884363123361,10229.065691063124,2988.51923076923,0.033842460369646332
SARIMA-W40,1,2014Q3,2014Q4,2004Q4,2014Q3,40,1,1,0,1,0,1,73243.300000000003,11.202948932789241,0.0021943876608744206,73346.416882668331,73426.936283373871,-183.63628337386763,183.63628337386763,33722.284571367411,3038.0240506329101,0.06044596103036471
SARIMA-W40,1,2014Q4,2015Q1,2005Q1,2014Q4,40,1,1,0,1,0,1,70715.300000000003,11.160217698567241,0.0021588394130495217,70278.254004077666,70354.154693370059,361.14530662994366,361.14530662994366,130425.93250083603,3096.0524999999998,0.1166470228233997
SARIMA-W40,1,2015Q1,2015Q2,2005Q2,2015Q1,40,1,1,0,1,0,1,70861.800000000003,11.163585803854939,0.0021318241380141826,70515.357633849053,70590.56087750358,271.23912249642308,271.23912249642308,73570.6615726296,3164.4234567901199,0.085715178831204386
SARIMA-W40,1,2015Q2,2015Q3,2005Q3,2015Q2,40,1,1,0,1,0,1,74502.800000000003,11.210291465208771,0.0015838409062722202,73886.947329193208,73945.483088776396,557.31691122360644,557.31691122360644,310602.13953582122,3232.4707317073198,0.17241205179582367
SARIMA-W40,1,2015Q3,2015Q4,2005Q4,2015Q3,40,1,1,0,1,0,1,84850.899999999994,11.341139880992159,0.00086559097606675342,84215.9726349415,84252.428816384563,598.47118361543107,598.47118361543107,358167.75761805504,3308.59397590361,0.18088384007650338
SARIMA-W40,1,2015Q4,2016Q1,2006Q1,2015Q4,40,1,1,0,1,0,1,78024.399999999994,11.313241103120481,0.00020299121704725649,81898.921652675461,81907.234455415412,-3882.8344554154173,3882.8344554154173,15076403.408161141,3407.3916666666701,1.1395327673656772
SARIMA-W40,1,2016Q1,2016Q2,2006Q2,2016Q1,40,1,1,0,1,0,1,78113.899999999994,11.2579115227886,0.00025355302016380563,77490.569400983499,77500.394007687995,613.50599231199885,613.50599231199885,376389.60260273039,3453.2941176470599,0.17765819284747686
SARIMA-W40,1,2016Q2,2016Q3,2006Q3,2016Q2,40,1,1,0,1,0,1,82343.5,11.313810470555079,0.00024671145082932227,81945.565509079606,81955.674587250949,387.82541274905088,387.82541274905088,150408.55077397168,3497.4662790697698,0.11088753451890374
SARIMA-W40,1,2016Q3,2016Q4,2006Q4,2016Q3,40,0,1,1,1,0,1,93834.199999999997,11.442643360045491,0.00027181170743961313,93213.082411550567,93225.75147597403,608.44852402596734,608.44852402596734,370209.60638937814,3547.3885057471298,0.17152012615483725
SARIMA-W40,1,2016Q4,2017Q1,2007Q1,2016Q4,40,0,1,1,1,0,1,85823.399999999994,11.392053025482678,0.00023417236849818598,88614.698974774787,88625.075139186971,-2801.6751391869766,2801.6751391869766,7849383.5855383649,3609.16022727273,0.77626787473053493
SARIMA-W40,1,2017Q1,2017Q2,2007Q2,2017Q1,40,0,1,1,1,0,1,86545.300000000003,11.358565084342541,0.00026593254085110715,85696.313244449688,85707.708721201314,837.59127879868902,837.59127879868902,701559.15031962318,3656.2370786516899,0.22908560379995038
SARIMA-W40,1,2017Q2,2017Q3,2007Q3,2017Q2,40,0,1,1,1,0,1,90809.699999999997,11.419831309163609,0.00026406863261188747,91110.771017601597,91122.801560165695,-313.10156016569817,313.10156016569817,98032.586978194318,3709.2944444444402,0.084410004343182576
SARIMA-W40,1,2017Q3,2017Q4,2007Q4,2017Q3,40,0,1,1,1,0,1,103083.2,11.543608000615341,0.00025451004299849452,103115.80959793759,103128.93243746085,-45.732437460857909,45.732437460857909,2091.45583611128,3761.56813186813,0.012157811810827293
SARIMA-W40,1,2017Q4,2018Q1,2008Q1,2017Q4,40,0,1,1,1,0,1,90275.399999999994,11.461722872665032,0.00023010682774451412,95008.617088611645,95019.548783207254,-4744.1487832072598,4744.1487832072598,22506947.677206922,3821.2141304347801,1.2415291635769878
SARIMA-W40,1,2018Q1,2018Q2,2008Q2,2018Q1,40,0,1,1,1,0,1,89742.5,11.414896743058053,0.00029545519110660989,90662.286343769898,90675.680654669181,-933.18065466918051,933.18065466918051,870826.13424880034,3827.9967741935502,0.24377780591671869
SARIMA-W40,1,2018Q2,2018Q3,2008Q3,2018Q2,40,0,1,1,1,0,1,94281.399999999994,11.451993212666878,0.00029700430744387978,94088.69805425794,94102.671466075131,178.72853392486286,178.72853392486286,31943.888838930852,3821.2861702127698,0.046771826543132528
SARIMA-W40,1,2018Q3,2018Q4,2008Q4,2018Q3,40,0,1,1,1,0,1,106687.60000000001,11.579223371374386,0.00030044892599744526,106854.49961524497,106870.55298084262,-182.95298084261594,182.95298084261594,33471.793199198597,3817.60631578947,0.04792348024099017
SARIMA-W40,1,2018Q4,2019Q1,2009Q1,2018Q4,40,0,1,1,1,0,1,97789.699999999997,11.447614206724824,0.00021034355787948549,93677.583879055979,93687.43663530612,4102.2633646938775,4102.2633646938775,16828564.713309534,3815.3854166666702,1.0751897689743333
SARIMA-W40,1,2019Q1,2019Q2,2009Q2,2019Q1,40,0,1,1,1,0,1,97420,11.489904163259453,0.00025800538527625053,97724.166663221738,97736.774157039981,-316.77415703998122,316.77415703998122,100345.86656839069,3853.5185567010299,0.082203874816985267
SARIMA-W40,1,2019Q2,2019Q3,2009Q3,2019Q2,40,0,1,1,1,0,1,101464.5,11.534960683064451,0.00025813696002461526,102227.97865823175,102241.17391957973,-776.67391957972723,776.67391957972723,603222.37735533656,3892.5387755102001,0.19952888445611633
SARIMA-W40,1,2019Q3,2019Q4,2009Q4,2019Q3,40,0,1,1,1,0,1,114974.8,11.649245901581716,0.00025409617438210201,114604.90708440635,114619.46834360452,355.33165639548679,355.33165639548679,126260.58603676029,3925.7767676767699,0.090512445669642089
SARIMA-W40,1,2019Q4,2020Q1,2010Q1,2019Q4,40,0,1,1,1,0,1,78579.699999999997,11.558541863444308,0.00021521224433531541,104667.28286438603,104678.54631080989,-26098.846310809895,26098.846310809895,681149778.75527525,3969.3910000000001,6.5750253151704872
SARIMA-W40,1,2020Q1,2020Q2,2010Q2,2020Q1,40,1,1,0,1,0,1,93676.5,11.323284279485383,0.0024823738227745715,82725.59121250367,82828.33288117082,10848.16711882918,10848.16711882918,117682729.8380466,4120.2881188118799,2.6328661506218505
SARIMA-W40,1,2020Q2,2020Q3,2010Q3,2020Q2,40,1,1,0,1,0,1,101067.8,11.39173579999229,0.0025399503032928518,88586.5925917032,88699.166831176859,12368.633168823144,12368.633168823144,152983086.46491206,4116.5941176470596,3.0045792262591919
SARIMA-W40,1,2020Q3,2020Q4,2010Q4,2020Q3,40,0,1,1,1,0,1,118656.60000000001,11.611778125572107,0.0025950129286724192,110390.36390782613,110533.68908115882,8122.9109188411821,8122.9109188411821,65981681.795429297,4080.4786407767001,1.9906760049343191
SARIMA-W40,1,2020Q4,2021Q1,2011Q1,2020Q4,40,0,1,1,1,0,1,105220.8,11.365602607867544,0.0026828269400768828,86301.53018126254,86417.373896121731,18803.426103878272,18803.426103878272,353568833.24401081,4076.6451923076902,4.6124755078903759
SARIMA-W40,1,2021Q1,2021Q2,2011Q2,2021Q1,40,0,1,1,1,0,1,106683.5,11.580272626044092,0.0031903205466090778,106966.67603847172,107137.44119334138,-453.9411933413794,453.9411933413794,206062.6070121956,4291.54476190476,0.10577570980289672
SARIMA-W40,1,2021Q2,2021Q3,2011Q3,2021Q2,40,0,1,1,1,0,1,106152.89999999999,11.630890974383862,0.0031900481143320811,112520.53017074232,112700.14633125802,-6547.2463312580221,6547.2463312580221,42866434.522171631,4373.7660377358497,1.4969356556271833
SARIMA-W40,1,2021Q3,2021Q4,2011Q4,2021Q3,40,0,1,1,1,0,1,122766,11.726236791897938,0.0032829262686826801,123776.99423781074,123980.33645445065,-1214.3364544506476,1214.3364544506476,1474613.0246077697,4380.4140186915902,0.27721956172840584
SARIMA-W40,1,2021Q4,2022Q1,2012Q1,2021Q4,40,0,1,1,1,0,1,108659.10000000001,11.570561104844893,0.0032347001316285345,105932.89481560695,106104.36401549198,2554.7359845080209,2554.7359845080209,6526675.9505401673,4377.9046296296301,0.5835522243261273
SARIMA-W40,1,2022Q1,2022Q2,2012Q2,2022Q1,40,0,1,1,1,0,1,101772.60000000001,11.622178042402979,0.0031873284044635439,111544.40507590835,111722.31112483461,-9949.7111248346046,9949.7111248346046,98996751.467657492,4369.2844036697197,2.2771946629241939
SARIMA-W40,1,2022Q2,2022Q3,2012Q3,2022Q2,40,0,1,1,1,0,1,109872.89999999999,11.610167320986859,0.0034812393642039158,110212.68974107495,110404.69517379592,-531.79517379592289,531.79517379592289,282806.10687263584,4374.2081818181796,0.12157518611171299
SARIMA-W40,1,2022Q3,2022Q4,2012Q4,2022Q3,40,0,1,1,1,0,1,119427.89999999999,11.736203725101777,0.0034746628793960893,125016.83973637244,125234.22420229361,-5806.3242022936174,5806.3242022936174,33713400.742140613,4368.3144144144098,1.3291909994239686
SARIMA-W40,1,2022Q4,2023Q1,2013Q1,2022Q4,40,0,1,1,1,0,1,114922.39999999999,11.577253149754696,0.0034789768000575579,106644.179826274,106829.84757664496,8092.5524233550386,8092.5524233550386,65489404.724749506,4359.1160714285697,1.8564663777587704
SARIMA-W40,1,2023Q1,2023Q2,2013Q2,2023Q1,40,0,1,1,1,0,1,112665.2,11.628513704307556,0.0035729431326530915,112253.35617959042,112454.07284255368,211.12715744631714,211.12715744631714,44574.676611361989,4375.9672566371701,0.048246969198888268
SARIMA-W40,1,2023Q2,2023Q3,2013Q3,2023Q2,40,0,1,1,1,0,1,114519.39999999999,11.67479059544727,0.0035651125755620044,117570.16643050304,117779.9287709752,-3260.528770975201,3260.528770975201,10631047.866357055,4433.1307017543904,0.73549123414855833
SARIMA-W40,1,2023Q3,2023Q4,2013Q4,2023Q3,40,0,1,1,1,0,1,129388.2,11.776407945973137,0.0035791640427243385,130145.44945644197,130378.56393948066,-990.36393948066689,990.36393948066689,980820.73262366606,4434.98608695652,0.22330711304672832
SARIMA-W40,1,2023Q4,2024Q1,2014Q1,2023Q4,40,0,1,1,1,0,1,120326.8,11.663027707716768,0.0033237272001352056,116195.30379251539,116388.56508085832,3938.234919141687,3938.234919141687,15509694.27834693,4482.6181034482797,0.87855686749495276
SARIMA-W40,1,2024Q1,2024Q2,2014Q2,2024Q1,40,0,1,1,1,0,1,115642.2,11.689115678101826,0.0033540373273353739,119266.48976012316,119466.66969522921,-3824.4696952292143,3824.4696952292143,14626568.449726639,4490.4965811965803,0.85168079433435617
SARIMA-W40,1,2024Q2,2024Q3,2014Q3,2024Q2,40,0,1,1,1,0,1,117595,11.715456607903032,0.0033763842190853944,122449.82189938641,122656.71531130752,-5061.7153113075183,5061.7153113075183,25620961.892724968,4477.67033898305,1.1304350093037698
SARIMA-W40,1,2024Q3,2024Q4,2014Q4,2024Q3,40,0,1,1,1,0,1,134330.79999999999,11.813571851021626,0.0034200866366637609,135073.16195369256,135304.34051812178,-973.54051812179387,973.54051812179387,947781.14042485086,4465.88823529412,0.21799482361154013
SARIMA-W40,1,2024Q4,2025Q1,2015Q1,2024Q4,40,0,1,1,1,0,1,124671.10000000001,11.697513480304522,0.0030985051175496884,120272.28346788004,120458.76002313434,4212.3399768656673,4212.3399768656673,17743808.080700651,4469.8608333333304,0.94238727645674347
SARIMA-W40,1,2025Q1,2025Q2,2015Q2,2025Q1,40,0,1,1,1,0,1,120787.3,11.714684147948354,0.0031140719125788219,122355.2708386672,122545.93078848404,-1758.6307884840353,1758.6307884840353,3092782.2502039797,4468.8231404958697,0.39353331586286361
SARIMA-W40,1,2025Q2,2025Q3,2015Q3,2025Q2,40,0,1,1,1,0,1,120418.8,11.747388447199629,0.0030776218220772227,126422.96726055599,126617.65805972736,-6198.858059727354,6198.858059727354,38425841.244646773,4474.3663934426204,1.385415836488503
SARIMA-W40,1,2025Q3,2025Q4,2015Q4,2025Q3,40,0,1,1,1,0,1,135325.20000000001,11.852948412670525,0.0030604810297838111,140497.98312497578,140713.14341252326,-5387.943412523251,5387.943412523251,29029934.216552697,4460.9471544715498,1.2078025643326669
SARIMA-W40,1,2025Q4,2026Q1,2016Q1,2025Q4,40,0,1,1,1,0,1,127694.89999999999,11.731652984434747,0.0030453397855605296,124449.21306021277,124638.8524725914,3056.0475274085911,3056.0475274085911,9339426.4897801634,4432.9911290322598,0.68938724180928801
SARIMA-W40,1,2026Q1,2026Q2,2016Q2,2026Q1,40,0,1,1,1,0,1,121027.2,11.734666539128385,0.0029879427372009365,124824.81323192871,125011.43729978375,-3984.237299783752,3984.237299783752,15874146.860988123,4421.7175999999999,0.90106100393741839
SARIMA-W40,2,2004Q3,2005Q1,1994Q4,2004Q3,40,0,1,0,1,0,0,15112.200000000001,9.6253740936810868,0.00074631561416150854,15144.218087163268,15149.87032489736,-37.670324897359023,37.670324897359023,1419.0533778725871,905.56153846153802,0.041598856949420893
SARIMA-W40,2,2004Q4,2005Q2,1995Q1,2004Q4,40,1,1,0,1,0,0,14497.5,9.5937299746300599,0.00077398578607104076,14672.495630494503,14678.174880870492,-180.67488087049242,180.67488087049242,32643.412577566625,942.13499999999999,0.19177175337981545
SARIMA-W40,2,2005Q1,2005Q3,1995Q2,2005Q1,40,0,1,0,1,0,0,15470.9,9.6503021037862862,0.00072683568905392883,15526.478003535642,15532.121628139615,-61.221628139615859,61.221628139615859,3748.0877520654044,974.80487804877998,0.06280398212836219
SARIMA-W40,2,2005Q2,2005Q4,1995Q3,2005Q2,40,1,1,0,1,0,0,22096,9.7996941830196871,0.00071852736915165656,18028.230745619203,18034.708797818032,4061.2912021819684,4061.2912021819684,16494086.228920659,1001.09285714286,4.0568576363365318
SARIMA-W40,2,2005Q3,2006Q1,1995Q4,2005Q3,40,0,1,0,1,0,0,18440.200000000001,9.7802844953719692,0.00067855025723550599,17681.68249435944,17687.68246722511,752.51753277489115,752.51753277489115,566282.63713360939,1030.86511627907,0.72998641712809098
SARIMA-W40,2,2005Q4,2006Q2,1996Q1,2005Q4,40,0,1,0,1,0,0,18008,9.9378036347454746,0.0027559889034465381,20698.233444068686,20726.775155558695,-2718.7751555586947,2718.7751555586947,7391738.3464832045,1157.08863636364,2.3496688759323887
SARIMA-W40,2,2006Q1,2006Q3,1996Q2,2006Q1,40,1,1,0,1,0,0,18643.200000000001,9.8833384811707656,0.0017294648474879171,19601.051292855573,19618.008288023102,-974.80828802310134,974.80828802310134,950251.19839852967,1205.33111111111,0.80874730523175009
SARIMA-W40,2,2006Q2,2006Q4,1996Q3,2006Q2,40,0,1,1,1,0,0,21318.599999999999,10.210954910654957,0.0016719499430214607,27199.528311777547,27222.275943583725,-5903.6759435837266,5903.6759435837266,34853389.646849208,1255.4434782608701,4.7024625527243327
SARIMA-W40,2,2006Q3,2007Q1,1996Q4,2006Q3,40,1,1,0,1,0,0,21187.799999999999,10.009666768581825,0.0019861175944459646,22240.423013655785,22262.520031386426,-1074.7200313864269,1074.7200313864269,1155023.1458632422,1296.22765957447,0.8291136386792114
SARIMA-W40,2,2006Q4,2007Q2,1997Q1,2006Q4,40,0,1,0,1,0,1,20856,9.8445823232421077,0.0034862593844266813,18855.92228753465,18888.819269070984,1967.1807309290161,1967.1807309290161,3869800.0281384182,1285.41875,1.5303812325197652
SARIMA-W40,2,2007Q1,2007Q3,1997Q2,2007Q1,40,1,1,0,1,0,1,21783.200000000001,9.93450859770258,0.0022745182394726727,20630.144237981367,20653.619403800563,1129.5805961994374,1129.5805961994374,1275952.3233102765,1315.25918367347,0.85882737807202436
SARIMA-W40,2,2007Q2,2007Q4,1997Q3,2007Q2,40,1,1,0,1,0,1,25383,10.174636615762202,0.0024954871399219649,26229.410956914759,26262.158962087862,-879.15896208786216,879.15896208786216,772920.48061940703,1345.914,0.65320589732171752
SARIMA-W40,2,2007Q3,2008Q1,1997Q4,2007Q3,40,1,1,0,1,0,1,25555.200000000001,10.117501199170182,0.0024295423506657914,24772.791158777756,24802.90271703359,752.29728296641042,752.29728296641042,565951.20195864339,1381.09215686275,0.54471186388843718
SARIMA-W40,2,2007Q4,2008Q2,1998Q1,2007Q4,40,1,1,0,1,0,1,25487.5,10.040793302670554,0.0025113850996620318,22943.576899819731,22972.405074273323,2515.0949257266766,2515.0949257266766,6325702.4854160771,1432.69423076923,1.755500142117759
SARIMA-W40,2,2008Q1,2008Q3,1998Q2,2008Q1,40,1,1,0,1,0,1,26843,10.129662202828493,0.002584121926772355,25075.89243508959,25108.31295696212,1734.6870430378804,1734.6870430378804,3009139.1372835049,1488.0660377358499,1.1657325676737262
SARIMA-W40,2,2008Q2,2008Q4,1998Q3,2008Q2,40,1,1,0,1,0,1,30602,10.369396786175805,0.0029285228057708721,31869.247200113237,31915.946290221167,-1313.9462902211671,1313.9462902211671,1726454.8535859676,1546.2777777777801,0.84974789724359479
SARIMA-W40,2,2008Q3,2009Q1,1998Q4,2008Q3,40,1,1,0,1,0,1,29398,10.33492793965168,0.0029085159902753244,30789.467298601397,30834.275701178267,-1436.2757011782669,1436.2757011782669,2062887.8897951222,1610.1600000000001,0.8920080620424472
SARIMA-W40,2,2008Q4,2009Q2,1999Q1,2008Q4,40,1,1,0,1,0,1,29313.200000000001,10.261454379406119,0.0029730402813199172,28608.363364899418,28650.921897453594,662.27810254640644,662.27810254640644,438612.28511246847,1674.6035714285699,0.39548351254346759
SARIMA-W40,2,2009Q1,2009Q3,1999Q2,2009Q1,40,1,1,0,1,0,1,30964.900000000001,10.294604557287364,0.0029504251319175004,29572.630204084962,29616.288314349327,1348.6116856506742,1348.6116856506742,1818753.4786735529,1712.6421052631599,0.78744513025005314
SARIMA-W40,2,2009Q2,2009Q4,1999Q3,2009Q2,40,1,1,0,1,0,1,35666.599999999999,10.499515363269303,0.0030644476173466548,36297.9071118293,36353.566259557439,-686.96625955744094,686.96625955744094,471922.64177034132,1749.07413793103,0.3927599434807546
SARIMA-W40,2,2009Q3,2010Q1,1999Q4,2009Q3,40,1,1,0,1,0,1,36374,10.467921119194955,0.0030991845098175212,35169.02910077753,35223.569002275632,1150.4309977243684,1150.4309977243684,1323491.4805250857,1789.29152542373,0.64295335968348122
SARIMA-W40,2,2009Q4,2010Q2,2000Q1,2009Q4,40,1,1,0,1,0,1,36295.400000000001,10.425692866865196,0.0031277178341207472,33714.822851623365,33767.589326884387,2527.8106731156149,2527.8106731156149,6389826.7991172178,1843.8800000000001,1.3709192968716049
SARIMA-W40,2,2010Q1,2010Q3,2000Q2,2010Q1,40,1,1,0,1,0,1,38359.099999999999,10.515184241075033,0.0031585032266966814,36871.133764284554,36929.408564942649,1429.6914350573497,1429.6914350573497,2044017.5994763442,1928.0131147540999,0.74153615663537309
SARIMA-W40,2,2010Q2,2010Q4,2000Q3,2010Q2,40,1,1,0,1,0,1,43525.199999999997,10.701420995895965,0.0033196390518233977,44418.929421941386,44492.71804927761,-967.51804927761259,967.51804927761259,936091.17567795678,2009.53225806452,0.48146430364321552
SARIMA-W40,2,2010Q3,2011Q1,2000Q4,2010Q3,40,1,1,0,1,0,1,42921.800000000003,10.687809776343903,0.0033345467805510958,43818.429659318746,43891.547898202552,-969.74789820254955,969.74789820254955,940410.98606826237,2095.00317460318,0.46288612349536512
SARIMA-W40,2,2010Q4,2011Q2,2001Q1,2010Q4,40,1,1,0,1,0,1,42910.900000000001,10.656197181444449,0.0033737686576020927,42454.881593636506,42526.558506411537,384.3414935884648,384.3414935884648,147718.38369381192,2185.0593749999998,0.17589521730431917
SARIMA-W40,2,2011Q1,2011Q3,2001Q2,2011Q1,40,1,1,0,1,0,1,44978.099999999999,10.702813406329062,0.0033053150875297739,44480.821882549615,44554.394226585842,423.70577341415628,423.70577341415628,179526.58242448836,2252.1784615384599,0.18813152716358164
SARIMA-W40,2,2011Q2,2011Q4,2001Q3,2011Q2,40,1,1,0,1,0,1,50415,10.859603540374684,0.00331380813827726,52031.445730365602,52117.728305755001,-1702.7283057550012,1702.7283057550012,2899283.6832192969,2318.2893939393898,0.73447616600687338
SARIMA-W40,2,2011Q3,2012Q1,2001Q4,2011Q3,40,1,1,0,1,0,1,49318.800000000003,10.840927653596566,0.0033203972727808657,51068.730106864212,51153.584761250437,-1834.7847612504338,1834.7847612504338,3366435.1201168112,2382.4791044776098,0.77011578309423823
SARIMA-W40,2,2011Q4,2012Q2,2002Q1,2011Q4,40,0,1,1,1,0,1,48902.800000000003,10.815719543607296,0.0026111188241763712,49797.474237661787,49862.5302568595,-959.73025685949688,959.73025685949688,921082.16593159584,2448.76323529412,0.3919244796829956
SARIMA-W40,2,2012Q1,2012Q3,2002Q2,2012Q1,40,0,1,1,1,0,1,51200.400000000001,10.854750642708684,0.0024547746196487011,51779.554145214912,51843.1467312643,-642.74673126429843,642.74673126429843,413123.36055094027,2505.9840579710099,0.25648476462563913
SARIMA-W40,2,2012Q2,2012Q4,2002Q3,2012Q2,40,1,1,0,1,0,1,57744.699999999997,10.981917872789516,0.0032072804620112728,58801.219460129614,58895.591110151043,-1150.8911101510457,1150.8911101510457,1324550.3474247064,2555.7828571428599,0.45030864297980328
SARIMA-W40,2,2012Q3,2013Q1,2002Q4,2012Q3,40,1,1,0,1,0,1,55451,10.959680521784138,0.0032165041765378159,57508.067528328749,57600.62940949211,-2149.6294094921104,2149.6294094921104,4620906.5981533993,2607.42394366197,0.82442650521690208
SARIMA-W40,2,2012Q4,2013Q2,2003Q1,2012Q4,40,1,1,0,1,0,1,55313.300000000003,10.940084000161004,0.0031628374118904574,56392.07989101424,56481.32993326382,-1168.0299332638169,1168.0299332638169,1364293.9250002766,2673.01111111111,0.43697159671674296
SARIMA-W40,2,2013Q1,2013Q3,2003Q2,2013Q1,40,1,1,0,1,0,1,58052.699999999997,10.967954527570534,0.0031599798216400835,57985.86352947155,58077.553023982175,-24.853023982177547,24.853023982177547,617.67280105869224,2720.39726027397,0.0091358068709695029
SARIMA-W40,2,2013Q2,2013Q4,2003Q3,2013Q2,40,1,1,0,1,0,1,65563,11.0981883039731,0.003168388231891299,66051.386669750427,66156.107815272684,-593.10781527268409,593.10781527268409,351776.88053753634,2770.2635135135101,0.21409797745935319
SARIMA-W40,2,2013Q3,2014Q1,2003Q4,2013Q3,40,1,1,0,1,0,1,62081.199999999997,11.074091086697072,0.0031699622939549742,64478.756161625075,64581.034807973214,-2499.8348079732168,2499.8348079732168,6249174.0671544895,2824.69066666667,0.8849941827163661
SARIMA-W40,2,2013Q4,2014Q2,2004Q1,2013Q4,40,1,1,0,1,0,1,62117.5,11.053885947361843,0.0031485191936566352,63189.027361372144,63288.581635685558,-1171.0816356855576,1171.0816356855576,1371432.1974399609,2890.39605263158,0.40516303453270308
SARIMA-W40,2,2014Q1,2014Q3,2004Q2,2014Q1,40,1,1,0,1,0,1,64952.099999999999,11.084158810606347,0.0032280586052155988,65131.18922381907,65236.397753725309,-284.29775372531003,284.29775372531003,80825.212773257037,2938.9649350649302,0.096733972676346022
SARIMA-W40,2,2014Q2,2014Q4,2004Q3,2014Q2,40,1,1,0,1,0,1,73243.300000000003,11.229023089269127,0.0031840610595158096,75284.013660935932,75403.963565707105,-2160.663565707102,2160.663565707102,4668467.0441741282,2988.51923076923,0.72298800806142305
SARIMA-W40,2,2014Q3,2015Q1,2004Q4,2014Q3,40,1,1,0,1,0,1,70715.300000000003,11.167571499244874,0.003228067958738107,70796.971209851763,70911.332193450697,-196.03219345069374,196.03219345069374,38428.620869090213,3038.0240506329101,0.064526215126524247
SARIMA-W40,2,2014Q4,2015Q2,2005Q1,2014Q4,40,1,1,0,1,0,1,70861.800000000003,11.15907474602801,0.0031957756719598173,70197.975181392379,70310.233336129852,551.56666387015139,551.56666387015139,304225.78469284857,3096.0524999999998,0.17815158621184604
SARIMA-W40,2,2015Q1,2015Q3,2005Q2,2015Q1,40,1,1,0,1,0,1,74502.800000000003,11.208471923697315,0.0031660308729872405,73752.629197139118,73869.473206174807,633.32679382519564,633.32679382519564,401102.82777690189,3164.4234567901199,0.20013971027367497
SARIMA-W40,2,2015Q2,2015Q4,2005Q3,2015Q2,40,1,1,0,1,0,1,84850.899999999994,11.328070820598281,0.0016950157059517298,83122.509831760093,83192.986672220999,1657.9133277789952,1657.9133277789952,2748676.6024272218,3232.4707317073198,0.51289353110502001
SARIMA-W40,2,2015Q3,2016Q1,2005Q4,2015Q3,40,1,1,0,1,0,1,78024.399999999994,11.306079295117719,0.0027314275626209228,81314.4726540267,81425.600817309634,-3401.2008173096401,3401.2008173096401,11568166.999667764,3308.59397590361,1.0279897872269861
SARIMA-W40,2,2015Q4,2016Q2,2006Q1,2015Q4,40,1,1,0,1,0,1,78113.899999999994,11.314387917318262,0.00051616396784501565,81992.898375429999,82014.061996167409,-3900.1619961674151,3900.1619961674151,15211263.596348595,3407.3916666666701,1.1446180473825025
SARIMA-W40,2,2016Q1,2016Q3,2006Q2,2016Q1,40,1,1,0,1,0,1,82343.5,11.30444222129004,0.00059357088633189121,81181.463761427192,81205.560813776741,1137.9391862232587,1137.9391862232587,1294905.5915424523,3453.2941176470599,0.32952281139569028
SARIMA-W40,2,2016Q2,2016Q4,2006Q3,2016Q2,40,1,1,0,1,0,1,93834.199999999997,11.438078890002819,0.00056153645860508963,92788.583632292561,92814.63937625986,1019.5606237401371,1019.5606237401371,1039503.8654813773,3497.4662790697698,0.29151406829612442
SARIMA-W40,2,2016Q3,2017Q1,2006Q4,2016Q3,40,0,1,1,1,0,1,85823.399999999994,11.377610475761404,0.00061997412126667522,87344.074394398485,87371.154124249864,-1547.7541242498701,1547.7541242498701,2395542.8291324824,3547.3885057471298,0.43630803948943037
SARIMA-W40,2,2016Q4,2017Q2,2007Q1,2016Q4,40,0,1,1,1,0,1,86545.300000000003,11.392505815691324,0.00053172445316863057,88654.83192803117,88678.405032505165,-2133.1050325051619,2133.1050325051619,4550137.0796988476,3609.16022727273,0.59102530732392766
SARIMA-W40,2,2017Q1,2017Q3,2007Q2,2017Q1,40,0,1,1,1,0,1,90809.699999999997,11.40897188425372,0.0005905345935627122,90126.713262474834,90153.3286626029,656.3713373970968,656.3713373970968,430823.33255645348,3656.2370786516899,0.17952100021893186
SARIMA-W40,2,2017Q2,2017Q4,2007Q3,2017Q2,40,0,1,1,1,0,1,103083.2,11.547136254608855,0.00058356961096821096,103480.2709429586,103510.46931918648,-427.26931918648188,427.26931918648188,182559.07111807974,3709.2944444444402,0.11518883862844061
SARIMA-W40,2,2017Q3,2018Q1,2007Q4,2017Q3,40,0,1,1,1,0,1,90275.399999999994,11.464547596260861,0.00052683212882056259,95277.369568144713,95302.470463708116,-5027.0704637081217,5027.0704637081217,25271437.447086591,3761.56813186813,1.3364294590648549
SARIMA-W40,2,2017Q4,2018Q2,2008Q1,2017Q4,40,0,1,1,1,0,1,89742.5,11.467641489700782,0.00047941494955542171,95572.604073370967,95595.516286956074,-5853.0162869560736,5853.0162869560736,34257799.655373059,3821.2141304347801,1.531716383109395
SARIMA-W40,2,2018Q1,2018Q3,2008Q2,2018Q1,40,0,1,1,1,0,1,94281.399999999994,11.462904245216134,0.0006238200184767533,95120.923986039561,95150.597781855133,-869.1977818551386,869.1977818551386,755504.7839818931,3827.9967741935502,0.22706335274753564
SARIMA-W40,2,2018Q2,2018Q4,2008Q3,2018Q2,40,0,1,1,1,0,1,106687.60000000001,11.577289604732762,0.00065173320344608533,106648.06760837448,106682.82631478961,4.7736852103989804,4.7736852103989804,22.788070487981958,3821.2861702127698,0.0012492352045262239
SARIMA-W40,2,2018Q3,2019Q1,2008Q4,2018Q3,40,0,1,1,1,0,1,97789.699999999997,11.457600362512064,0.00066283895096546166,94617.749331761719,94649.112693543997,3140.5873064560001,3140.5873064560001,9863288.6294725537,3817.60631578947,0.82265876747601085
SARIMA-W40,2,2018Q4,2019Q2,2009Q1,2018Q4,40,0,1,1,1,0,1,97420,11.442052373071739,0.00045971611672353371,93158.010968917617,93179.426549617332,4240.5734503826679,4240.5734503826679,17982463.188090365,3815.3854166666702,1.1114403886586812
SARIMA-W40,2,2019Q1,2019Q3,2009Q2,2019Q1,40,0,1,1,1,0,1,101464.5,11.538271516608372,0.00056050205686302931,102566.99939002149,102595.74792529884,-1131.2479252988414,1131.2479252988414,1279721.8684929332,3853.5185567010299,0.29356234014539034
SARIMA-W40,2,2019Q2,2019Q4,2009Q3,2019Q2,40,0,1,1,1,0,1,114974.8,11.656989553383696,0.00055421110734080723,115495.81255869601,115527.82152450806,-553.0215245080617,553.0215245080617,305832.80656922067,3892.5387755102001,0.14207219411335895
SARIMA-W40,2,2019Q3,2020Q1,2009Q4,2019Q3,40,0,1,1,1,0,1,78579.699999999997,11.557412052676826,0.00051210242844404886,104549.09541849913,104575.86876885506,-25996.168768855059,25996.168768855059,675800790.65879512,3925.7767676767699,6.6219172172235599
SARIMA-W40,2,2019Q4,2020Q2,2010Q1,2019Q4,40,0,1,1,1,0,1,93676.5,11.555022009213408,0.0004309246604708274,104299.51690693875,104321.99194506902,-10645.491945069021,10645.491945069021,113326498.75252941,3969.3910000000001,2.6818955212698929
SARIMA-W40,2,2020Q1,2020Q3,2010Q2,2020Q1,40,1,1,0,1,0,1,101067.8,11.353716062896865,0.0041239717863200877,85281.77584633026,85457.807089668728,15609.992910331275,15609.992910331275,243671878.66059268,4120.2881188118799,3.7885682894507262
SARIMA-W40,2,2020Q2,2020Q4,2010Q3,2020Q2,40,1,1,0,1,0,1,118656.60000000001,11.558013224502682,0.0030857445326145628,104611.96628528688,104773.49376288269,13883.106237117318,13883.106237117318,192740638.79108575,4116.5941176470596,3.3724739044840661
SARIMA-W40,2,2020Q3,2021Q1,2010Q4,2020Q3,40,0,1,1,1,0,1,105220.8,11.33559484937502,0.0030626180895003494,83750.284724329496,83878.630536299752,21342.169463700251,21342.169463700251,455488197.41729945,4080.4786407767001,5.2303102999793838
SARIMA-W40,2,2020Q4,2021Q2,2011Q1,2020Q4,40,0,1,1,1,0,1,106683.5,11.480816001497185,0.0031119505652353521,96840.057178729141,96990.855202641163,9692.6447973588365,9692.6447973588365,93947363.167767316,4076.6451923076902,2.3776032350443685
SARIMA-W40,2,2021Q1,2021Q3,2011Q2,2021Q1,40,0,1,1,1,0,1,106152.89999999999,11.632753516558763,0.0041452034473675606,112730.29969537894,112964.18700273184,-6811.2870027318422,6811.2870027318422,46393630.633583724,4291.54476190476,1.5871410833680131
SARIMA-W40,2,2021Q2,2021Q4,2011Q3,2021Q2,40,0,1,1,1,0,1,122766,11.758123771580404,0.0041264354402219114,127787.46990798133,128051.39545461115,-5285.395454611149,5285.395454611149,27935405.111624196,4373.7660377358497,1.2084312258611847
SARIMA-W40,2,2021Q3,2022Q1,2011Q4,2021Q3,40,0,1,1,1,0,1,108659.10000000001,11.572743135241371,0.0041373265447867385,106164.29598245806,106384.14147714668,2274.9585228533251,2274.9585228533251,5175436.280702983,4380.4140186915902,0.51934783176793065
SARIMA-W40,2,2021Q4,2022Q2,2012Q1,2021Q4,40,0,1,1,1,0,1,101772.60000000001,11.610129565245447,0.0040817959401062628,110208.5286578137,110433.68270029592,-8661.0827002959122,8661.0827002959122,75014353.541365132,4377.9046296296301,1.9783625805088947
SARIMA-W40,2,2022Q1,2022Q3,2012Q2,2022Q1,40,0,1,1,1,0,1,109872.89999999999,11.665273388505716,0.0040756284026077626,116456.53456468739,116694.09331274418,-6821.193312744188,6821.193312744188,46528678.20982603,4369.2844036697197,1.5611694461946981
SARIMA-W40,2,2022Q2,2022Q4,2012Q3,2022Q2,40,0,1,1,1,0,1,119427.89999999999,11.738110706957428,0.0043506500781013901,125255.47204282269,125528.23997933431,-6100.3399793343124,6100.3399793343124,37214147.863464557,4374.2081818181796,1.394615831201397
SARIMA-W40,2,2022Q3,2023Q1,2012Q4,2022Q3,40,0,1,1,1,0,1,114922.39999999999,11.599334703237275,0.0043291186162913286,109025.24100289712,109261.48819642252,5660.9118035774736,5660.9118035774736,32045922.447882764,4368.3144144144098,1.2959030112159045
SARIMA-W40,2,2022Q4,2023Q2,2013Q1,2022Q4,40,0,1,1,1,0,1,112665.2,11.586721904490618,0.0043980165493844271,107658.76324946831,107895.76625097268,4769.4337490273174,4769.4337490273174,22747498.28636077,4359.1160714285697,1.0941286423383259
SARIMA-W40,2,2023Q1,2023Q3,2013Q2,2023Q1,40,0,1,1,1,0,1,114519.39999999999,11.673534744541339,0.0044387103857756217,117422.60850525144,117683.50037998254,-3164.1003799825412,3164.1003799825412,10011531.214605661,4375.9672566371701,0.72306308398067842
SARIMA-W40,2,2023Q2,2023Q4,2013Q3,2023Q2,40,0,1,1,1,0,1,129388.2,11.790558867208361,0.0044126081879385399,132000.2198646437,132291.77400040915,-2903.5740004091494,2903.5740004091494,8430741.9758519921,4433.1307017543904,0.65497144021945342
SARIMA-W40,2,2023Q3,2024Q1,2013Q4,2023Q3,40,0,1,1,1,0,1,120326.8,11.66651870945206,0.00437928967267469,116601.65066582551,116857.24659814882,3469.5534018511826,3469.5534018511826,12037800.808297114,4434.98608695652,0.7823143824634049
SARIMA-W40,2,2023Q4,2024Q2,2014Q1,2023Q4,40,0,1,1,1,0,1,115642.2,11.672771377585496,0.0040615792953704955,117333.00617013173,117571.5269351703,-1929.3269351703057,1929.3269351703057,3722302.4227736448,4482.6181034482797,0.43040180774850301
SARIMA-W40,2,2024Q1,2024Q3,2014Q2,2024Q1,40,0,1,1,1,0,1,117595,11.731465978558969,0.0040884567435174541,124425.94250206788,124680.55770105326,-7085.5577010532579,7085.5577010532579,50205127.934955128,4490.4965811965803,1.577900700497844
SARIMA-W40,2,2024Q2,2024Q4,2014Q3,2024Q2,40,0,1,1,1,0,1,134330.79999999999,11.835557847836549,0.0040357906920697401,138075.7667418771,138354.67049363791,-4023.8704936379218,4023.8704936379218,16191533.749569893,4477.67033898305,0.89865268968233303
SARIMA-W40,2,2024Q3,2025Q1,2014Q4,2024Q3,40,0,1,1,1,0,1,124671.10000000001,11.705710009805065,0.0039721883015739444,121262.14998060689,121503.22734932567,3167.8726506743405,3167.8726506743405,10035417.130890472,4465.88823529412,0.70934884255241704
SARIMA-W40,2,2024Q4,2025Q2,2015Q1,2024Q4,40,0,1,1,1,0,1,120787.3,11.70330928438363,0.0034986383495708073,120971.3820211596,121183.18478063184,-395.8847806318372,395.8847806318372,156724.75953591787,4469.8608333333304,0.088567585299207663
SARIMA-W40,2,2025Q1,2025Q3,2015Q2,2025Q1,40,0,1,1,1,0,1,120418.8,11.75459826137743,0.0034631759906372673,127337.74709599813,127558.43462501618,-7139.6346250161732,7139.6346250161732,50974382.578729831,4468.8231404958697,1.5976543265536225
SARIMA-W40,2,2025Q2,2025Q4,2015Q3,2025Q2,40,0,1,1,1,0,1,135325.20000000001,11.869296511547764,0.0033532942572239966,142813.73554441848,143053.38463138143,-7728.1846313814167,7728.1846313814167,59724837.696719922,4474.3663934426204,1.7272131854707762
SARIMA-W40,2,2025Q3,2026Q1,2015Q4,2025Q3,40,0,1,1,1,0,1,127694.89999999999,11.739466799247253,0.0032707589859192216,125425.44524634554,125630.73126191428,2064.1687380857184,2064.1687380857184,4260792.5792903872,4460.9471544715498,0.46271983652992699
SARIMA-W40,2,2025Q4,2026Q2,2016Q1,2025Q4,40,0,1,1,1,0,1,121027.2,11.730003131839661,0.0032030734347458533,124244.05948620304,124443.20033250937,-3416.0003325093712,3416.0003325093712,11669058.271704135,4432.9911290322598,0.77058587149825819
SARIMA-W60,1,2004Q4,2005Q1,1994Q1,2004Q4,44,1,1,0,1,0,0,15112.200000000001,9.625652213953698,0.00037137685041850252,15148.4305869898,15151.243736386436,-39.04373638643483,39.04373638643483,1524.4133510134152,942.13499999999999,0.041441764063998077
SARIMA-W60,1,2005Q1,2005Q2,1994Q1,2005Q1,45,0,1,0,1,0,0,14497.5,9.5911361476031267,0.00036475194661001706,14634.487029953194,14637.156252162697,-139.65625216269655,139.65625216269655,19503.868768130684,974.80487804877998,0.14326585279532017
SARIMA-W60,1,2005Q2,2005Q3,1994Q1,2005Q2,46,1,1,0,1,0,0,15470.9,9.6402370444210863,0.00035548949338131569,15370.986906928661,15373.719261926488,97.180738073511748,97.180738073511748,9444.0958525124952,1001.09285714286,0.097074649349579434
SARIMA-W60,1,2005Q3,2005Q4,1994Q1,2005Q3,47,0,1,0,1,0,0,22096,9.8064167482476527,0.00034983387283192189,18149.834991017091,18153.009982221949,3942.990017778051,3942.990017778051,15547170.280297354,1030.86511627907,3.8249330154951395
SARIMA-W60,1,2005Q4,2006Q1,1994Q1,2005Q4,48,0,1,0,1,0,0,18440.200000000001,9.9778252901389966,0.001211827287758588,21543.410901325366,21556.468303355712,-3116.2683033557114,3116.2683033557114,9711128.1384994835,1157.08863636364,2.6931975696772437
SARIMA-W60,1,2006Q1,2006Q2,1994Q1,2006Q1,49,1,1,0,1,0,0,18008,9.8556956051813547,0.0013941764662033548,19066.642194264405,19079.937959805233,-1071.9379598052328,1071.9379598052328,1149050.9896714049,1205.33111111111,0.88933069919442187
SARIMA-W60,1,2006Q2,2006Q3,1994Q1,2006Q2,50,0,1,1,1,0,0,18643.200000000001,9.8667517824941395,0.0014187541141061888,19278.616021950234,19292.296681647298,-649.09668164729737,649.09668164729737,421326.50212553289,1255.4434782608701,0.51702581031084927
SARIMA-W60,1,2006Q3,2006Q4,1994Q1,2006Q3,51,1,1,0,1,0,0,21318.599999999999,10.189990226865575,0.0014052044194864575,26635.234589181131,26653.955139640479,-5335.35513964048,5335.35513964048,28466014.466088086,1296.22765957447,4.1160633321094142
SARIMA-W60,1,2006Q4,2007Q1,1994Q1,2006Q4,52,0,1,0,1,0,1,21187.799999999999,9.8908844811553145,0.0016885126901790839,19749.520294640268,19766.200992863367,1421.5990071366323,1421.5990071366323,2020943.7370918586,1285.41875,1.1059423297945765
SARIMA-W60,1,2007Q1,2007Q2,1994Q1,2007Q1,53,1,1,0,1,0,1,20856,9.9037265849206246,0.0016549147135401067,20004.781219100267,20021.341172873519,834.6588271264809,834.6588271264809,696655.35770015267,1315.25918367347,0.63459646394204205
SARIMA-W60,1,2007Q2,2007Q3,1994Q1,2007Q2,54,1,1,0,1,0,1,21783.200000000001,9.9832354548547446,0.0016535049506749956,21660.280158744692,21678.19525363651,105.00474636349099,105.00474636349099,11025.996758861074,1345.914,0.078017426346327468
SARIMA-W60,1,2007Q3,2007Q4,1994Q1,2007Q3,55,1,1,0,1,0,1,25383,10.186599405238194,0.0015925841919303546,26545.072208349324,26566.218257634235,-1183.2182576342348,1183.2182576342348,1400005.4451989944,1381.09215686275,0.85672650572572939
SARIMA-W60,1,2007Q4,2008Q1,1994Q1,2007Q4,56,1,1,0,1,0,1,25555.200000000001,10.08515832658698,0.001627264519197115,23984.386295281376,24003.908706652743,1551.291293347258,1551.291293347258,2406504.6768150087,1432.69423076923,1.0827790466597691
SARIMA-W60,1,2008Q1,2008Q2,1994Q1,2008Q1,57,1,1,0,1,0,1,25487.5,10.095866194028144,0.0016423357253352333,24242.587851329288,24262.50326120888,1224.9967387911202,1224.9967387911202,1500617.0100488798,1488.0660377358499,0.82321396210009612
SARIMA-W60,1,2008Q2,2008Q3,1994Q1,2008Q2,58,1,1,0,1,0,1,26843,10.182563099344836,0.0017106778290890883,26438.144119363595,26460.767366749868,382.23263325013249,382.23263325013249,146101.7859213303,1546.2777777777801,0.24719532204585831
SARIMA-W60,1,2008Q3,2008Q4,1994Q1,2008Q3,59,1,1,0,1,0,1,30602,10.385720742838286,0.0016703432010905066,32393.748733413126,32420.814373044053,-1818.8143730440534,1818.8143730440534,3308085.7235916327,1610.1600000000001,1.1295861113454895
SARIMA-W60,1,2008Q4,2009Q1,1994Q1,2008Q4,60,1,1,0,1,0,1,29398,10.299249056476471,0.001743698914991711,29710.299716580557,29736.213920271235,-338.21392027123511,338.21392027123511,114388.65586523738,1674.6035714285699,0.20196655855852008
SARIMA-W60,1,2009Q1,2009Q2,1994Q2,2009Q1,60,1,1,0,1,0,1,29313.200000000001,10.248870550427483,0.0015302041035139507,28250.616248065668,28272.239123318763,1040.960876681238,1040.960876681238,1083599.5467809716,1712.6421052631599,0.60780992916280474
SARIMA-W60,1,2009Q2,2009Q3,1994Q3,2009Q2,60,1,1,0,1,0,1,30964.900000000001,10.32111306125913,0.0015640795245775601,30367.039167109397,30390.796687653095,574.10331234690602,574.10331234690602,329594.61324768915,1749.07413793103,0.32823269174056258
SARIMA-W60,1,2009Q3,2009Q4,1994Q4,2009Q3,60,1,1,0,1,0,1,35666.599999999999,10.516377515833735,0.0015648972895903996,36915.157418464063,36944.052936513792,-1277.4529365137932,1277.4529365137932,1631886.0050077136,1789.29152542373,0.71394343423790263
SARIMA-W60,1,2009Q4,2010Q1,1995Q1,2009Q4,60,1,1,0,1,0,1,36374,10.446572629035913,0.0016155158807712993,34426.180984996536,34454.000240143847,1919.9997598561531,1919.9997598561531,3686399.0778476857,1843.8800000000001,1.0412823827234705
SARIMA-W60,1,2010Q1,2010Q2,1995Q2,2010Q1,60,1,1,0,1,0,1,36295.400000000001,10.461533500689649,0.0015816845979110367,34945.098712021296,34972.74570498876,1322.6542950112416,1322.6542950112416,1749414.3841116845,1928.0131147540999,0.68601934545447008
SARIMA-W60,1,2010Q2,2010Q3,1995Q3,2010Q2,60,1,1,0,1,0,1,38359.099999999999,10.54306398938947,0.0016081665376178271,37913.55539983794,37944.053315184545,415.04668481545377,415.04668481545377,172263.75057629863,2009.53225806452,0.20653895111651793
SARIMA-W60,1,2010Q3,2010Q4,1995Q4,2010Q3,60,1,1,0,1,0,1,43525.199999999997,10.710616233121023,0.0016117233969527771,44829.255647583675,44865.396387944595,-1340.1963879445975,1340.1963879445975,1796126.3582597461,2095.00317460318,0.6397109103180465
SARIMA-W60,1,2010Q4,2011Q1,1996Q1,2010Q4,60,1,1,0,1,0,1,42921.800000000003,10.671028751928077,0.0016220011324634778,43089.246850182994,43124.20642797956,-202.40642797955661,202.40642797955661,40968.362087443435,2185.0593749999998,0.092632003640430421
SARIMA-W60,1,2011Q1,2011Q2,1996Q2,2011Q1,60,1,1,0,1,0,1,42910.900000000001,10.654491291084842,0.001561964040494129,42382.519958463636,42415.632873136405,495.26712686359679,495.26712686359679,245289.52695172207,2252.1784615384599,0.21990580911837709
SARIMA-W60,1,2011Q2,2011Q3,1996Q3,2011Q2,60,1,1,0,1,0,1,44978.099999999999,10.714107085703974,0.0015646273847508196,44986.021434382397,45021.22838456004,-43.128384560041013,43.128384560041013,1860.0575547587841,2318.2893939393898,0.01860353788133173
SARIMA-W60,1,2011Q3,2011Q4,1996Q4,2011Q3,60,1,1,0,1,0,1,50415,10.857031880400003,0.0015568286529523032,51897.810449856101,51938.224176294163,-1523.224176294163,1523.224176294163,2320211.8912470313,2382.4791044776098,0.63934419128017927
SARIMA-W60,1,2011Q4,2012Q1,1997Q1,2011Q4,60,0,1,1,1,0,1,49318.800000000003,10.824277714510773,0.001519931264253254,50225.47838674637,50263.66253165852,-944.86253165851667,944.86253165851667,892765.20373214141,2448.76323529412,0.38585295550021992
SARIMA-W60,1,2012Q1,2012Q2,1997Q2,2012Q1,60,0,1,1,1,0,1,48902.800000000003,10.807826713403935,0.0015260773945265952,49405.978266967752,49443.691326693777,-540.89132669377432,540.89132669377432,292563.42729255132,2505.9840579710099,0.21583989130869066
SARIMA-W60,1,2012Q2,2012Q3,1997Q3,2012Q2,60,1,1,0,1,0,1,51200.400000000001,10.847026812357742,0.0015673459636947244,51381.158205284795,51421.440012566789,-221.04001256678748,221.04001256678748,48858.687155525571,2555.7828571428599,0.086486225521479054
SARIMA-W60,1,2012Q3,2012Q4,1997Q4,2012Q3,60,1,1,0,1,0,1,57744.699999999997,10.975160398402005,0.0015623493876474131,58405.211240299068,58450.853738368598,-706.1537383686009,706.1537383686009,498653.10221195046,2607.42394366197,0.27082429003733488
SARIMA-W60,1,2012Q4,2013Q1,1998Q1,2012Q4,60,1,1,0,1,0,1,55451,10.949266824905116,0.0015644744095486805,56912.30338256769,56956.839720402175,-1505.8397204021749,1505.8397204021749,2267553.2635409003,2673.01111111111,0.56334959257847284
SARIMA-W60,1,2013Q1,2013Q2,1998Q2,2013Q1,60,1,1,0,1,0,1,55313.300000000003,10.923480148968112,0.0015749560152027958,55463.484650084894,55507.17812603958,-193.87812603957718,193.87812603957718,37588.727756618173,2720.39726027397,0.071268313959429508
SARIMA-W60,1,2013Q2,2013Q3,1998Q3,2013Q2,60,1,1,0,1,0,1,58052.699999999997,10.966579290980455,0.001572525311568689,57906.174056737458,57951.721422687624,100.97857731237309,100.97857731237309,10196.673076030909,2770.2635135135101,0.036450892422252822
SARIMA-W60,1,2013Q3,2013Q4,1998Q4,2013Q3,60,1,1,0,1,0,1,65563,11.094446829195119,0.0015604929288319845,65804.718811011946,65856.082745864609,-293.08274586460902,293.08274586460902,85897.495923538998,2824.69066666667,0.10375746602032955
SARIMA-W60,1,2013Q4,2014Q1,1999Q1,2013Q4,60,1,1,0,1,0,1,62081.199999999997,11.066766523640656,0.0015446084532029479,64008.20284875884,64057.655748239667,-1976.4557482396704,1976.4557482396704,3906377.3247496351,2890.39605263158,0.68380101281974603
SARIMA-W60,1,2014Q1,2014Q2,1999Q2,2014Q1,60,1,1,0,1,0,1,62117.5,11.04005688048677,0.0015618526547483175,62321.196551880974,62369.883823133474,-252.38382313347392,252.38382313347392,63697.594179468651,2938.9649350649302,0.085875071227380279
SARIMA-W60,1,2014Q2,2014Q3,1999Q3,2014Q2,60,1,1,0,1,0,1,64952.099999999999,11.081972752652051,0.0015634929845912259,64988.964182274627,65039.788940511906,-87.688940511907276,87.688940511907276,7689.3502881008135,2988.51923076923,0.029341936169952829
SARIMA-W60,1,2014Q3,2014Q4,1999Q4,2014Q3,60,1,1,0,1,0,1,73243.300000000003,11.20510918599029,0.001562914249623965,73505.034980466211,73562.498463461103,-319.19846346109989,319.19846346109989,101887.65907592712,3038.0240506329101,0.10506778687107544
SARIMA-W60,1,2014Q4,2015Q1,2000Q1,2014Q4,60,1,1,0,1,0,1,70715.300000000003,11.167435538492043,0.0015596280479512885,70787.346254670862,70842.568748839476,-127.26874883947312,127.26874883947312,16197.334431164891,3096.0524999999998,0.041106779952689153
SARIMA-W60,1,2015Q1,2015Q2,2000Q2,2015Q1,60,1,1,0,1,0,1,70861.800000000003,11.16304868169467,0.0015544740982954617,70477.492442651608,70532.291454061356,329.50854593864642,329.50854593864642,108575.88184660106,3164.4234567901199,0.10412909347881283
SARIMA-W60,1,2015Q2,2015Q3,2000Q3,2015Q2,60,1,1,0,1,0,1,74502.800000000003,11.21253288565307,0.0015532741659425638,74052.744784993876,74110.27923149016,392.52076850984304,392.52076850984304,154072.55371155779,3232.4707317073198,0.12143057156236715
SARIMA-W60,1,2015Q3,2015Q4,2000Q4,2015Q3,60,1,1,0,1,0,1,84850.899999999994,11.33840037026669,0.0015530662173058479,83985.577803299646,84050.820713474677,800.079286525317,800.079286525317,640126.86472686031,3308.59397590361,0.24181851637047952
SARIMA-W60,1,2015Q4,2016Q1,2001Q1,2015Q4,60,1,1,0,1,0,1,78024.399999999994,11.311527095648769,0.0015506314015681824,81758.666522545172,81822.079879884477,-3797.6798798844829,3797.6798798844829,14422372.47007942,3407.3916666666701,1.1145416351856074
SARIMA-W60,1,2016Q1,2016Q2,2001Q2,2016Q1,60,1,1,0,1,0,1,78113.899999999994,11.279159049118402,0.0015755566806644348,79154.668706189303,79217.049607667577,-1103.149607667583,1103.149607667583,1216939.0568971424,3453.2941176470599,0.31944849470835868
SARIMA-W60,1,2016Q2,2016Q3,2001Q3,2016Q2,60,1,1,0,1,0,1,82343.5,11.311834859820356,0.0015713654278776158,81783.832783255639,81848.114176035975,495.38582396402489,495.38582396402489,245407.11458451586,3497.4662790697698,0.14164134388617577
SARIMA-W60,1,2016Q3,2016Q4,2001Q4,2016Q3,60,0,1,1,1,0,1,93834.199999999997,11.442956448875785,0.0014965447097129341,93242.270955556058,93312.067679438958,522.1323205610388,522.1323205610388,272622.16017445538,3547.3885057471298,0.14718780300357048
SARIMA-W60,1,2016Q4,2017Q1,2002Q1,2016Q4,60,0,1,1,1,0,1,85823.399999999994,11.3983015522183,0.0014558745122270329,89170.143839295532,89235.077740164677,-3411.6777401646832,3411.6777401646832,11639545.002735199,3609.16022727273,0.94528298144932321
SARIMA-W60,1,2017Q1,2017Q2,2002Q2,2017Q1,60,0,1,1,1,0,1,86545.300000000003,11.376614354815073,0.0014509661574845989,87257.112451853303,87320.438978821388,-775.13897882138554,775.13897882138554,600840.4364882604,3656.2370786516899,0.21200457250087115
SARIMA-W60,1,2017Q2,2017Q3,2002Q3,2017Q2,60,0,1,1,1,0,1,90809.699999999997,11.420908250353936,0.0014367601910106735,91208.944814006958,91274.491045228511,-464.79104522851412,464.79104522851412,216030.71572461465,3709.2944444444402,0.12530443516681466
SARIMA-W60,1,2017Q3,2017Q4,2002Q4,2017Q3,60,0,1,1,1,0,1,103083.2,11.543695301417282,0.0014379453168902492,103124.81208376463,103198.98266417482,-115.78266417482519,115.78266417482519,13405.625323420347,3761.56813186813,0.030780424577162544
SARIMA-W60,1,2017Q4,2018Q1,2003Q1,2017Q4,60,0,1,1,1,0,1,90275.399999999994,11.482093606044993,0.0014157537789739984,96963.85954458348,97032.522319399155,-6757.1223193991609,6757.1223193991609,45658702.039322294,3821.2141304347801,1.7683181545835882
SARIMA-W60,1,2018Q1,2018Q2,2003Q2,2018Q1,60,0,1,1,1,0,1,89742.5,11.445934318083104,0.0014916554061189945,93520.348076210415,93590.124159839092,-3847.6241598390916,3847.6241598390916,14804211.675377475,3827.9967741935502,1.0051273255447495
SARIMA-W60,1,2018Q2,2018Q3,2003Q3,2018Q2,60,0,1,1,1,0,1,94281.399999999994,11.47005358367112,0.0015261024352370999,95803.412429200253,95876.543237434074,-1595.1432374340802,1595.1432374340802,2544481.9479316785,3821.2861702127698,0.41743621555180788
SARIMA-W60,1,2018Q3,2018Q4,2003Q4,2018Q3,60,0,1,1,1,0,1,106687.60000000001,11.584199712893426,0.0015267418566348842,107387.56936666812,107469.57721240546,-781.97721240545798,781.97721240545798,611488.36072141072,3817.60631578947,0.20483442967160623
SARIMA-W60,1,2018Q4,2019Q1,2004Q1,2018Q4,60,0,1,1,1,0,1,97789.699999999997,11.490748591294905,0.0015182164920277354,97806.722540636372,97880.996617698023,-91.296617698026239,91.296617698026239,8335.0724030995571,3815.3854166666702,0.023928543968118422
SARIMA-W60,1,2019Q1,2019Q2,2004Q2,2019Q1,60,0,1,1,1,0,1,97420,11.490381820173809,0.0015152390199012896,97770.85643708703,97844.957612131926,-424.957612131926,424.957612131926,180588.97210886845,3853.5185567010299,0.1102778164628145
SARIMA-W60,1,2019Q2,2019Q3,2004Q3,2019Q2,60,0,1,1,1,0,1,101464.5,11.536070262428577,0.001515552509718931,102341.47166689335,102419.05299494161,-954.55299494160863,954.55299494160863,911171.42015199468,3892.5387755102001,0.24522632913695103
SARIMA-W60,1,2019Q3,2019Q4,2004Q4,2019Q3,60,0,1,1,1,0,1,114974.8,11.652548547267012,0.0014976121734692634,114984.03219965748,115070.16518727396,-95.365187273957417,95.365187273957417,9094.5189437969693,3925.7767676767699,0.024292055538958586
SARIMA-W60,1,2019Q4,2020Q1,2005Q1,2019Q4,60,0,1,1,1,0,1,78579.699999999997,11.558005495808134,0.001413794611736442,104611.15777447773,104685.13326352871,-26105.433263528714,26105.433263528714,681493645.87655139,3969.3910000000001,6.5766847517739402
SARIMA-W60,1,2020Q1,2020Q2,2005Q2,2020Q1,60,1,1,0,1,0,1,93676.5,11.35645787372443,0.0029569804527503321,85515.923189916633,85642.451158686526,8034.0488413134735,8034.0488413134735,64545940.784610368,4120.2881188118799,1.9498754964810956
SARIMA-W60,1,2020Q2,2020Q3,2005Q3,2020Q2,60,1,1,0,1,0,1,101067.8,11.375235499447479,0.0026413299969395344,87136.880424325718,87252.035075999651,13815.764924000352,13815.764924000352,190875360.43523845,4116.5941176470596,3.3561154024815765
SARIMA-W60,1,2020Q3,2020Q4,2005Q4,2020Q3,60,0,1,1,1,0,1,118656.60000000001,11.633102114325848,0.0030714925645064198,112769.60407644723,112942.92262925573,5713.6773707442771,5713.6773707442771,32646109.096955236,4080.4786407767001,1.4002468518391031
SARIMA-W60,1,2020Q4,2021Q1,2006Q1,2020Q4,60,0,1,1,1,0,1,105220.8,11.38335052868756,0.0019487445036494304,87846.875676661482,87932.512949246084,17288.287050753919,17288.287050753919,298884869.14926565,4076.6451923076902,4.2408122942304525
SARIMA-W60,1,2021Q1,2021Q2,2006Q2,2021Q1,60,0,1,1,1,0,1,106683.5,11.593147876882645,0.0022497586462937613,108352.80304188751,108474.75544764473,-1791.2554476447258,1791.2554476447258,3208596.0787169072,4291.54476190476,0.41739176614103279
SARIMA-W60,1,2021Q2,2021Q3,2006Q3,2021Q2,60,0,1,1,1,0,1,106152.89999999999,11.637313695132775,0.0022481117505203756,113245.54390260408,113372.9097913521,-7220.0097913521022,7220.0097913521022,52128541.387220226,4373.7660377358497,1.6507535448991817
SARIMA-W60,1,2021Q3,2021Q4,2006Q4,2021Q3,60,0,1,1,1,0,1,122766,11.728980701490521,0.0023248601428477005,124117.09350707963,124261.45483767038,-1495.4548376703751,1495.4548376703751,2236385.1715117279,4380.4140186915902,0.34139577475762456
SARIMA-W60,1,2021Q4,2022Q1,2007Q1,2021Q4,60,0,1,1,1,0,1,108659.10000000001,11.561698670964969,0.0023288073954388939,104998.21940675522,105120.55092950337,3538.549070496636,3538.549070496636,12521329.524312606,4377.9046296296301,0.8082745902109788
SARIMA-W60,1,2022Q1,2022Q2,2007Q2,2022Q1,60,0,1,1,1,0,1,101772.60000000001,11.625805340465979,0.0023499605357242383,111949.74457954614,112081.3606284073,-10308.760628407297,10308.760628407297,106270545.69380042,4369.2844036697197,2.3593704771767818
SARIMA-W60,1,2022Q2,2022Q3,2007Q3,2022Q2,60,0,1,1,1,0,1,109872.89999999999,11.60177251684509,0.0025085899940133103,109291.34844739563,109428.51804655664,444.38195344335691,444.38195344335691,197475.32054613382,4374.2081818181796,0.10159140465478382
SARIMA-W60,1,2022Q3,2022Q4,2007Q4,2022Q3,60,0,1,1,1,0,1,119427.89999999999,11.737582835664103,0.0024820842487769186,125189.37072282891,125344.83245274599,-5916.9324527459976,5916.9324527459976,35010089.650358766,4368.3144144144098,1.3545115784755586
SARIMA-W60,1,2022Q4,2023Q1,2008Q1,2022Q4,60,0,1,1,1,0,1,114922.39999999999,11.567995067230381,0.0025158671431642367,105661.41548494702,105794.41416091807,9127.9858390819281,9127.9858390819281,83320125.478480205,4359.1160714285697,2.0939992625822659
SARIMA-W60,1,2023Q1,2023Q2,2008Q2,2023Q1,60,0,1,1,1,0,1,112665.2,11.621459076275745,0.002645812552031235,111464.23724940546,111611.79156716121,1053.4084328387835,1053.4084328387835,1109669.3263758619,4375.9672566371701,0.24072584895169064
SARIMA-W60,1,2023Q2,2023Q3,2008Q3,2023Q2,60,0,1,1,1,0,1,114519.39999999999,11.673994788968612,0.0026479123175482018,117476.64054954762,117632.27747681539,-3112.8774768153962,3112.8774768153962,9690006.1856645867,4433.1307017543904,0.70218490864334082
SARIMA-W60,1,2023Q3,2023Q4,2008Q4,2023Q3,60,0,1,1,1,0,1,129388.2,11.771037704545533,0.0026620230280088959,129448.41028167056,129620.82232197678,-232.62232197678532,232.62232197678532,54113.144681871177,4434.98608695652,0.052451646389813332
SARIMA-W60,1,2023Q4,2024Q1,2009Q1,2023Q4,60,0,1,1,1,0,1,120326.8,11.668564056056919,0.0026592551088025964,116840.38552067048,116995.8430441261,3330.9569558739022,3330.9569558739022,11095274.241884733,4482.6181034482797,0.74308292140959864
SARIMA-W60,1,2024Q1,2024Q2,2009Q2,2024Q1,60,0,1,1,1,0,1,115642.2,11.680659683464411,0.0026779950413711685,118262.22497516527,118420.68386555315,-2778.4838655531494,2778.4838655531494,7719972.5911391713,4490.4965811965803,0.61874757397382718
SARIMA-W60,1,2024Q2,2024Q3,2009Q3,2024Q2,60,0,1,1,1,0,1,117595,11.702335721046857,0.0026702065833401996,120853.66603010942,121015.12591626577,-3420.1259162657661,3420.1259162657661,11697261.283112746,4477.67033898305,0.76381815929810748
SARIMA-W60,1,2024Q3,2024Q4,2009Q4,2024Q3,60,0,1,1,1,0,1,134330.79999999999,11.797914444003922,0.0026396771526661527,132974.73729397237,133150.3583521604,1180.4416478395869,1180.4416478395869,1393442.4839542394,4465.88823529412,0.26432404611259691
SARIMA-W60,1,2024Q4,2025Q1,2010Q1,2024Q4,60,0,1,1,1,0,1,124671.10000000001,11.714803784687135,0.0025674395119476595,122369.90989991026,122527.09944285973,2144.0005571402726,2144.0005571402726,4596738.3890177989,4469.8608333333304,0.47965711620185209
SARIMA-W60,1,2025Q1,2025Q2,2010Q2,2025Q1,60,0,1,1,1,0,1,120787.3,11.708330009336308,0.0025745991403554758,121580.27331623161,121736.88433083241,-949.58433083241107,949.58433083241107,901710.40136243787,4468.8231404958697,0.21249091784980403
SARIMA-W60,1,2025Q2,2025Q3,2010Q3,2025Q2,60,0,1,1,1,0,1,120418.8,11.732303594947417,0.0025647095751813011,124530.20737154143,124690.00171378635,-4271.201713786344,4271.201713786344,18243164.079851404,4474.3663934426204,0.95459364258724477
SARIMA-W60,1,2025Q3,2025Q4,2010Q4,2025Q3,60,0,1,1,1,0,1,135325.20000000001,11.830279974686629,0.0025745550672201445,137348.94009655635,137525.8601495816,-2200.6601495815848,2200.6601495815848,4842905.0939564435,4460.9471544715498,0.49331679425426372
SARIMA-W60,1,2025Q4,2026Q1,2011Q1,2025Q4,60,0,1,1,1,0,1,127694.89999999999,11.743028415877456,0.0025585955076149729,125872.95906124465,126034.09110098932,1660.8088990106771,1660.8088990106771,2758286.1990330573,4432.9911290322598,0.37464746728993309
SARIMA-W60,1,2026Q1,2026Q2,2011Q2,2026Q1,60,0,1,1,1,0,1,121027.2,11.728795539133406,0.0025645953376800803,124094.11382103972,124253.34148071967,-3226.1414807196707,3226.1414807196707,10407988.853620108,4421.7175999999999,0.72961273707748109
SARIMA-W60,2,2004Q3,2005Q1,1994Q1,2004Q3,43,0,1,0,1,0,0,15112.200000000001,9.6257921728078557,0.00076854521427918525,15150.550892351335,15156.373952791986,-44.173952791985357,44.173952791985357,1951.3381052685509,905.56153846153802,0.048780729874010172
SARIMA-W60,2,2004Q4,2005Q2,1994Q1,2004Q4,44,1,1,0,1,0,0,14497.5,9.593539037302909,0.00080447006981680495,14669.694370837207,14675.596222750786,-178.09622275078618,178.09622275078618,31718.26455809765,942.13499999999999,0.189034716628494
SARIMA-W60,2,2005Q1,2005Q3,1994Q1,2005Q1,45,0,1,0,1,0,0,15470.9,9.6504184203432946,0.00072950399717631141,15528.284095036615,15533.949100793216,-63.049100793215985,63.049100793215985,3975.1891108331083,974.80487804877998,0.064678688230836862
SARIMA-W60,2,2005Q2,2005Q4,1994Q1,2005Q2,46,1,1,0,1,0,0,22096,9.7998112779658193,0.00077403577940409526,18030.34188392662,18037.32129928533,4058.6787007146704,4058.6787007146704,16472872.795634925,1001.09285714286,4.0542479868433228
SARIMA-W60,2,2005Q3,2006Q1,1994Q1,2005Q3,47,0,1,0,1,0,0,18440.200000000001,9.780742887979839,0.00069966788794708235,17689.789504864446,17695.979076292955,744.22092370704559,744.22092370704559,553864.78328336822,1030.86511627907,0.72193821670222691
SARIMA-W60,2,2005Q4,2006Q2,1994Q1,2005Q4,48,0,1,0,1,0,0,18008,9.9374760888653864,0.0024236546673633117,20691.454933176239,20716.544602941322,-2708.5446029413215,2708.5446029413215,7336213.8661225606,1157.08863636364,2.3408272433246013
SARIMA-W60,2,2006Q1,2006Q3,1994Q1,2006Q1,49,1,1,0,1,0,0,18643.200000000001,9.8838746638697739,0.0017792703370633884,19611.56385551643,19629.018755527439,-985.81875552743804,985.81875552743804,971838.61874966661,1205.33111111111,0.81788211259118759
SARIMA-W60,2,2006Q2,2006Q4,1994Q1,2006Q2,50,0,1,1,1,0,0,21318.599999999999,10.212536434287353,0.0019695019502159366,27242.579042493388,27269.419412141047,-5950.8194121410488,5950.8194121410488,35412251.675914735,1255.4434782608701,4.7400138000513961
SARIMA-W60,2,2006Q3,2007Q1,1994Q1,2006Q3,51,1,1,0,1,0,0,21187.799999999999,10.010377071313464,0.001954080231885509,22256.226058683784,22277.981910812072,-1090.1819108120726,1090.1819108120726,1188496.5986618618,1296.22765957447,0.84104200582323729
SARIMA-W60,2,2006Q4,2007Q2,1994Q1,2006Q4,52,0,1,0,1,0,1,20856,9.8536664578949811,0.0033739026896271868,19027.992395324491,19060.118782892459,1795.8812171075406,1795.8812171075406,3225189.3459596615,1285.41875,1.3971176452090344
SARIMA-W60,2,2007Q1,2007Q3,1994Q1,2007Q1,53,1,1,0,1,0,1,21783.200000000001,9.9519856597390692,0.0025552191547842809,20993.867699237861,21020.706806976719,762.49319302328149,762.49319302328149,581395.86940683925,1315.25918367347,0.57972846910193498
SARIMA-W60,2,2007Q2,2007Q4,1994Q1,2007Q2,54,1,1,0,1,0,1,25383,10.18269589236,0.0026410908844919094,26441.655153351767,26476.595625713177,-1093.5956257131766,1093.5956257131766,1195951.3925789942,1345.914,0.81253009160553835
SARIMA-W60,2,2007Q3,2008Q1,1994Q1,2007Q3,55,1,1,0,1,0,1,25555.200000000001,10.119049014364299,0.0025538335221788836,24811.164551132842,24842.866579128222,712.3334208717788,712.3334208717788,507418.90249089076,1381.09215686275,0.51577544433377664
SARIMA-W60,2,2007Q4,2008Q2,1994Q1,2007Q4,56,1,1,0,1,0,1,25487.5,10.048789935789097,0.0026110611381856014,23127.783802615439,23157.997549558862,2329.5024504411376,2329.5024504411376,5426581.6666112645,1432.69423076923,1.625959259422997
SARIMA-W60,2,2008Q1,2008Q3,1994Q1,2008Q1,57,1,1,0,1,0,1,26843,10.143104148677351,0.002558888479202436,25415.2368383127,25447.775027644355,1395.2249723556451,1395.2249723556451,1946652.7234848107,1488.0660377358499,0.9376095797996532
SARIMA-W60,2,2008Q2,2008Q4,1994Q1,2008Q2,58,1,1,0,1,0,1,30602,10.372683213496993,0.0027445313922763162,31974.155457075616,32018.062613024154,-1416.0626130241544,1416.0626130241544,2005233.3240047961,1546.2777777777801,0.9157879867220472
SARIMA-W60,2,2008Q3,2009Q1,1994Q1,2008Q3,59,1,1,0,1,0,1,29398,10.333837500809652,0.0027031320869486241,30755.9115660957,30797.50831584962,-1399.50831584962,1399.50831584962,1958623.5261322397,1610.1600000000001,0.86917344602376156
SARIMA-W60,2,2008Q4,2009Q2,1994Q1,2008Q4,60,1,1,0,1,0,1,29313.200000000001,10.272559988946394,0.0027593133641970321,28927.847427028279,28967.785469088001,345.41453091199946,345.41453091199946,119311.19816515663,1674.6035714285699,0.20626644825397894
SARIMA-W60,2,2009Q1,2009Q3,1994Q2,2009Q1,60,1,1,0,1,0,1,30964.900000000001,10.29215017041814,0.0024073282716239423,29500.13652897767,29535.66616390317,1429.2338360968315,1429.2338360968315,2042709.3582440647,1712.6421052631599,0.83451985193206457
SARIMA-W60,2,2009Q2,2009Q4,1994Q3,2009Q2,60,1,1,0,1,0,1,35666.599999999999,10.50506551167711,0.0024342868851483877,36499.925981963279,36544.378674690561,-877.77867469056218,877.77867469056218,770495.4017415198,1749.07413793103,0.50185332665708593
SARIMA-W60,2,2009Q3,2010Q1,1994Q4,2009Q3,60,1,1,0,1,0,1,36374,10.466823938780447,0.0024427310595530275,35130.463491435308,35173.396841908892,1200.6031580911076,1200.6031580911076,1441447.9432183411,1789.29152542373,0.67099359776310763
SARIMA-W60,2,2009Q4,2010Q2,1995Q1,2009Q4,60,1,1,0,1,0,1,36295.400000000001,10.424347766728808,0.0024599407414080368,33669.503525156433,33710.941495402432,2584.4585045975691,2584.4585045975691,6679425.7619867036,1843.8800000000001,1.4016413782879411
SARIMA-W60,2,2010Q1,2010Q3,1995Q2,2010Q1,60,1,1,0,1,0,1,38359.099999999999,10.515421857518934,0.002330100433812243,36879.89599295579,36922.887962820882,1436.212037179117,1436.212037179117,2062705.0157381895,1928.0131147540999,0.74491818867232784
SARIMA-W60,2,2010Q2,2010Q4,1995Q3,2010Q2,60,1,1,0,1,0,1,43525.199999999997,10.702948771935025,0.0024058318958092946,44486.843463505786,44540.389596271729,-1015.1895962717317,1015.1895962717317,1030609.9163783616,2009.53225806452,0.50518701165290625
SARIMA-W60,2,2010Q3,2011Q1,1995Q4,2010Q3,60,1,1,0,1,0,1,42921.800000000003,10.688627773629198,0.0024103308094233448,43854.287679708221,43907.171210368084,-985.37121036808094,985.37121036808094,970956.42222225678,2095.00317460318,0.47034354043626814
SARIMA-W60,2,2010Q4,2011Q2,1996Q1,2010Q4,60,1,1,0,1,0,1,42910.900000000001,10.65754464697611,0.0023745937204454814,42512.126642438234,42562.631132900795,348.26886709920655,348.26886709920655,121291.20379056479,2185.0593749999998,0.15938645470410001
SARIMA-W60,2,2011Q1,2011Q3,1996Q2,2011Q1,60,1,1,0,1,0,1,44978.099999999999,10.705452960499834,0.002281901212138253,44598.386512315003,44649.300107861673,328.79989213832596,328.79989213832596,108109.36907017478,2252.1784615384599,0.14599193525442172
SARIMA-W60,2,2011Q2,2011Q4,1996Q3,2011Q2,60,1,1,0,1,0,1,50415,10.858039773652111,0.0022716310434555019,51950.144271830446,52009.183574581526,-1594.183574581526,1594.183574581526,2541421.2694655322,2318.2893939393898,0.68765512137920992
SARIMA-W60,2,2011Q3,2012Q1,1996Q4,2011Q3,60,1,1,0,1,0,1,49318.800000000003,10.84067315523693,0.0022701021748419668,51055.734852528905,51113.718620936757,-1794.9186209367545,1794.9186209367545,3221732.8557855003,2382.4791044776098,0.75338273379329979
SARIMA-W60,2,2011Q4,2012Q2,1997Q1,2011Q4,60,0,1,1,1,0,1,48902.800000000003,10.818913096608229,0.0020457769109343054,49956.759318249824,50007.88565444071,-1105.085654440707,1105.085654440707,1221214.3036506458,2448.76323529412,0.45128317777442278
SARIMA-W60,2,2012Q1,2012Q3,1997Q2,2012Q1,60,0,1,1,1,0,1,51200.400000000001,10.856485099305464,0.002066007663109003,51869.441464773336,51923.050480939455,-722.6504809394537,722.6504809394537,522223.71760202374,2505.9840579710099,0.2883699433924386
SARIMA-W60,2,2012Q2,2012Q4,1997Q3,2012Q2,60,1,1,0,1,0,1,57744.699999999997,10.97718841192437,0.0023035015191956291,58523.777985314904,58591.221622738885,-846.52162273888825,846.52162273888825,716598.85776448064,2555.7828571428599,0.33121813160810731
SARIMA-W60,2,2012Q3,2013Q1,1997Q4,2012Q3,60,1,1,0,1,0,1,55451,10.95704270666563,0.0022896700404412378,57356.571775103621,57422.273188575091,-1971.2731885750909,1971.2731885750909,3885917.983995006,2607.42394366197,0.7560232747600516
SARIMA-W60,2,2012Q4,2013Q2,1998Q1,2012Q4,60,1,1,0,1,0,1,55313.300000000003,10.941259605670455,0.0022974251024664369,56458.413714387891,56523.30546669387,-1210.0054666938668,1210.0054666938668,1464113.2294290422,2673.01111111111,0.4526750605952008
SARIMA-W60,2,2013Q1,2013Q3,1998Q2,2013Q1,60,1,1,0,1,0,1,58052.699999999997,10.968415065682896,0.0023188208374395219,58012.574379815298,58079.873769235761,-27.173769235763757,27.173769235763757,738.41373447854085,2720.39726027397,0.0099888974425106931
SARIMA-W60,2,2013Q2,2013Q4,1998Q3,2013Q2,60,1,1,0,1,0,1,65563,11.092460312369139,0.0023155424191713255,65674.126384836825,65750.206030493282,-187.20603049328201,187.20603049328201,35046.097853051637,2770.2635135135101,0.067576975829223423
SARIMA-W60,2,2013Q3,2014Q1,1998Q4,2013Q3,60,1,1,0,1,0,1,62081.199999999997,11.069119465063235,0.0022838615738651632,64158.987725050923,64232.294696170131,-2151.0946961701338,2151.0946961701338,4627208.3918912802,2824.69066666667,0.76153283669414107
SARIMA-W60,2,2013Q4,2014Q2,1999Q1,2013Q4,60,1,1,0,1,0,1,62117.5,11.060815577120186,0.0022615399744594349,63628.424597546611,63700.414404702111,-1582.9144047021109,1582.9144047021109,2505618.0126134381,2890.39605263158,0.54764619653453239
SARIMA-W60,2,2014Q1,2014Q3,1999Q2,2014Q1,60,1,1,0,1,0,1,64952.099999999999,11.084213142227057,0.0022877931602753058,65134.728003021308,65209.278026261389,-257.17802626139019,257.17802626139019,66140.537191704294,2938.9649350649302,0.087506326868002721
SARIMA-W60,2,2014Q2,2014Q4,1999Q3,2014Q2,60,1,1,0,1,0,1,73243.300000000003,11.205533939354082,0.002294077589653225,73536.263122989563,73620.660463876833,-377.36046387683018,377.36046387683018,142400.91969733645,2988.51923076923,0.12627004704925371
SARIMA-W60,2,2014Q3,2015Q1,1999Q4,2014Q3,60,1,1,0,1,0,1,70715.300000000003,11.169765727659513,0.002292368750141056,70952.486491379837,71033.857747091199,-318.55774709119578,318.55774709119578,101479.03823181825,3038.0240506329101,0.10485688782642481
SARIMA-W60,2,2014Q4,2015Q2,2000Q1,2014Q4,60,1,1,0,1,0,1,70861.800000000003,11.16379770466772,0.0022844710225915807,70530.301478695721,70610.909721701755,250.89027829824772,250.89027829824772,62945.93174457219,3096.0524999999998,0.081035537445908218
SARIMA-W60,2,2015Q1,2015Q3,2000Q2,2015Q1,60,1,1,0,1,0,1,74502.800000000003,11.20879685797304,0.0022762397439235887,73776.5978481973,73860.612260461392,642.18773953861091,642.18773953861091,412405.0928137108,3164.4234567901199,0.20293988725201262
SARIMA-W60,2,2015Q2,2015Q4,2000Q3,2015Q2,60,1,1,0,1,0,1,84850.899999999994,11.334178353474631,0.0022765655601484857,83631.736770528092,83726.987537230831,1123.9124627691635,1123.9124627691635,1263179.2239678465,3232.4707317073198,0.3476945519551658
SARIMA-W60,2,2015Q3,2016Q1,2000Q4,2015Q3,60,1,1,0,1,0,1,78024.399999999994,11.304297376442545,0.0022783307680029662,81169.705896242856,81262.224302307164,-3237.82430230717,3237.82430230717,10483506.212610912,3308.59397590361,0.97861034804758351
SARIMA-W60,2,2015Q4,2016Q2,2001Q1,2015Q4,60,1,1,0,1,0,1,78113.899999999994,11.310607891228406,0.0022736334112282769,81683.548124745503,81776.460148791841,-3662.5601487918466,3662.5601487918466,13414346.843518153,3407.3916666666701,1.0748867483070412
SARIMA-W60,2,2016Q1,2016Q3,2001Q2,2016Q1,60,1,1,0,1,0,1,82343.5,11.32068470000725,0.0022910171078923914,82510.818743272306,82605.389747541791,-261.88974754179071,261.88974754179071,68586.239867502867,3453.2941176470599,0.075837660685627376
SARIMA-W60,2,2016Q2,2016Q4,2001Q3,2016Q2,60,1,1,0,1,0,1,93834.199999999997,11.435441376858513,0.0023036544065588053,92544.174980521901,92650.831291798168,1183.3687082018296,1183.3687082018296,1400361.4995512669,3497.4662790697698,0.33835028382791821
SARIMA-W60,2,2016Q3,2017Q1,2001Q4,2016Q3,60,0,1,1,1,0,1,85823.399999999994,11.393293053279455,0.0019866795551100537,88724.651822911328,88812.829336682116,-2989.4293366821221,2989.4293366821221,8936687.7590157129,3547.3885057471298,0.8427126974784247
SARIMA-W60,2,2016Q4,2017Q2,2002Q1,2016Q4,60,0,1,1,1,0,1,86545.300000000003,11.397009865465224,0.0018913397946708967,89055.038301881417,89139.294803949248,-2593.9948039492447,2593.9948039492447,6728809.0429156804,3609.16022727273,0.71872531021140129
SARIMA-W60,2,2017Q1,2017Q3,2002Q2,2017Q1,60,0,1,1,1,0,1,90809.699999999997,11.4251059603261,0.0018622856549176938,91592.618222665202,91677.94375113344,-868.24375113344286,868.24375113344286,753847.21138227184,3656.2370786516899,0.2374692156050299
SARIMA-W60,2,2017Q2,2017Q4,2002Q3,2017Q2,60,0,1,1,1,0,1,103083.2,11.546119226610402,0.0018368285850034747,103375.0821091835,103470.06687308691,-386.86687308691035,386.86687308691035,149665.9774920436,3709.2944444444402,0.10429661998559765
SARIMA-W60,2,2017Q3,2018Q1,2002Q4,2017Q3,60,0,1,1,1,0,1,90275.399999999994,11.481919766854482,0.0018448366051453191,96947.004890773562,97036.471839096048,-6761.0718390960537,6761.0718390960537,45712092.413417697,3761.56813186813,1.7974077836889431
SARIMA-W60,2,2017Q4,2018Q2,2003Q1,2017Q4,60,0,1,1,1,0,1,89742.5,11.484057134001956,0.0017995177295075664,97154.437835284945,97241.892740240452,-7499.3927402404515,7499.3927402404515,56240891.472371191,3821.2141304347801,1.9625680436252249
SARIMA-W60,2,2018Q1,2018Q3,2003Q2,2018Q1,60,0,1,1,1,0,1,94281.399999999994,11.493809304484989,0.0018946558165356669,98106.539459137784,98199.522557739328,-3918.1225577393343,3918.1225577393343,15351684.377465824,3827.9967741935502,1.0235438504424474
SARIMA-W60,2,2018Q2,2018Q4,2003Q3,2018Q2,60,0,1,1,1,0,1,106687.60000000001,11.593666410708133,0.0019880028803554461,108409.00220467542,108516.81448289815,-1829.21448289814,1829.21448289814,3346025.6244443096,3821.2861702127698,0.47869078666680676
SARIMA-W60,2,2018Q3,2019Q1,2003Q4,2018Q3,60,0,1,1,1,0,1,97789.699999999997,11.495546198494292,0.0020099343877986297,98277.08818945587,98375.903083545127,-586.20308354512963,586.20308354512963,343634.05515781825,3817.60631578947,0.15355252350684162
SARIMA-W60,2,2018Q4,2019Q2,2004Q1,2018Q4,60,0,1,1,1,0,1,97420,11.490428884892181,0.0020039165886298329,97775.458103197394,97873.474130209986,-453.47413020998647,453.47413020998647,205638.78676970376,3815.3854166666702,0.1188540817473078
SARIMA-W60,2,2019Q1,2019Q3,2004Q2,2019Q1,60,0,1,1,1,0,1,101464.5,11.538151499030747,0.0019995729477009978,102554.69028587958,102657.27435059242,-1192.7743505924154,1192.7743505924154,1422710.6514311584,3853.5185567010299,0.30952863805943137
SARIMA-W60,2,2019Q2,2019Q4,2004Q3,2019Q2,60,0,1,1,1,0,1,114974.8,11.658149648918963,0.0020001248340850535,115629.8764836323,115745.57141882656,-770.77141882655269,770.77141882655269,594088.58007989707,3892.5387755102001,0.19801252171868902
SARIMA-W60,2,2019Q3,2020Q1,2004Q4,2019Q3,60,0,1,1,1,0,1,78579.699999999997,11.562827478606248,0.0020091618186647065,105116.80911903671,105222.46051753155,-26642.760517531555,26642.760517531555,709836687.99453831,3925.7767676767699,6.7866213730992246
SARIMA-W60,2,2019Q4,2020Q2,2005Q1,2019Q4,60,0,1,1,1,0,1,93676.5,11.555337939572087,0.0017864774615432087,104332.4734964447,104425.70893720312,-10749.208937203119,10749.208937203119,115545492.7756474,3969.3910000000001,2.7080247164371358
SARIMA-W60,2,2020Q1,2020Q3,2005Q2,2020Q1,60,1,1,0,1,0,1,101067.8,11.3719179490418,0.0043984973642820467,86848.278421869007,87039.489567094919,14028.310432905084,14028.310432905084,196793493.60195363,4120.2881188118799,3.4046916206797371
SARIMA-W60,2,2020Q2,2020Q4,2005Q3,2020Q2,60,1,1,0,1,0,1,118656.60000000001,11.565463328742325,0.0029897935453001715,105394.24675604413,105551.91809720258,13104.681902797427,13104.681902797427,171732687.7735064,4116.5941176470596,3.1833796406160464
SARIMA-W60,2,2020Q3,2021Q1,2005Q4,2020Q3,60,0,1,1,1,0,1,105220.8,11.558388648068668,0.0045050196437162911,104651.24745579169,104887.241107783,333.55889221699908,333.55889221699908,111261.53457703161,4080.4786407767001,0.081745040614526462
SARIMA-W60,2,2020Q4,2021Q2,2006Q1,2020Q4,60,0,1,1,1,0,1,106683.5,11.490504229249421,0.0024342213502953256,97782.825209773524,97901.910185279296,8781.5898147207045,8781.5898147207045,77116319.674006417,4076.6451923076902,2.1541216859615049
SARIMA-W60,2,2021Q1,2021Q3,2006Q2,2021Q1,60,0,1,1,1,0,1,106152.89999999999,11.647736140287405,0.0031673375857071756,114432.0115798637,114613.37755942161,-8460.4775594216189,8460.4775594216189,71579680.5334768,4291.54476190476,1.9714294103427967
SARIMA-W60,2,2021Q2,2021Q4,2006Q3,2021Q2,60,0,1,1,1,0,1,122766,11.769201390686634,0.0031218901100606806,129210.92049149002,129412.76913522388,-6646.7691352238762,6646.7691352238762,44179539.936964758,4373.7660377358497,1.519690142974516
SARIMA-W60,2,2021Q3,2022Q1,2006Q4,2021Q3,60,0,1,1,1,0,1,108659.10000000001,11.568202005943235,0.0031811157460538216,105683.28318482457,105851.51231655988,2807.5876834401279,2807.5876834401279,7882548.6002047034,4380.4140186915902,0.6409411693643382
SARIMA-W60,2,2021Q4,2022Q2,2007Q1,2021Q4,60,0,1,1,1,0,1,101772.60000000001,11.605050811216735,0.0032019562043019618,109650.2255909294,109825.91379995804,-8053.3137999580358,8053.3137999580358,64855863.160594538,4377.9046296296301,1.8395361437189062
SARIMA-W60,2,2022Q1,2022Q3,2007Q2,2022Q1,60,0,1,1,1,0,1,109872.89999999999,11.658289005234444,0.0032207335790122508,115645.99136000739,115832.37385564517,-5959.4738556451775,5959.4738556451775,35515328.636118397,4369.2844036697197,1.3639473435603948
SARIMA-W60,2,2022Q2,2022Q4,2007Q3,2022Q2,60,0,1,1,1,0,1,119427.89999999999,11.734484544813611,0.0033829495727018756,124802.09789267177,125013.37613007297,-5585.4761300729733,5585.4761300729733,31197543.599614959,4374.2081818181796,1.2769113626757744
SARIMA-W60,2,2022Q3,2023Q1,2007Q4,2022Q3,60,0,1,1,1,0,1,114922.39999999999,11.595445845868044,0.0033159880910749603,108602.08072926007,108782.29168550586,6140.1083144941367,6140.1083144941367,37700930.11372003,4368.3144144144098,1.4056012759139369
SARIMA-W60,2,2022Q4,2023Q2,2008Q1,2022Q4,60,0,1,1,1,0,1,112665.2,11.572983730207477,0.003397240870986285,106189.84165060802,106370.37116783405,6294.8288321659493,6294.8288321659493,39624870.02626773,4359.1160714285697,1.4440608437625309
SARIMA-W60,2,2023Q1,2023Q3,2008Q2,2023Q1,60,0,1,1,1,0,1,114519.39999999999,11.667625657671815,0.0034870261162785812,116730.79411982183,116934.49330815306,-2415.0933081530675,2415.0933081530675,5832675.6870857272,4375.9672566371701,0.55189930968747947
SARIMA-W60,2,2023Q2,2023Q4,2008Q3,2023Q2,60,0,1,1,1,0,1,129388.2,11.786021705473319,0.0035047456029113702,131402.6701330333,131633.13847246076,-2244.9384724607662,2244.9384724607662,5039748.7451344784,4433.1307017543904,0.50640024476885881
SARIMA-W60,2,2023Q3,2024Q1,2008Q4,2023Q3,60,0,1,1,1,0,1,120326.8,11.668060819688989,0.0035062487048338363,116781.60198168142,116986.51421786327,3340.2857821367361,3340.2857821367361,11157509.106344827,4434.98608695652,0.75316713889151909
SARIMA-W60,2,2023Q4,2024Q2,2009Q1,2023Q4,60,0,1,1,1,0,1,115642.2,11.664632218847133,0.0035109699930717629,116381.89010062085,116586.37619618322,-944.17619618322351,944.17619618322351,891468.68943902093,4482.6181034482797,0.21063052314380976
SARIMA-W60,2,2024Q1,2024Q3,2009Q2,2024Q1,60,0,1,1,1,0,1,117595,11.714936456272625,0.0035144035054787896,122386.14598688285,122601.3921972453,-5006.3921972452954,5006.3921972452954,25063962.832638577,4490.4965811965803,1.1148860948272328
SARIMA-W60,2,2024Q2,2024Q4,2009Q3,2024Q2,60,0,1,1,1,0,1,134330.79999999999,11.812865833962277,0.0034396167387128196,134977.83165346205,135210.1673872213,-879.36738722131122,879.36738722131122,773287.00170843548,4477.67033898305,0.1963894884278215
SARIMA-W60,2,2024Q3,2025Q1,2009Q4,2024Q3,60,0,1,1,1,0,1,124671.10000000001,11.712051952430308,0.0033379409776839236,122033.63133788783,122237.47192188066,2433.6280781193491,2433.6280781193491,5922545.6226108763,4465.88823529412,0.54493707632140775
SARIMA-W60,2,2024Q4,2025Q2,2010Q1,2024Q4,60,0,1,1,1,0,1,120787.3,11.699438027520788,0.003214866130341121,120503.97603635244,120697.83387692783,89.466123072168557,89.466123072168557,8004.1871775644113,4469.8608333333304,0.020015415783191298
SARIMA-W60,2,2025Q1,2025Q3,2010Q2,2025Q1,60,0,1,1,1,0,1,120418.8,11.735816204490755,0.0032047804872489655,124968.40252006566,125168.81119259422,-4750.0111925942183,4750.0111925942183,22562606.329770349,4468.8231404958697,1.062922170615852
SARIMA-W60,2,2025Q2,2025Q4,2010Q3,2025Q2,60,0,1,1,1,0,1,135325.20000000001,11.847352609072118,0.0031667902988837511,139713.97961605623,139935.37728743278,-4610.1772874327726,4610.1772874327726,21253734.621560998,4474.3663934426204,1.0303531007628675
SARIMA-W60,2,2025Q3,2026Q1,2010Q4,2025Q3,60,0,1,1,1,0,1,127694.89999999999,11.750922270698972,0.0031542919105902864,126870.51402300756,127070.76521221315,624.1347877868393,624.1347877868393,389544.23332572292,4460.9471544715498,0.1399108230101361
SARIMA-W60,2,2025Q4,2026Q2,2011Q1,2025Q4,60,0,1,1,1,0,1,121027.2,11.72210353185411,0.0031365983207262069,123266.44757109272,123459.91790734799,-2432.7179073479929,2432.7179073479929,5918116.4167315979,4432.9911290322598,0.54877572197602509
