yyyym,value,dt_name,unit
199401,,1994年1月,
199402,,1994年2月,
199403,,1994年3月,
199404,,1994年4月,
199405,,1994年5月,
199406,,1994年6月,
199407,,1994年7月,
199408,,1994年8月,
199409,,1994年9月,
199410,,1994年10月,
199411,,1994年11月,
199412,,1994年12月,
199501,,1995年1月,
199502,,1995年2月,
199503,,1995年3月,
199504,,1995年4月,
199505,,1995年5月,
199506,,1995年6月,
199507,,1995年7月,
199508,,1995年8月,
199509,,1995年9月,
199510,,1995年10月,
199511,,1995年11月,
199512,,1995年12月,
199601,,1996年1月,
199602,,1996年2月,
199603,,1996年3月,
199604,,1996年4月,
199605,,1996年5月,
199606,,1996年6月,
199607,,1996年7月,
199608,,1996年8月,
199609,,1996年9月,
199610,,1996年10月,
199611,,1996年11月,
199612,,1996年12月,
199701,,1997年1月,
199702,,1997年2月,
199703,,1997年3月,
199704,,1997年4月,
199705,,1997年5月,
199706,,1997年6月,
199707,,1997年7月,
199708,,1997年8月,
199709,,1997年9月,
199710,,1997年10月,
199711,,1997年11月,
199712,,1997年12月,
199801,,1998年1月,
199802,,1998年2月,
199803,,1998年3月,
199804,,1998年4月,
199805,,1998年5月,
199806,,1998年6月,
199807,,1998年7月,
199808,,1998年8月,
199809,,1998年9月,
199810,,1998年10月,
199811,,1998年11月,
199812,,1998年12月,
199901,,1999年1月,
199902,,1999年2月,
199903,,1999年3月,
199904,,1999年4月,
199905,,1999年5月,
199906,,1999年6月,
199907,,1999年7月,
199908,,1999年8月,
199909,,1999年9月,
199910,,1999年10月,
199911,,1999年11月,
199912,,1999年12月,
200001,2962.9,2000年1月,亿元
200002,5767.8,2000年2月,亿元
200003,8394.4,2000年3月,亿元
200004,10965.9,2000年4月,亿元
200005,13602.8,2000年5月,亿元
200006,16248.0,2000年6月,亿元
200007,18844.9,2000年7月,亿元
200008,21481.2,2000年8月,亿元
200009,24335.5,2000年9月,亿元
200010,27364.8,2000年10月,亿元
200011,30472.6,2000年11月,亿元
200012,34152.6,2000年12月,亿元
200101,3332.8,2001年1月,亿元
200102,6379.9,2001年2月,亿元
200103,9256.0,2001年3月,亿元
200104,12076.9,2001年4月,亿元
200105,15006.5,2001年5月,亿元
200106,17915.2,2001年6月,亿元
200107,20766.6,2001年7月,亿元
200108,23656.0,2001年8月,亿元
200109,26792.9,2001年9月,亿元
200110,30140.2,2001年10月,亿元
200111,33561.9,2001年11月,亿元
200112,37595.2,2001年12月,亿元
200201,3596.1,2002年1月,亿元
200202,6920.5,2002年2月,亿元
200203,10035.3,2002年3月,亿元
200204,13087.5,2002年4月,亿元
200205,16289.6,2002年5月,亿元
200206,19448.4,2002年6月,亿元
200207,22545.0,2002年7月,亿元
200208,25688.7,2002年8月,亿元
200209,29111.1,2002年9月,亿元
200210,32773.0,2002年10月,亿元
200211,36506.1,2002年11月,亿元
200212,40910.5,2002年12月,亿元
200301,3907.4,2003年1月,亿元
200302,7613.8,2003年2月,亿元
200303,11108.6,2003年3月,亿元
200304,14515.5,2003年4月,亿元
200305,17978.8,2003年5月,亿元
200306,21555.7,2003年6月,亿元
200307,25117.8,2003年7月,亿元
200308,28727.4,2003年8月,亿元
200309,32699.2,2003年9月,亿元
200310,36903.6,2003年10月,亿元
200311,41106.3,2003年11月,亿元
200312,45842.0,2003年12月,亿元
200401,4569.4,2004年1月,亿元
200402,8780.8,2004年2月,亿元
200403,12830.6,2004年3月,亿元
200404,16832.4,2004年4月,亿元
200405,20998.5,2004年5月,亿元
200406,25249.2,2004年6月,亿元
200407,29458.4,2004年7月,亿元
200408,33721.1,2004年8月,亿元
200409,38438.8,2004年9月,亿元
200410,43422.0,2004年10月,亿元
200411,48387.6,2004年11月,亿元
200412,53950.1,2004年12月,亿元
200501,5300.9,2005年1月,亿元
200502,10313.1,2005年2月,亿元
200503,15112.2,2005年3月,亿元
200504,19775.5,2005年4月,亿元
200505,24674.7,2005年5月,亿元
200506,29609.7,2005年6月,亿元
200507,34544.6,2005年7月,亿元
200508,39585.4,2005年8月,亿元
200509,45080.6,2005年9月,亿元
200510,50927.2,2005年10月,亿元
200511,56836.2,2005年11月,亿元
200512,67176.6,2005年12月,亿元
200601,6641.6,2006年1月,亿元
200602,12643.5,2006年2月,亿元
200603,18440.2,2006年3月,亿元
200604,24214.8,2006年4月,亿元
200605,30390.4,2006年5月,亿元
200606,36448.2,2006年6月,亿元
200607,42460.4,2006年7月,亿元
200608,48537.8,2006年8月,亿元
200609,55091.4,2006年9月,亿元
200610,62089.1,2006年10月,亿元
200611,68910.8,2006年11月,亿元
200612,76410.0,2006年12月,亿元
200701,7488.3,2007年1月,亿元
200702,14502.0,2007年2月,亿元
200703,21187.8,2007年3月,亿元
200704,27860.3,2007年4月,亿元
200705,35017.8,2007年5月,亿元
200706,42043.8,2007年6月,亿元
200707,49042.0,2007年7月,亿元
200708,56158.6,2007年8月,亿元
200709,63827.0,2007年9月,亿元
200710,72090.0,2007年10月,亿元
200711,80194.7,2007年11月,亿元
200712,89210.0,2007年12月,亿元
200801,9077.3,2008年1月,亿元
200802,17432.0,2008年2月,亿元
200803,25555.2,2008年3月,亿元
200804,33697.2,2008年4月,亿元
200805,42400.7,2008年5月,亿元
200806,51042.7,2008年6月,亿元
200807,59671.5,2008年7月,亿元
200808,68439.2,2008年8月,亿元
200809,77885.7,2008年9月,亿元
200810,87968.4,2008年10月,亿元
200811,97759.2,2008年11月,亿元
200812,108487.7,2008年12月,亿元
200901,10756.6,2009年1月,亿元
200902,20080.4,2009年2月,亿元
200903,29398.0,2009年3月,亿元
200904,38741.2,2009年4月,亿元
200905,48769.6,2009年5月,亿元
200906,58711.2,2009年6月,亿元
200907,68647.7,2009年7月,亿元
200908,78763.3,2009年8月,亿元
200909,89676.1,2009年9月,亿元
200910,101393.7,2009年10月,亿元
200911,112732.7,2009年11月,亿元
200912,125342.7,2009年12月,亿元
201001,12718.1,2010年1月,亿元
201002,25052.3,2010年2月,亿元
201003,36374.0,2010年3月,亿元
201004,47884.4,2010年4月,亿元
201005,60339.5,2010年5月,亿元
201006,72669.4,2010年6月,亿元
201007,84922.2,2010年7月,亿元
201008,97492.0,2010年8月,亿元
201009,111028.5,2010年9月,亿元
201010,125313.3,2010年10月,亿元
201011,139224.2,2010年11月,亿元
201012,154553.7,2010年12月,亿元
201101,15249.0,2011年1月,亿元
201102,29018.1,2011年2月,亿元
201103,42921.8,2011年3月,亿元
201104,56570.8,2011年4月,亿元
201105,71267.6,2011年5月,亿元
201106,85832.7,2011年6月,亿元
201107,100240.7,2011年7月,亿元
201108,114945.7,2011年8月,亿元
201109,130810.8,2011年9月,亿元
201110,147357.2,2011年10月,亿元
201111,163486.1,2011年11月,亿元
201112,181225.8,2011年12月,亿元
201201,,2012年1月,
201202,33668.6,2012年2月,亿元
201203,49318.8,2012年3月,亿元
201204,64921.9,2012年4月,亿元
201205,81636.7,2012年5月,亿元
201206,98221.6,2012年6月,亿元
201207,114536.5,2012年7月,亿元
201208,131195.4,2012年8月,亿元
201209,149422.0,2012年9月,亿元
201210,168355.8,2012年10月,亿元
201211,186832.5,2012年11月,亿元
201212,207166.7,2012年12月,亿元
201301,,2013年1月,
201302,37809.8,2013年2月,亿元
201303,55451.0,2013年3月,亿元
201304,73051.3,2013年4月,亿元
201305,91937.6,2013年5月,亿元
201306,110764.3,2013年6月,亿元
201307,129277.5,2013年7月,亿元
201308,148163.7,2013年8月,亿元
201309,168817.0,2013年9月,亿元
201310,190308.3,2013年10月,亿元
201311,211320.2,2013年11月,亿元
201312,234380.0,2013年12月,亿元
201401,,2014年1月,
201402,42280.7,2014年2月,亿元
201403,62081.2,2014年3月,亿元
201404,81782.4,2014年4月,亿元
201405,103032.2,2014年5月,亿元
201406,124198.7,2014年6月,亿元
201407,144974.5,2014年7月,亿元
201408,166108.4,2014年8月,亿元
201409,189150.8,2014年9月,亿元
201410,213118.1,2014年10月,亿元
201411,236592.8,2014年11月,亿元
201412,262394.1,2014年12月,亿元
201501,,2015年1月,
201502,47992.5,2015年2月,亿元
201503,70715.3,2015年3月,亿元
201504,93102.0,2015年4月,亿元
201505,117296.9,2015年5月,亿元
201506,141577.1,2015年6月,亿元
201507,165915.9,2015年7月,亿元
201508,190809.3,2015年8月,亿元
201509,216079.9,2015年9月,亿元
201510,244358.8,2015年10月,亿元
201511,272296.1,2015年11月,亿元
201512,300930.8,2015年12月,亿元
201601,,2016年1月,
201602,52910.3,2016年2月,亿元
201603,78024.4,2016年3月,亿元
201604,102670.2,2016年4月,亿元
201605,129280.9,2016年5月,亿元
201606,156138.3,2016年6月,亿元
201607,182965.8,2016年7月,亿元
201608,210505.4,2016年8月,亿元
201609,238481.8,2016年9月,亿元
201610,269601.0,2016年10月,亿元
201611,300559.5,2016年11月,亿元
201612,332316.0,2016年12月,亿元
201701,,2017年1月,
201702,57959.7,2017年2月,亿元
201703,85823.4,2017年3月,亿元
201704,113101.9,2017年4月,亿元
201705,142561.1,2017年5月,亿元
201706,172368.7,2017年6月,亿元
201707,201978.5,2017年7月,亿元
201708,232308.2,2017年8月,亿元
201709,263178.4,2017年9月,亿元
201710,297419.4,2017年10月,亿元
201711,331527.5,2017年11月,亿元
201712,366261.6,2017年12月,亿元
201801,,2018年1月,
201802,61081.8,2018年2月,亿元
201803,90275.4,2018年3月,亿元
201804,118817.3,2018年4月,亿元
201805,149176.4,2018年5月,亿元
201806,180017.9,2018年6月,亿元
201807,210751.6,2018年7月,亿元
201808,242293.9,2018年8月,亿元
201809,274299.3,2018年9月,亿元
201810,309833.7,2018年10月,亿元
201811,345093.4,2018年11月,亿元
201812,380986.9,2018年12月,亿元
201901,,2019年1月,
201902,66064.0,2019年2月,亿元
201903,97789.7,2019年3月,亿元
201904,128375.8,2019年4月,亿元
201905,161331.6,2019年5月,亿元
201906,195209.7,2019年6月,亿元
201907,228282.9,2019年7月,亿元
201908,262179.3,2019年8月,亿元
201909,296674.2,2019年9月,亿元
201910,334778.5,2019年10月,亿元
201911,372872.3,2019年11月,亿元
201912,411649.0,2019年12月,亿元
202001,,2020年1月,
202002,52129.8,2020年2月,亿元
202003,78579.7,2020年3月,亿元
202004,106757.5,2020年4月,亿元
202005,138730.3,2020年5月,亿元
202006,172256.2,2020年6月,亿元
202007,204458.7,2020年7月,亿元
202008,238029.4,2020年8月,亿元
202009,273324.0,2020年9月,亿元
202010,311900.5,2020年10月,亿元
202011,351414.7,2020年11月,亿元
202012,391980.6,2020年12月,亿元
202101,,2021年1月,
202102,69736.8,2021年2月,亿元
202103,105220.8,2021年3月,亿元
202104,138373.4,2021年4月,亿元
202105,174318.5,2021年5月,亿元
202106,211904.3,2021年6月,亿元
202107,246829.4,2021年7月,亿元
202108,281224.2,2021年8月,亿元
202109,318057.2,2021年9月,亿元
202110,358511.1,2021年10月,亿元
202111,399554.3,2021年11月,亿元
202112,440823.2,2021年12月,亿元
202201,,2022年1月,
202202,74426.0,2022年2月,亿元
202203,108659.1,2022年3月,亿元
202204,138142.2,2022年4月,亿元
202205,171689.3,2022年5月,亿元
202206,210431.7,2022年6月,亿元
202207,246301.8,2022年7月,亿元
202208,282559.7,2022年8月,亿元
202209,320304.6,2022年9月,亿元
202210,360575.1,2022年10月,亿元
202211,399190.2,2022年11月,亿元
202212,439732.5,2022年12月,亿元
202301,,2023年1月,
202302,77067.0,2023年2月,亿元
202303,114922.4,2023年3月,亿元
202304,149832.9,2023年4月,亿元
202305,187636.3,2023年5月,亿元
202306,227587.6,2023年6月,亿元
202307,264348.4,2023年7月,亿元
202308,302281.0,2023年8月,亿元
202309,342107.0,2023年9月,亿元
202310,385440.0,2023年10月,亿元
202311,427945.0,2023年11月,亿元
202312,471495.2,2023年12月,亿元
202401,,2024年1月,
202402,81306.9,2024年2月,亿元
202403,120326.8,2024年3月,亿元
202404,156025.8,2024年4月,亿元
202405,195236.9,2024年5月,亿元
202406,235969.0,2024年6月,亿元
202407,273725.9,2024年7月,亿元
202408,312451.7,2024年8月,亿元
202409,353564.0,2024年9月,亿元
202410,398960.3,2024年10月,亿元
202411,442723.3,2024年11月,亿元
202412,487894.8,2024年12月,亿元
202501,,2025年1月,
202502,83730.6,2025年2月,亿元
202503,124671.1,2025年3月,亿元
202504,161845.2,2025年4月,亿元
202505,203171.0,2025年5月,亿元
202506,245458.4,2025年6月,亿元
202507,284238.5,2025年7月,亿元
202508,323906.2,2025年8月,亿元
202509,365877.2,2025年9月,亿元
202510,412168.5,2025年10月,亿元
202511,456066.6,2025年11月,亿元
202512,501202.4,2025年12月,亿元
202601,,2026年1月,
202602,86078.9,2026年2月,亿元
202603,127694.9,2026年3月,亿元
202604,164941.5,2026年4月,亿元
202605,206031.4,2026年5月,亿元
202606,248722.1,2026年6月,亿元
202607,287744.4,2026年7月,亿元
202608,327568.8,2026年8月,亿元
